state,year,quarter,p2p_amount,retail_amount,utility_amount,p2p_count,retail_count,utility_count,registered_users,registered_merchants
andaman-&-nicobar-islands,2018,1,15513455.551771518,1848410.3295102227,1207260.323170079,2297.0,6656.0,136.0,9292,
andaman-&-nicobar-islands,2018,2,30744177.30506663,3511612.7506313515,1261485.808650783,4383.0,10462.0,217.0,12739,
andaman-&-nicobar-islands,2018,3,59724958.86573778,4636739.004343481,2981726.8423904683,7608.0,13138.0,408.0,15949,
andaman-&-nicobar-islands,2018,4,96899260.68219608,7469343.384946894,3614453.453516159,12260.0,18359.0,520.0,20050,
andaman-&-nicobar-islands,2019,1,113322658.71162094,8596448.53402566,4433622.77843368,15423.0,24638.0,665.0,24369,5.0
andaman-&-nicobar-islands,2019,2,147031315.43187344,11684888.200027674,4638592.410453087,18528.0,27418.0,818.0,28099,9.0
andaman-&-nicobar-islands,2019,3,136433844.7112736,9303261.124080405,5691191.116865713,17346.0,21707.0,1570.0,31181,22.0
andaman-&-nicobar-islands,2019,4,153165110.298888,8737412.792066216,8938140.80493423,19490.0,18325.0,3850.0,33871,34.0
andaman-&-nicobar-islands,2020,1,159741233.71285078,12529811.082064983,8756303.866879353,19682.0,23473.0,5949.0,36875,55.0
andaman-&-nicobar-islands,2020,2,166776847.66930902,19545158.586792476,10930551.064741788,23455.0,43610.0,11620.0,41393,67.0
andaman-&-nicobar-islands,2020,3,334973608.15923077,42364469.24439745,14745764.312034247,48650.0,76639.0,18700.0,50005,76.0
andaman-&-nicobar-islands,2020,4,617700235.1702638,87452304.29247552,27006783.04050333,95937.0,132834.0,43234.0,61520,187.0
andaman-&-nicobar-islands,2021,1,806540347.2883372,112077368.12192363,43830157.95790008,130833.0,86168.0,99269.0,69111,329.0
andaman-&-nicobar-islands,2021,2,905182683.7746009,143189222.21331862,57359121.18818939,167435.0,123565.0,166972.0,77369,406.0
andaman-&-nicobar-islands,2021,3,1232300793.5452323,230795549.98857903,67708850.32078207,231422.0,169369.0,186637.0,85547,589.0
andaman-&-nicobar-islands,2021,4,1567798133.6227083,368579676.67848885,75816868.38886881,300209.0,259587.0,162945.0,94375,1110.0
andaman-&-nicobar-islands,2022,1,1893472517.2149887,476954261.9172399,82992500.45325463,397423.0,396140.0,204932.0,102605,1618.0
andaman-&-nicobar-islands,2022,2,2460576139.9419093,653262174.9291698,115629850.03782275,537340.0,629016.0,253200.0,111074,2036.0
andaman-&-nicobar-islands,2022,3,2793281865.2751703,797560084.4862237,136390365.3426937,698789.0,866124.0,312058.0,119671,2469.0
andaman-&-nicobar-islands,2022,4,3143303090.7875686,1020572932.3307438,149736033.28276455,822471.0,1130336.0,310348.0,127606,2740.0
andaman-&-nicobar-islands,2023,1,3385680244.921925,1108835637.0895226,161789897.6599417,882980.0,1254352.0,312565.0,134328,2880.0
andaman-&-nicobar-islands,2023,2,3778615360.8951864,1274082954.908365,183985465.1784634,997058.0,1593082.0,349028.0,141172,3030.0
andaman-&-nicobar-islands,2023,3,3867448704.7294426,1368002212.5437598,194132309.93837917,1138133.0,1795799.0,360081.0,148091,3143.0
andaman-&-nicobar-islands,2023,4,4549122187.262817,1759268239.2394202,230332035.0154667,1353803.0,2204624.0,362786.0,155470,3205.0
andaman-&-nicobar-islands,2024,1,4890201738.765525,1954703577.178416,228179716.7951702,1467728.0,2483253.0,377365.0,162750,3255.0
andaman-&-nicobar-islands,2024,2,5162158154.0415325,2072879652.7262447,260225403.35229686,1548283.0,2830230.0,417077.0,170651,3440.0
andaman-&-nicobar-islands,2024,3,5302737435.265448,2070761616.0674696,292707590.3251203,1730844.0,3128743.0,434919.0,178309,3739.0
andaman-&-nicobar-islands,2024,4,6136436300.439975,2481524882.9257965,316771541.97845095,1988874.0,3637868.0,453059.0,184669,4041.0
andaman-&-nicobar-islands,2025,1,6340234515.915836,2502525496.556294,319382590.4770886,2042168.0,3813109.0,476805.0,190713,4344.0
andaman-&-nicobar-islands,2025,2,6083764058.930067,2492429112.308087,317262267.1716582,1943344.0,3953793.0,478132.0,196844,4589.0
andaman-&-nicobar-islands,2025,3,5987445028.796866,2450833410.1140356,352059550.06020766,2062721.0,4184644.0,484457.0,203056,4894.0
andaman-&-nicobar-islands,2025,4,6940894153.206369,3006463522.8985558,430340132.5522865,2368365.0,4719538.0,521632.0,209295,5260.0
andaman-&-nicobar-islands,2026,1,7309540774.152678,3151423541.120183,466542074.37311816,2444181.0,4993199.0,527121.0,214818,5541.0
andaman-&-nicobar-islands,2026,2,6919716967.907633,3057475220.283496,465102854.636179,2318395.0,4915599.0,519101.0,220759,5789.0
andhra-pradesh,2018,1,12240195598.365974,1399789736.8780491,361085871.48101455,3470494.0,6888562.0,503773.0,2979027,30.0
andhra-pradesh,2018,2,23508496914.21012,1997270127.222042,849721558.6855456,5367902.0,8191674.0,1137792.0,3941740,140.0
andhra-pradesh,2018,3,36912048477.86053,2270015172.8517704,1106629847.299339,17848404.0,9823208.0,1591118.0,4841052,9605.0
andhra-pradesh,2018,4,52891909539.82443,3597313104.7495456,1453941462.2139916,19562957.0,14242724.0,1916648.0,6134766,28877.0
andhra-pradesh,2019,1,90765950511.21124,5137363403.173556,2138883952.82676,43527491.0,21565529.0,2888424.0,7399826,117391.0
andhra-pradesh,2019,2,132848849845.70235,8789415469.061436,3220818000.455343,41431019.0,29006645.0,2803995.0,8379878,202343.0
andhra-pradesh,2019,3,159660136797.86392,12510521016.959248,4869658117.274415,49997866.0,38574125.0,4461164.0,9369779,282013.0
andhra-pradesh,2019,4,228673344761.69086,18839555775.579308,6770993321.060511,73565940.0,48905204.0,8291836.0,10528985,355373.0
andhra-pradesh,2020,1,293219560970.77124,25753304148.447426,9555197112.375233,86063489.0,58613484.0,14509601.0,11664133,413286.0
andhra-pradesh,2020,2,334281400440.19324,32882376987.781883,13448528903.32977,94711506.0,58995509.0,22577871.0,12828761,443589.0
andhra-pradesh,2020,3,513947389670.1229,53839104966.40083,17608984015.605423,136309737.0,90557252.0,24510120.0,14049378,523633.0
andhra-pradesh,2020,4,663199285940.3143,75401456430.28206,22037928658.47608,178466683.0,118472460.0,29154133.0,15263807,669451.0
andhra-pradesh,2021,1,716653096220.1884,82759457094.47568,27984023265.917984,187035752.0,122228605.0,51307542.0,16309736,778520.0
andhra-pradesh,2021,2,927829825258.4785,103373510690.33716,36519467539.585205,244005532.0,137701586.0,69008588.0,17327874,835962.0
andhra-pradesh,2021,3,1049054258625.8699,138303222601.05695,42224303205.05412,283896229.0,195005296.0,73567732.0,18380260,913133.0
andhra-pradesh,2021,4,1042992560724.562,157162774883.99747,40950541166.518906,288996866.0,223299270.0,64264055.0,19405303,1003391.0
andhra-pradesh,2022,1,1324402943762.77,193230061446.52255,48001862333.111694,359825164.0,295596425.0,70133038.0,20341205,1087914.0
andhra-pradesh,2022,2,1499434873679.222,236219012585.7199,57831988032.92065,402016237.0,357185042.0,81131062.0,21272937,1160039.0
andhra-pradesh,2022,3,1615640055543.1492,277017192718.0835,66745271537.235,442266221.0,425082142.0,89069693.0,22199210,1223491.0
andhra-pradesh,2022,4,1667439499794.4644,291089183587.983,70137776041.61502,470505491.0,468020065.0,91912723.0,23102641,1272711.0
andhra-pradesh,2023,1,1858594515192.1406,316722904887.86694,76489974934.73862,515228601.0,526737073.0,96759239.0,23903359,1291077.0
andhra-pradesh,2023,2,2068118513732.0432,347884097452.54254,93701377087.34503,573773696.0,613447829.0,107815790.0,24687258,1318135.0
andhra-pradesh,2023,3,2164307097889.6428,387467306729.4782,102786014632.14882,623522468.0,730559498.0,113563012.0,25473637,1365791.0
andhra-pradesh,2023,4,2272745802538.289,425607560852.9048,113501661927.53525,673686762.0,800499764.0,114111280.0,26160960,1424574.0
andhra-pradesh,2024,1,2437655805202.796,464366453697.3639,116483628212.71187,722183330.0,907194749.0,120349511.0,26931791,1500986.0
andhra-pradesh,2024,2,2545981192981.997,506844392506.85077,132848399657.3906,748936609.0,1043588059.0,128360994.0,27773775,1563902.0
andhra-pradesh,2024,3,2555374646257.539,530220311285.228,141912176587.07898,803007628.0,1154960340.0,128090297.0,28578957,1619870.0
andhra-pradesh,2024,4,2723642149366.8696,576586512076.162,154307909609.36945,872939105.0,1284541504.0,135289441.0,29497544,1683203.0
andhra-pradesh,2025,1,2900427019839.6875,595084392377.1418,171284311055.59003,926759367.0,1349213113.0,146913770.0,30313656,1740695.0
andhra-pradesh,2025,2,2961548468456.4717,635118418801.311,184854052313.8567,935539501.0,1445602514.0,149776958.0,31181805,1794867.0
andhra-pradesh,2025,3,2943072244565.38,672188566378.8623,199434737399.4018,979073292.0,1575163628.0,146091968.0,32097241,1846994.0
andhra-pradesh,2025,4,3057714960314.354,727380609254.9849,215010757178.62662,1018086782.0,1696774348.0,147848451.0,32906085,1916104.0
andhra-pradesh,2026,1,3312089285888.966,794181428195.733,243452858928.82135,1077713980.0,1812911085.0,156804770.0,33598777,1971965.0
andhra-pradesh,2026,2,3493292328363.7217,874378874522.2871,256026172035.94608,1109707075.0,1978617733.0,157632055.0,34327612,2031948.0
arunachal-pradesh,2018,1,100106050.69601512,11630869.088574527,272787.0378895986,15540.0,40846.0,186.0,26660,
arunachal-pradesh,2018,2,218040979.1398114,19985066.895706624,1567961.4136905838,30899.0,69003.0,956.0,39517,
arunachal-pradesh,2018,3,361106876.33230317,26397492.274637625,2844669.26291852,56490.0,102215.0,1622.0,53503,
arunachal-pradesh,2018,4,551863399.6052133,41934985.285773486,3478084.732753476,78292.0,141727.0,2197.0,71555,2.0
arunachal-pradesh,2019,1,708843415.3802242,49391943.52019468,4699030.382277647,114051.0,175799.0,3373.0,88991,27.0
arunachal-pradesh,2019,2,998209237.5753416,66008443.11777704,6188570.690542959,148005.0,235969.0,3321.0,108855,81.0
arunachal-pradesh,2019,3,1203419109.9408553,72061415.66220428,15130587.328627035,187127.0,246085.0,22910.0,128047,153.0
arunachal-pradesh,2019,4,1554181904.0581872,79834932.27963962,30804511.924135324,248720.0,245850.0,76238.0,146946,195.0
arunachal-pradesh,2020,1,1786974149.528533,97457640.07224388,44137365.43131894,282980.0,284879.0,128283.0,169049,245.0
arunachal-pradesh,2020,2,2245390326.2109804,167727755.10215804,66624271.34761126,340273.0,407472.0,224384.0,198449,290.0
arunachal-pradesh,2020,3,3044427398.1248016,230744818.11669534,70883405.66356106,475422.0,466194.0,218466.0,228945,315.0
arunachal-pradesh,2020,4,3823892537.391588,281510022.088138,90579221.72315848,611037.0,498430.0,284318.0,257285,364.0
arunachal-pradesh,2021,1,4364283927.578818,319859004.86536753,140842728.88697693,717820.0,268630.0,525290.0,279538,432.0
arunachal-pradesh,2021,2,5259428892.438826,430913945.8937972,183942756.50788608,1019755.0,357066.0,749967.0,303657,565.0
arunachal-pradesh,2021,3,6496888203.9589,644112068.0788856,217989579.11850983,1295459.0,445416.0,812004.0,327708,863.0
arunachal-pradesh,2021,4,6688484212.847013,848090592.3919425,228961578.25079614,1394700.0,624665.0,761738.0,353110,1555.0
arunachal-pradesh,2022,1,8431570479.502369,1213984321.5428307,270295885.44847566,1814764.0,974159.0,854235.0,378277,2475.0
arunachal-pradesh,2022,2,10064354020.649572,1719362758.949329,311415622.4648111,2362702.0,1560097.0,982108.0,406742,3763.0
arunachal-pradesh,2022,3,11109403462.223898,2179521270.9681797,347472060.0928934,3089113.0,2127733.0,1108609.0,436558,7280.0
arunachal-pradesh,2022,4,11777534655.814371,2545372063.9158983,374731406.2153811,3542488.0,2753357.0,1178436.0,465208,9833.0
arunachal-pradesh,2023,1,13437468713.054745,2962604076.6794558,392287985.02200335,3962069.0,3193883.0,1260713.0,493307,10591.0
arunachal-pradesh,2023,2,16037191094.270794,3868143792.085184,454018762.4706393,4985211.0,4518172.0,1413721.0,521967,11544.0
arunachal-pradesh,2023,3,16762630617.285736,4360837225.960386,513670364.3748132,6019719.0,5692334.0,1515279.0,552339,13508.0
arunachal-pradesh,2023,4,19026613643.76567,5162465655.079903,582873672.6161299,6810909.0,6707771.0,1565683.0,584620,15170.0
arunachal-pradesh,2024,1,20297775994.341846,5752553999.356636,642984820.5018914,7377899.0,7729487.0,1761139.0,623413,16887.0
arunachal-pradesh,2024,2,22815675313.909077,6816566167.881161,734808227.2243292,8264639.0,9939346.0,1906208.0,670071,18807.0
arunachal-pradesh,2024,3,23192051384.07518,7428333021.3110485,819807529.6908386,10063903.0,12397130.0,2058012.0,712965,20805.0
arunachal-pradesh,2024,4,25822103124.055893,8222589629.560476,884994048.3434718,10737577.0,13968413.0,2084116.0,743265,22873.0
arunachal-pradesh,2025,1,26813086463.35316,8454654943.378321,956107195.9325476,10857782.0,15250004.0,2299656.0,772957,24793.0
arunachal-pradesh,2025,2,27643886032.930893,9911906409.441982,1017109387.8757071,11005299.0,17910730.0,2235425.0,803428,26579.0
arunachal-pradesh,2025,3,29979448149.664356,11188580612.237747,1127712063.9830122,12684279.0,21332176.0,2317779.0,834455,28636.0
arunachal-pradesh,2025,4,30909100846.09617,11535106085.410067,1186793113.0116506,12859718.0,20914837.0,2328499.0,865553,30529.0
arunachal-pradesh,2026,1,31041684020.550102,11659632921.829725,1227816610.815425,12775009.0,20987088.0,2412789.0,894421,32620.0
arunachal-pradesh,2026,2,32170896129.349693,13992245529.04863,1331805822.9586844,13494356.0,24690742.0,2447416.0,951240,35125.0
assam,2018,1,1186924047.118826,189085942.54930878,15565101.250725273,367018.0,917663.0,11201.0,449118,
assam,2018,2,2409964946.0327225,298439178.55836654,44304999.4255633,602513.0,1336377.0,58011.0,669433,
assam,2018,3,3879648785.6750345,378038610.70343864,79484980.68073568,907160.0,1729859.0,89515.0,900297,12.0
assam,2018,4,5988469054.887114,605785723.1318527,99462398.12908512,1425542.0,2764241.0,106444.0,1200972,58.0
assam,2019,1,7641141027.737144,664720871.873915,125076438.64801428,2043007.0,2757939.0,146609.0,1461630,2157.0
assam,2019,2,9716138028.871708,796375391.8799789,156927782.6523491,2242546.0,3193461.0,149400.0,1719942,6178.0
assam,2019,3,11369016776.517593,875767755.1466801,301514134.39884603,2646141.0,3051698.0,356634.0,1997575,8036.0
assam,2019,4,13321353917.639404,853705761.9914622,424024614.8586037,3109608.0,2890501.0,891749.0,2240183,9805.0
assam,2020,1,17119634279.402054,1183784053.8192055,561231056.1241894,3723043.0,3406812.0,1545036.0,2534072,11386.0
assam,2020,2,17317287526.421005,1777631474.8497684,813452406.329763,3693429.0,4571702.0,2761829.0,2938372,12767.0
assam,2020,3,23137596180.477337,2312224073.557622,918671401.4831023,4865545.0,4773287.0,2322970.0,3266212,14007.0
assam,2020,4,31716827555.193657,3161617570.9682646,1135365086.183422,6673162.0,5154466.0,2956856.0,3615153,18200.0
assam,2021,1,38825399621.983604,3783287496.6582174,1724631842.6515703,8037741.0,3579513.0,5700478.0,3929145,41335.0
assam,2021,2,44671708956.20358,4765705607.930681,2416445990.8377576,9999466.0,4119253.0,8502474.0,4267940,70790.0
assam,2021,3,53499764245.62204,7278565079.784382,3227412132.5014114,12915370.0,6486596.0,9291264.0,4661558,115235.0
assam,2021,4,64091870334.879654,10376969400.275354,3352084986.414167,15760519.0,10034417.0,9233797.0,5099567,178337.0
assam,2022,1,90133302659.5852,16163444485.234835,4076971297.2095413,22622208.0,16994856.0,10408631.0,5551092,254792.0
assam,2022,2,102000243112.71205,20504661830.51574,4589818092.247853,28055767.0,24578300.0,12166210.0,6021618,312828.0
assam,2022,3,118029810285.06055,26820923202.821663,5822444506.078704,35183163.0,34972826.0,14185524.0,6517957,375732.0
assam,2022,4,134147548021.9758,31957503214.296555,6281243253.942713,40692233.0,41152378.0,15240015.0,6999042,428380.0
assam,2023,1,166680940763.5238,38643954776.468925,7100599447.140171,48450507.0,49721049.0,17044791.0,7478158,468585.0
assam,2023,2,182933328397.19922,44075550342.92614,8252664463.368139,57867509.0,62198937.0,19532756.0,7935267,498188.0
assam,2023,3,185012014050.43414,48800811274.30323,9655216302.232512,66738687.0,80789947.0,20749479.0,8451423,538577.0
assam,2023,4,217119731090.9958,58068704894.25728,10630010056.444412,79931097.0,93896583.0,20524429.0,9011333,574112.0
assam,2024,1,244371165918.07275,65698909312.36518,11136799999.924507,91156112.0,108690485.0,22782397.0,9619049,611691.0
assam,2024,2,258569727206.37753,74215013284.72882,12452241395.65348,105567953.0,143706811.0,25314244.0,10259479,645880.0
assam,2024,3,244189815253.5426,74579926884.107,14550390591.36288,112086581.0,159283968.0,26379142.0,10865707,683854.0
assam,2024,4,282407857879.87585,84627619470.64844,15246699935.912266,129253234.0,178000773.0,25832036.0,11341543,725330.0
assam,2025,1,336788696063.1076,95393470156.00003,17080344941.693253,148257710.0,202129241.0,31062214.0,11808496,761966.0
assam,2025,2,325697337347.401,100513227584.14102,17809295161.74906,152460784.0,228314633.0,31747436.0,12266826,794454.0
assam,2025,3,319860884865.33484,104826606769.10977,19790239992.761154,163168524.0,257785154.0,33608696.0,12771675,832239.0
assam,2025,4,335697694598.261,111962613632.69647,20583065177.83132,173912850.0,262799498.0,32082813.0,13282617,886076.0
assam,2026,1,375451797905.4099,125154947189.45413,22357986842.442986,187964652.0,280234793.0,35281902.0,13764766,925132.0
assam,2026,2,365913888391.6631,129968718141.15704,23813472820.048767,196477566.0,314710936.0,37936564.0,14095525,984328.0
bihar,2018,1,6370984464.352457,878752827.2044792,69031817.00032617,2402724.0,4816218.0,48864.0,2173873,2.0
bihar,2018,2,14329235091.554424,1439734180.0352306,219294866.52948177,3988478.0,6197442.0,248659.0,3075993,4.0
bihar,2018,3,21483849895.333675,1384699523.9629416,307233790.0564733,9964049.0,6195903.0,347261.0,3846555,79.0
bihar,2018,4,30021762375.033607,2143327258.5340884,398007100.2584014,9133500.0,8778363.0,412736.0,4894391,780.0
bihar,2019,1,41437276300.444954,2409638845.0327177,536622839.36429393,17822554.0,10134940.0,620729.0,5903371,47091.0
bihar,2019,2,56462296825.01355,3855638879.1115923,752248711.4583571,15127981.0,13444865.0,639972.0,6750778,136642.0
bihar,2019,3,58447436871.49278,4427535078.475287,1163842307.2254097,14075183.0,14352593.0,1264920.0,7595450,192625.0
bihar,2019,4,82407463586.30508,4988365052.794287,1712347482.1001818,23834576.0,13833728.0,3299582.0,8557982,237558.0
bihar,2020,1,97441114523.99834,6907458254.761826,2267465203.175734,22185121.0,16415988.0,5455724.0,9579162,287792.0
bihar,2020,2,117745201602.22449,9577383483.204472,3006920750.9022727,26487666.0,18443012.0,9024105.0,10810307,310562.0
bihar,2020,3,155556544704.2381,15672547616.252895,4198252862.2950134,37372584.0,26489558.0,8917471.0,11972054,376344.0
bihar,2020,4,209052295431.7222,24616828774.88288,5759957132.904346,49315343.0,37187582.0,11193683.0,13128377,527212.0
bihar,2021,1,239577613158.9112,29297805888.26821,8506895122.171409,57601479.0,33189718.0,20899510.0,14274751,734157.0
bihar,2021,2,321380940326.9004,40395565631.2697,12529720268.875004,78237915.0,42188486.0,32501986.0,15401467,873547.0
bihar,2021,3,334131286277.5516,50504254398.76271,13533659575.163368,92724849.0,60516429.0,31570844.0,16692841,1100249.0
bihar,2021,4,373714846467.3999,66786278846.14114,15371985351.970598,102626865.0,80117478.0,28850796.0,17989043,1305682.0
bihar,2022,1,500204764163.7777,87869366377.00702,19706154912.055634,137367506.0,110204201.0,31793367.0,19351497,1548974.0
bihar,2022,2,605277701199.921,114722978468.8818,21818765294.43192,161392512.0,149362668.0,40232225.0,20671708,1703453.0
bihar,2022,3,603785799739.7572,119740151961.8884,24206844158.260437,180096829.0,172516214.0,45468409.0,22066926,1848624.0
bihar,2022,4,703266663443.4142,150801875020.0727,27078717991.826057,211334089.0,219181745.0,48045808.0,23466284,1983316.0
bihar,2023,1,835873300629.263,170297462830.0274,31718089340.77512,245637029.0,256728191.0,54933265.0,24855994,1998018.0
bihar,2023,2,979563951429.0671,207204687598.18295,38143622722.929184,293573878.0,339365938.0,65606677.0,26174400,2036559.0
bihar,2023,3,907924136837.0789,198372125582.76654,41707905164.77739,311733910.0,364225692.0,68033312.0,27578408,2114351.0
bihar,2023,4,1121244267620.5176,262945529835.2564,52673563122.33756,394950650.0,471333078.0,73025892.0,29113524,2194129.0
bihar,2024,1,1274304847819.7268,296927855143.96936,62609586033.82802,455919236.0,544022949.0,86165652.0,30849769,2272717.0
bihar,2024,2,1451226076429.3994,355302105832.3967,71685317876.41507,529175031.0,693433446.0,99126252.0,32631512,2362109.0
bihar,2024,3,1357964976036.6426,340257852548.95996,76702732721.01842,547856063.0,710563604.0,96191519.0,34194093,2458579.0
bihar,2024,4,1591638531150.502,416639776317.45056,84640201531.41452,641897466.0,820470734.0,97440319.0,35663071,2553973.0
bihar,2025,1,1596209863563.3354,399494365621.02356,88342692239.44046,629038929.0,800286778.0,101340524.0,37257833,2640021.0
bihar,2025,2,1784030089259.2131,475999343673.49475,96248269257.37694,703844449.0,980327979.0,109613379.0,38792069,2722198.0
bihar,2025,3,1587177059609.07,444266986063.6959,98658066519.54399,695549121.0,1002602349.0,105850547.0,40492727,2811281.0
bihar,2025,4,1789270748413.2866,543812835365.73267,109631875930.94054,793555664.0,1119034346.0,109996353.0,42344157,2921494.0
bihar,2026,1,1860846794464.4946,560405282325.375,116086816003.76755,833487914.0,1152850594.0,112264306.0,43855409,2994241.0
bihar,2026,2,1942426119648.5984,614969202086.779,120745993670.78491,879874401.0,1295213536.0,113963936.0,44813491,3076811.0
chandigarh,2018,1,339914689.7657925,42316968.442861766,11275457.639460467,86598.0,135274.0,2103.0,84504,
chandigarh,2018,2,575310533.109709,62003528.70183264,26748395.741251618,139093.0,171635.0,8832.0,113150,2.0
chandigarh,2018,3,862647077.1949478,68954230.23926513,39996396.65390888,205970.0,197262.0,14687.0,141119,6.0
chandigarh,2018,4,1191865813.3336225,108100774.93100083,54073641.907196596,304514.0,279421.0,19324.0,175644,17.0
chandigarh,2019,1,1480680717.8389728,126326146.01049125,71856077.18053569,485410.0,360000.0,31410.0,207673,6750.0
chandigarh,2019,2,1895639275.9360218,221376962.5012315,97468444.36768939,506704.0,534131.0,40446.0,240155,15994.0
chandigarh,2019,3,2241110281.9264026,269774788.339832,185451786.99935278,607651.0,746995.0,73559.0,268117,18880.0
chandigarh,2019,4,2684657340.6272664,321178087.0470257,240810758.05731636,722134.0,812438.0,128746.0,292017,21146.0
chandigarh,2020,1,2717041595.868698,366826188.0603478,250966118.60348156,707916.0,890041.0,178573.0,316683,24121.0
chandigarh,2020,2,1774896899.1678374,286535721.0136777,171682123.1455306,425584.0,500782.0,172129.0,341687,25176.0
chandigarh,2020,3,2816928522.6994805,549357858.1400183,265701568.9659497,675369.0,925689.0,186053.0,368783,28162.0
chandigarh,2020,4,3662517297.1404943,854438415.7777212,343882965.9423818,902711.0,1450083.0,258048.0,396747,31497.0
chandigarh,2021,1,4217268590.859275,1003312488.0297465,418658391.55545604,1088211.0,1728889.0,473914.0,420246,34879.0
chandigarh,2021,2,4241118229.0675654,1017650749.5868504,429650023.8854281,1110497.0,1673769.0,552658.0,442163,37747.0
chandigarh,2021,3,5383339567.766507,1588989846.2549834,526492969.37902594,1505884.0,2650201.0,639374.0,465065,39808.0
chandigarh,2021,4,5431221967.852525,1838714388.3902788,490801523.3477371,1508876.0,2956450.0,547261.0,487572,41069.0
chandigarh,2022,1,6356058064.018999,2167855282.648013,537124807.4863007,1784924.0,3654287.0,586867.0,509170,42930.0
chandigarh,2022,2,7372023314.410317,2648100493.855604,604357369.8837402,2128206.0,4970069.0,663607.0,529517,44644.0
chandigarh,2022,3,8246525664.07631,3216191511.090807,726798154.8095758,2527240.0,5882444.0,765462.0,550651,46291.0
chandigarh,2022,4,8456540349.229464,3544847686.9348154,719124736.3785231,2607319.0,6381514.0,755871.0,569949,47980.0
chandigarh,2023,1,8927943692.791168,3667239924.6274543,725557091.7358154,2723528.0,6679868.0,779399.0,587987,47270.0
chandigarh,2023,2,10084884453.212471,4086069502.708396,830780665.177249,3155761.0,8001836.0,845048.0,605280,48825.0
chandigarh,2023,3,10539566293.451569,4554364963.48314,884647955.6154056,3525766.0,9100188.0,888688.0,622265,49865.0
chandigarh,2023,4,10911551521.56141,5031119046.243446,972499572.4324951,3600977.0,9344696.0,839308.0,639168,50833.0
chandigarh,2024,1,10568202027.870966,5032455928.731865,940432433.4457154,3544955.0,9276490.0,845616.0,660057,52271.0
chandigarh,2024,2,11567654688.03838,5702157482.674397,1028691922.7154293,4105222.0,11519996.0,945062.0,682073,53545.0
chandigarh,2024,3,12144478726.642738,6052898655.770284,1201087569.8867035,4542561.0,12269851.0,1018070.0,703169,54821.0
chandigarh,2024,4,12855331546.098246,6559129601.997088,1217379577.9737787,4741956.0,12890043.0,1013894.0,721374,56177.0
chandigarh,2025,1,13333109998.462858,6587677932.307805,1318754234.4457016,5030048.0,13786138.0,1115029.0,739749,57875.0
chandigarh,2025,2,13338519899.8829,6497659997.024847,1349478931.145965,4978557.0,14246760.0,1030151.0,757963,59143.0
chandigarh,2025,3,13843269054.567312,7025275261.373009,1529166754.252012,5537474.0,15506364.0,1105728.0,776162,60176.0
chandigarh,2025,4,14648607139.925442,7601505237.964993,1611624290.3428206,5748592.0,15785608.0,1093710.0,794106,61497.0
chandigarh,2026,1,14513993367.764397,7582428441.866196,1688034953.3708043,5753972.0,15927532.0,1138785.0,811491,62840.0
chandigarh,2026,2,15289686888.9889,8132749166.987701,1810855672.715648,6189470.0,17838348.0,1109237.0,829123,64346.0
chhattisgarh,2018,1,2199424450.7202754,338270442.4517413,62719577.66367968,639043.0,1589599.0,79932.0,686395,10.0
chhattisgarh,2018,2,4345256541.86434,537558773.7104872,137572759.6219744,1072278.0,2124217.0,183975.0,967619,17.0
chhattisgarh,2018,3,6451134637.324331,580296706.685226,188357371.07276106,1798955.0,2435063.0,278528.0,1229445,27.0
chhattisgarh,2018,4,9626783124.04478,872005328.5120766,256482611.80247933,2623941.0,3372461.0,356824.0,1584333,828.0
chhattisgarh,2019,1,12633669608.33778,980947178.8722672,309540800.2896508,4296607.0,4062272.0,447231.0,1925189,23858.0
chhattisgarh,2019,2,16503405313.262173,1361661066.5028129,381191794.5758914,4418365.0,5256226.0,467315.0,2212185,48515.0
chhattisgarh,2019,3,19119241933.42723,1726263827.0973592,571122195.3147383,5228457.0,6394057.0,837626.0,2488075,65116.0
chhattisgarh,2019,4,25385146250.63431,2241189830.883694,836791021.5801977,7300968.0,7244686.0,1811639.0,2780915,82700.0
chhattisgarh,2020,1,28456900970.186348,3076920516.1918325,1057074133.2345296,7781097.0,8600738.0,2711559.0,3094859,99397.0
chhattisgarh,2020,2,32203052810.64556,3971217616.4122953,1450120869.071852,8442089.0,8614241.0,3952782.0,3484888,105658.0
chhattisgarh,2020,3,42839534553.48503,6020586808.801028,1857405996.4025812,12041208.0,12030721.0,4210764.0,3897665,120657.0
chhattisgarh,2020,4,58558268200.87431,10151551263.973019,2378291823.7794766,16417563.0,18163320.0,5223775.0,4302482,153533.0
chhattisgarh,2021,1,68390611332.8906,13086702723.98989,3560607742.1868725,19316584.0,19091610.0,10222266.0,4682835,185878.0
chhattisgarh,2021,2,78058194775.76451,15979624167.123646,4749198822.971389,23437224.0,19178737.0,14858951.0,5078626,198995.0
chhattisgarh,2021,3,99499740606.44696,23693485284.03457,5663499446.814711,31909232.0,33321770.0,15486870.0,5517110,234841.0
chhattisgarh,2021,4,107259337940.64285,29698463598.03321,5939746042.620514,35131434.0,42220296.0,13634340.0,5951381,278371.0
chhattisgarh,2022,1,141720336371.81226,39195901284.535034,7269784033.518572,45584964.0,57726019.0,15340629.0,6380734,321437.0
chhattisgarh,2022,2,160672636405.20227,48154530023.61329,8313919806.111185,52204431.0,73440835.0,18004384.0,6782654,353970.0
chhattisgarh,2022,3,170314587802.615,52183614996.599335,9836928176.518215,61107108.0,87352711.0,20317816.0,7211969,390945.0
chhattisgarh,2022,4,194665962701.71442,61778156867.15517,10718672750.324045,69413479.0,102175844.0,21052451.0,7618238,425290.0
chhattisgarh,2023,1,221276268653.86865,66166419693.63317,12101372198.624039,76789266.0,113977816.0,23918375.0,8004123,443733.0
chhattisgarh,2023,2,243309053293.7799,74406227375.2309,13743470449.964737,86943045.0,136171929.0,27053139.0,8375641,457643.0
chhattisgarh,2023,3,251762398611.28284,82148157995.35437,15323574495.4424,97126941.0,158512662.0,27931179.0,8766380,476302.0
chhattisgarh,2023,4,287921577367.01697,99469897291.36981,16872123833.628119,110933299.0,183166600.0,28461939.0,9160798,494172.0
chhattisgarh,2024,1,330275902030.3138,113386320406.94305,19367928537.40054,124650369.0,209330663.0,32670030.0,9676480,518348.0
chhattisgarh,2024,2,347372864362.27997,126772976226.53365,21193685393.288826,134770237.0,241644172.0,36083364.0,10160209,542535.0
chhattisgarh,2024,3,342222461356.3998,128573992754.84366,25131241007.308952,146277797.0,260777393.0,36086655.0,10587536,566499.0
chhattisgarh,2024,4,398333402706.46814,149840330219.5924,27198344082.406624,166440802.0,296276945.0,37316174.0,10962228,593346.0
chhattisgarh,2025,1,412319347410.806,144381936256.64523,28935560914.55092,164285124.0,292745236.0,41684435.0,11341270,617762.0
chhattisgarh,2025,2,402008315155.81885,153727687156.20544,29221148058.36684,166802677.0,320942200.0,42493171.0,11716582,639801.0
chhattisgarh,2025,3,390633327973.07587,156299005139.77493,32498032996.625614,179010025.0,346929895.0,41810158.0,12105416,662495.0
chhattisgarh,2025,4,429735402767.80164,174934922143.60156,34633663697.192986,194816642.0,369466099.0,41418377.0,12478219,687021.0
chhattisgarh,2026,1,462304732500.98254,182176255365.59518,37502090879.16752,199909355.0,381331900.0,44200445.0,12825130,701882.0
chhattisgarh,2026,2,449961160989.97925,191348370115.37585,37091821355.91428,199041865.0,402505854.0,44653852.0,13192734,715816.0
dadra-&-nagar-haveli-&-daman-&-diu,2018,1,173922810.93770158,24948334.23040723,4867363.158124156,48727.0,124310.0,2712.0,46505,
dadra-&-nagar-haveli-&-daman-&-diu,2018,2,293723370.6416336,33572404.964676365,12424637.82031374,75693.0,150355.0,7282.0,62632,1.0
dadra-&-nagar-haveli-&-daman-&-diu,2018,3,435737334.31896126,42424847.55864592,16566104.203027183,125652.0,190778.0,10687.0,79851,5.0
dadra-&-nagar-haveli-&-daman-&-diu,2018,4,631929303.1922213,62916164.34445451,24102879.206641648,207646.0,240461.0,12612.0,101702,9.0
dadra-&-nagar-haveli-&-daman-&-diu,2019,1,873419568.1768848,68511994.70455506,30647048.735031884,463399.0,285372.0,16689.0,122413,139.0
dadra-&-nagar-haveli-&-daman-&-diu,2019,2,967478586.1172,85245153.88679248,34573296.7171056,320409.0,324440.0,15630.0,139004,1779.0
dadra-&-nagar-haveli-&-daman-&-diu,2019,3,1127757512.0271516,93514062.99208686,57540452.12475542,340048.0,371757.0,42282.0,155873,3393.0
dadra-&-nagar-haveli-&-daman-&-diu,2019,4,1425683989.9855833,102520282.2244871,87165323.30676733,439004.0,375567.0,102306.0,174634,4426.0
dadra-&-nagar-haveli-&-daman-&-diu,2020,1,1534425694.1009822,145900422.44347167,102741983.06915921,449715.0,459843.0,149809.0,193453,5118.0
dadra-&-nagar-haveli-&-daman-&-diu,2020,2,1386584598.5423698,172035286.74727154,107254586.61550687,427476.0,483124.0,218092.0,217392,5435.0
dadra-&-nagar-haveli-&-daman-&-diu,2020,3,1842684104.4258578,267066774.948902,136803066.4370658,553718.0,633739.0,194133.0,239161,7224.0
dadra-&-nagar-haveli-&-daman-&-diu,2020,4,2519992787.534582,425716810.3837665,172047228.28510273,780882.0,1023837.0,269757.0,264058,9628.0
dadra-&-nagar-haveli-&-daman-&-diu,2021,1,2987393172.6444125,488662440.7362417,243676339.24685007,981563.0,969125.0,517520.0,284780,11346.0
dadra-&-nagar-haveli-&-daman-&-diu,2021,2,3233341875.2592144,549028863.815704,275842453.28669035,1108625.0,1065450.0,640807.0,304287,11960.0
dadra-&-nagar-haveli-&-daman-&-diu,2021,3,4233929473.387965,902103260.8246441,351769262.772539,1642468.0,1727177.0,761155.0,326668,13043.0
dadra-&-nagar-haveli-&-daman-&-diu,2021,4,4558102365.961362,1177490391.8723516,337606420.1573523,1752030.0,2297983.0,668701.0,349265,14300.0
dadra-&-nagar-haveli-&-daman-&-diu,2022,1,5756569583.282944,1494674837.551186,378839231.5065365,2194931.0,3219540.0,685309.0,369790,15792.0
dadra-&-nagar-haveli-&-daman-&-diu,2022,2,6266782101.437123,1849919115.1206656,432198480.79924077,2354655.0,4326687.0,750002.0,390083,16607.0
dadra-&-nagar-haveli-&-daman-&-diu,2022,3,7163400206.38326,2321778789.2197475,531749624.9640998,2905787.0,5333300.0,928626.0,410533,17115.0
dadra-&-nagar-haveli-&-daman-&-diu,2022,4,7949488605.452898,2695242971.231616,565651690.9761795,3196176.0,6545310.0,926056.0,431261,17526.0
dadra-&-nagar-haveli-&-daman-&-diu,2023,1,8690839834.769295,2895571914.906807,598150735.936276,3455321.0,7186722.0,985895.0,449889,17162.0
dadra-&-nagar-haveli-&-daman-&-diu,2023,2,9403111214.955456,3192629793.2630506,698237300.1023753,3776627.0,8303022.0,1059690.0,467310,17453.0
dadra-&-nagar-haveli-&-daman-&-diu,2023,3,10186035993.268154,3610567625.778575,785693398.5544412,4410140.0,9373489.0,1162740.0,484521,18026.0
dadra-&-nagar-haveli-&-daman-&-diu,2023,4,11696943827.101442,4394972815.938164,891618537.391061,5097316.0,11546558.0,1206838.0,502992,18911.0
dadra-&-nagar-haveli-&-daman-&-diu,2024,1,12927838666.149841,4904448704.477424,933179220.2111424,5816338.0,13145056.0,1392162.0,522738,20267.0
dadra-&-nagar-haveli-&-daman-&-diu,2024,2,13396294280.088585,5091943194.875149,982288600.9738746,6167656.0,14877323.0,1482566.0,542235,21337.0
dadra-&-nagar-haveli-&-daman-&-diu,2024,3,14166475339.182072,5312801024.847244,1119430849.1581168,6931855.0,15976900.0,1543426.0,560853,22497.0
dadra-&-nagar-haveli-&-daman-&-diu,2024,4,15714527912.616547,6005434215.304943,1185286200.916429,7537976.0,18263646.0,1552401.0,579259,23494.0
dadra-&-nagar-haveli-&-daman-&-diu,2025,1,15381613050.452007,5748924506.022295,1216433795.741664,7221487.0,18323342.0,1562980.0,597015,24269.0
dadra-&-nagar-haveli-&-daman-&-diu,2025,2,15697142321.501778,6173896051.839803,1275098641.2109911,7216216.0,19481392.0,1527743.0,613335,24909.0
dadra-&-nagar-haveli-&-daman-&-diu,2025,3,16656596145.799404,6601960167.100299,1414797727.6914208,8208256.0,21544940.0,1690805.0,630853,25741.0
dadra-&-nagar-haveli-&-daman-&-diu,2025,4,17843302200.57017,6864792130.831701,1487016855.6618056,8706241.0,22194792.0,1645644.0,647249,26635.0
dadra-&-nagar-haveli-&-daman-&-diu,2026,1,18365631011.367126,6982981705.038947,1595154558.7468367,9026170.0,23012051.0,1680935.0,661947,27377.0
dadra-&-nagar-haveli-&-daman-&-diu,2026,2,17760169467.527782,7135173536.138385,1657169648.0755792,8616843.0,22891864.0,1527516.0,685445,27992.0
delhi,2018,1,6613992284.600445,1148984698.5722213,508394810.21996593,1615875.0,2985448.0,260065.0,1954765,35.0
delhi,2018,2,10705276058.987059,1674224616.104566,985088769.1934346,2449953.0,3933398.0,506635.0,2581867,1582.0
delhi,2018,3,15638095034.731197,2613651174.5518723,1706152494.9070094,3857294.0,7857195.0,860477.0,3271387,20830.0
delhi,2018,4,24140960272.660408,4622198284.567203,2261485270.585554,6896926.0,16093319.0,1860729.0,4336314,122312.0
delhi,2019,1,34913555078.46779,6224432708.54089,3162670528.154049,13271887.0,20659076.0,2963382.0,5182927,291072.0
delhi,2019,2,45424390322.526535,9314644671.152843,4229828493.4022827,14006642.0,25329627.0,3677505.0,5845734,377636.0
delhi,2019,3,56924131935.82279,11239237226.551504,8305625997.148831,17777669.0,32091616.0,5872908.0,6463153,457771.0
delhi,2019,4,73172930044.70358,10701074648.996319,9778026268.105232,22990805.0,31670633.0,7887397.0,6975942,535746.0
delhi,2020,1,79643697565.12839,12398014613.550798,9256207125.792097,23652153.0,33050230.0,8215685.0,7506500,620971.0
delhi,2020,2,62176284868.57231,11742361243.95334,7081687503.486639,19831287.0,25679771.0,6930252.0,8071753,662128.0
delhi,2020,3,99923705586.27753,18161602168.056664,11694162769.293404,29703975.0,36733987.0,7424548.0,8702719,806650.0
delhi,2020,4,137657058710.51184,26604889258.919285,13477649399.133898,39937336.0,50818263.0,10505343.0,9361847,956264.0
delhi,2021,1,159960330930.0562,30330419267.654118,15377680320.739393,46702955.0,56615267.0,16835054.0,9968730,1076714.0
delhi,2021,2,157762948535.56097,29794539964.782265,14943987143.104588,48255308.0,54742475.0,18473500.0,10538375,1126168.0
delhi,2021,3,221326121339.71634,45769301103.46325,21020350819.261585,67534917.0,82693069.0,22523596.0,11160288,1228686.0
delhi,2021,4,238511455799.33386,54797023087.60566,18837003591.962708,69394557.0,91396064.0,19381497.0,11796958,1313333.0
delhi,2022,1,290358593974.25073,65920349212.4068,20096780828.376175,84352873.0,118196322.0,20602963.0,12414526,1422784.0
delhi,2022,2,337367962271.49725,81700616850.92065,23946955799.75454,97270927.0,159256415.0,24135356.0,12974749,1511233.0
delhi,2022,3,376772418407.59564,98636196166.26532,31706088608.42137,114108021.0,193226144.0,28810329.0,13539000,1557751.0
delhi,2022,4,412210552611.67444,112404157621.94623,31422987101.984715,121689844.0,213906227.0,29427236.0,14081903,1593056.0
delhi,2023,1,458028820879.5006,121313029656.01613,32173479383.219826,134544771.0,241528649.0,32210985.0,14595060,1500599.0
delhi,2023,2,495941983754.56287,129247536089.43745,36334755912.00261,150932258.0,293401714.0,35543813.0,15072030,1518643.0
delhi,2023,3,520576287385.6996,144799573808.67517,42009041794.48242,166704530.0,339588954.0,38169781.0,15541397,1545075.0
delhi,2023,4,584988930790.5793,169985173073.26645,45059130526.547806,184185421.0,373762989.0,38030327.0,16011335,1569273.0
delhi,2024,1,600721954771.1904,187508137199.01968,44796786305.64227,196018058.0,411667423.0,41003547.0,16600851,1610556.0
delhi,2024,2,637068836354.2264,207239240263.8697,51437891875.32538,219740879.0,509081017.0,45492460.0,17177363,1648369.0
delhi,2024,3,671865064849.4386,223350915074.8234,65678830427.21243,242375284.0,552938672.0,49397556.0,17734636,1677600.0
delhi,2024,4,744703563662.6298,248904926072.35602,65216051851.69355,261111396.0,597843647.0,51136394.0,18256126,1707724.0
delhi,2025,1,762233475223.4039,246077008868.07806,67385225958.08297,270766003.0,618162326.0,58066232.0,18767127,1736526.0
delhi,2025,2,740416272198.686,249841974687.52698,69139349365.76556,270015501.0,662259192.0,56078668.0,19263783,1766050.0
delhi,2025,3,758269517331.4297,269528345722.08527,82515676925.47958,293655235.0,714113988.0,61548053.0,19764135,1796474.0
delhi,2025,4,798960173880.069,286065578349.8772,85592900072.04367,299388404.0,727159498.0,61435469.0,20229290,1835425.0
delhi,2026,1,786226510832.888,285358645173.2632,86140469828.58182,296399539.0,729639080.0,61742114.0,20688029,1864615.0
delhi,2026,2,788970305372.6831,297272270584.85706,90318390519.361,306838191.0,802878308.0,62188327.0,21250201,1893905.0
goa,2018,1,310536052.23286796,34823549.82725595,3706755.8401621096,66717.0,115688.0,978.0,97236,
goa,2018,2,471809490.7501093,54220801.88759233,9572153.782816034,96965.0,155786.0,4759.0,128359,1.0
goa,2018,3,705058399.8624825,66761711.43530022,12930494.776342005,161853.0,206471.0,8189.0,160129,4.0
goa,2018,4,1128994262.6471426,118946446.865731,19503060.335480757,268194.0,301078.0,10375.0,204229,231.0
goa,2019,1,1540894595.8259363,154768961.85554752,33620208.430851,442149.0,405891.0,21039.0,248825,766.0
goa,2019,2,1900979217.6254444,216078095.09677684,47971583.95144659,510080.0,527008.0,29378.0,290801,1863.0
goa,2019,3,2332499708.247799,255827932.74583995,95042983.35279098,649002.0,625843.0,77114.0,331094,3458.0
goa,2019,4,3384078979.629251,358502884.4831424,172556157.06434244,959581.0,742233.0,199647.0,370015,4792.0
goa,2020,1,3821555533.939994,473180121.1979971,197255866.45560712,1095516.0,920792.0,292336.0,410941,5584.0
goa,2020,2,2233504878.533367,332384440.0055257,149255751.01184732,629488.0,763049.0,347749.0,451839,6457.0
goa,2020,3,3049124095.680682,520047755.90529764,196589249.12605613,847145.0,966368.0,319592.0,499358,7492.0
goa,2020,4,5930909081.452722,1319712025.886392,314574563.3806375,1695904.0,1953066.0,497313.0,553679,9461.0
goa,2021,1,8620518353.688997,2069116577.4787273,488842668.3224066,2574988.0,2615744.0,978889.0,596406,11748.0
goa,2021,2,6715796538.132618,1619857190.6634598,449071896.2735516,2032902.0,2174178.0,1136351.0,634949,12752.0
goa,2021,3,8645137242.722237,2427523988.2154765,546148040.8793132,2861832.0,3288618.0,1267079.0,677726,14847.0
goa,2021,4,13584946479.15039,4456412842.244863,702164625.7760279,4502621.0,5639629.0,1323738.0,720435,17696.0
goa,2022,1,15875191370.21629,5294159342.0660715,766596116.5166826,5223491.0,7310623.0,1394762.0,759279,20221.0
goa,2022,2,17676315842.617714,6258135771.36121,943735904.8004849,5658819.0,8797632.0,1565643.0,796871,21786.0
goa,2022,3,18067302313.098553,6700475073.702237,1044017318.8822618,6030389.0,10069731.0,1681161.0,835257,23829.0
goa,2022,4,23343772326.222736,8952887540.397871,1205798495.5616136,7786510.0,13577360.0,1856794.0,871837,25200.0
goa,2023,1,24782822186.65268,9321363838.650578,1166548793.9485207,8076526.0,14541027.0,1908727.0,904953,25609.0
goa,2023,2,26989476119.05048,10305424527.268555,1320263326.4550257,8592814.0,16228200.0,2043786.0,935702,26285.0
goa,2023,3,25735977910.63273,10334137414.25667,1380265196.744306,8489626.0,16701945.0,2057103.0,967033,27362.0
goa,2023,4,30357599365.89698,12500698100.045464,1536909833.5859876,10436608.0,21043935.0,2163377.0,1001527,28389.0
goa,2024,1,31108151676.00746,12788395634.23257,1549138115.4228384,10733878.0,22126561.0,2285672.0,1039130,29320.0
goa,2024,2,32156518359.72537,13694370360.739586,1668520670.5833526,10934962.0,23876060.0,2371417.0,1078255,30281.0
goa,2024,3,30760016491.36801,13437421733.723087,1793564569.9947011,10857503.0,23713527.0,2395328.0,1117049,31250.0
goa,2024,4,37718960190.534454,16806830557.782478,2111950444.7605386,13498885.0,30230530.0,2589479.0,1151724,32281.0
goa,2025,1,39556762155.04491,17031672278.39053,2218777517.2146273,14131627.0,32194383.0,2867963.0,1185550,33494.0
goa,2025,2,36764507637.62322,16381605082.804695,2223336859.9262238,12632826.0,30469355.0,2669494.0,1218114,34446.0
goa,2025,3,35810476598.59219,16133449858.346573,2394937636.7766457,12865476.0,30620188.0,2665063.0,1252705,35183.0
goa,2025,4,42411166200.74965,18707949941.26777,2694200725.8649597,14936827.0,35239184.0,2775581.0,1289056,35734.0
goa,2026,1,45050668406.35262,19293193291.584454,2980145782.5700717,15481410.0,36831929.0,2855777.0,1325289,36079.0
goa,2026,2,45463068165.06054,20474518612.544815,3152221526.6400623,14983673.0,37488228.0,2736896.0,1347940,36404.0
gujarat,2018,1,6762137481.102274,1134586522.8238597,300866206.4375081,1830544.0,4636584.0,168384.0,2813458,23.0
gujarat,2018,2,10651072387.829233,1684265079.149573,704278948.9668446,2611334.0,5503458.0,461319.0,3729318,112.0
gujarat,2018,3,16038431059.0648,1874519965.284636,952518228.8130181,5489933.0,6110333.0,641837.0,4601012,274.0
gujarat,2018,4,22475442724.82301,2779154354.84725,1217540524.0364153,6833499.0,8704983.0,769597.0,5796205,1087.0
gujarat,2019,1,31830456973.84762,3410640248.8722563,1606666130.13561,13774066.0,11548425.0,1132735.0,6920980,50733.0
gujarat,2019,2,38772998449.40402,5186350748.119178,2171195598.2231646,11595434.0,15025058.0,1171086.0,7878532,218360.0
gujarat,2019,3,45589287054.42612,6391485229.123528,3885402181.3548374,13435353.0,21282425.0,2150621.0,8815169,379073.0
gujarat,2019,4,60844661776.39328,6496668606.27363,5735741429.003649,17984643.0,18884739.0,4541135.0,9739656,479820.0
gujarat,2020,1,69446094217.86783,8816943803.388903,5914243267.884684,18268400.0,22371270.0,6372515.0,10722212,575783.0
gujarat,2020,2,55751777854.7558,9521225109.131428,5693366756.681842,15009269.0,21301458.0,8469098.0,11915415,623195.0
gujarat,2020,3,85200104694.16922,14551839048.062368,8196745783.242428,22093055.0,28750957.0,7929243.0,13038677,757523.0
gujarat,2020,4,113092134669.80682,21857512542.228,10093579035.79671,28915624.0,37351915.0,11083263.0,14183614,915535.0
gujarat,2021,1,140133012341.4268,25497393739.665836,13063048886.273935,35155051.0,36594813.0,21245003.0,15212633,1057340.0
gujarat,2021,2,156153025527.05435,31203447408.707214,15704035068.243153,39949396.0,41144828.0,27647135.0,16194721,1139225.0
gujarat,2021,3,202343821553.0212,45832164206.23178,18698965906.869717,54390293.0,61450401.0,30725112.0,17323185,1237105.0
gujarat,2021,4,214167319546.482,57984242783.6033,18612406225.751488,56399845.0,71950994.0,27265731.0,18430583,1293971.0
gujarat,2022,1,280237976815.8032,73854424688.61642,21083579862.536137,74150580.0,98716618.0,29300212.0,19483483,1418981.0
gujarat,2022,2,312466795978.4444,88015554298.54364,24709677454.09206,82061815.0,126999953.0,33804215.0,20492610,1508860.0
gujarat,2022,3,353341748102.84106,108862452440.2586,30256767842.84704,100513268.0,157589389.0,40067690.0,21579615,1575338.0
gujarat,2022,4,393365591191.5841,122421777096.2709,32252120001.519684,108856133.0,179290320.0,40928065.0,22608675,1624532.0
gujarat,2023,1,436812018987.6222,133026414972.74902,33024222004.80917,121055664.0,204120466.0,43825872.0,23551635,1582606.0
gujarat,2023,2,470670264353.22546,141708353851.60684,38210355596.72904,132213776.0,245264196.0,47973734.0,24442139,1606526.0
gujarat,2023,3,508855967473.9337,161827076541.3655,42653648567.882614,151993907.0,282686065.0,50932042.0,25381367,1639176.0
gujarat,2023,4,568262112287.967,186803414836.13202,48329716059.65257,167346113.0,323807182.0,51225825.0,26346004,1672361.0
gujarat,2024,1,619601605795.4789,211956788762.37778,49461711883.96463,188201304.0,369258483.0,56638527.0,27405423,1734621.0
gujarat,2024,2,639387141728.2634,226554987061.83627,53086503357.79835,199975569.0,441428904.0,60516982.0,28470147,1790863.0
gujarat,2024,3,672681661804.3927,236324174541.72534,61250489615.300446,225932859.0,473594132.0,64160595.0,29515495,1845568.0
gujarat,2024,4,751713713924.8728,263381399652.86072,67135355895.28967,244412869.0,522588190.0,64354451.0,30455926,1897442.0
gujarat,2025,1,777747496706.7205,262523109769.7559,70587121960.1921,261049938.0,569309965.0,71901303.0,31378561,1942361.0
gujarat,2025,2,738410752728.0293,265781701670.59943,70059869954.2934,251082446.0,602292300.0,66134130.0,32256294,1982430.0
gujarat,2025,3,788243563657.4872,288971222650.20703,78417731943.17357,289978000.0,684049224.0,71326567.0,33195778,2020150.0
gujarat,2025,4,848179638521.8336,301650891249.64813,85033852619.73384,305349338.0,672395110.0,70450414.0,34132806,2064443.0
gujarat,2026,1,889541066017.2048,316078132789.73895,88769378212.81226,333335610.0,720203459.0,73998228.0,34953549,2100808.0
gujarat,2026,2,875847066384.0886,330648008438.8225,91193812865.43333,330324037.0,757197417.0,70381232.0,36083882,2136458.0
haryana,2018,1,6466324259.880962,921962662.2857671,192412980.3611545,1735441.0,3258301.0,50655.0,1988481,4.0
haryana,2018,2,10756226947.410044,1283102502.2169936,482200088.3174615,2579978.0,4054740.0,232435.0,2621706,168.0
haryana,2018,3,15697762780.228771,1435055516.3517344,732026846.6028346,3891786.0,4806047.0,337486.0,3194626,3949.0
haryana,2018,4,24320375715.122402,2323379573.2382464,1006500206.0911402,6368684.0,7602117.0,555261.0,3994128,29642.0
haryana,2019,1,34271499920.528263,2967221795.9857273,1353273188.0664718,14454322.0,10298565.0,883953.0,4759566,120132.0
haryana,2019,2,44489556337.047264,4791865213.642747,1813305597.8687372,12805219.0,14367720.0,1125662.0,5414773,192408.0
haryana,2019,3,53165539846.18116,5946595828.171164,3768014081.9824142,14597118.0,19464332.0,2072737.0,6054463,260991.0
haryana,2019,4,70114406431.91519,6949531617.42273,5365266370.777965,19453976.0,21364196.0,3922821.0,6642686,318003.0
haryana,2020,1,79202979083.63593,9261885732.042034,5787254726.7343025,21051976.0,25036070.0,5251155.0,7305629,376341.0
haryana,2020,2,74100532066.87581,10065412913.467943,5066979862.667367,19749837.0,20771849.0,5978008.0,7982067,404251.0
haryana,2020,3,105267409721.62671,15493827672.955091,7587338414.735865,29036906.0,32099499.0,6230451.0,8695590,495270.0
haryana,2020,4,142624913100.8062,23379747026.02908,10134267689.14429,37925384.0,44510568.0,8902670.0,9406195,596567.0
haryana,2021,1,156973368055.86383,25524850909.498516,12184611186.093536,43022006.0,46819759.0,15942911.0,10053988,689584.0
haryana,2021,2,187026471885.18204,31013340907.454784,14272764619.079763,51942602.0,52047541.0,20392290.0,10686682,752220.0
haryana,2021,3,218968089449.37064,43049444164.4685,17320036008.685314,66050125.0,77143949.0,22571715.0,11374312,835658.0
haryana,2021,4,239058815319.4356,52811212051.51834,17724691591.464275,67543542.0,85064659.0,20117157.0,12047369,918155.0
haryana,2022,1,297357808870.64557,65206757033.41636,20118029167.213234,85153388.0,112255341.0,23133103.0,12718254,1026068.0
haryana,2022,2,340396093513.9016,80785604379.00717,23025729214.80062,96613876.0,148317828.0,26335681.0,13329477,1106393.0
haryana,2022,3,372378622091.2698,97921218155.96616,28823462125.875374,113184007.0,182189584.0,30545383.0,13974131,1171324.0
haryana,2022,4,408014744751.1925,111365543602.20192,30808783385.03018,117778439.0,197287674.0,31355451.0,14567786,1231301.0
haryana,2023,1,443905213421.02246,117590247541.95135,31542557725.365273,128988482.0,219069526.0,34370284.0,15150515,1205359.0
haryana,2023,2,496357889909.42505,129880209803.29529,36901020459.149445,147501959.0,273061935.0,37873831.0,15685619,1231314.0
haryana,2023,3,499108718474.3445,140711814331.11206,39667739543.445526,156895804.0,306428250.0,38692273.0,16228788,1272783.0
haryana,2023,4,572357451608.4054,168323942142.4078,45771027288.82871,175660164.0,339854772.0,40280339.0,16779114,1309518.0
haryana,2024,1,584426895622.0225,181462515046.18695,45965151754.146545,188138732.0,373122494.0,44836765.0,17427671,1349876.0
haryana,2024,2,648072244216.3668,209196597270.43042,51930503266.71114,214631303.0,476635703.0,49105924.0,18087186,1395864.0
haryana,2024,3,649710907772.4258,216424879926.3836,61077871545.91739,231883044.0,513982387.0,51465693.0,18729218,1436920.0
haryana,2024,4,725783034449.5459,244242746239.3102,65913669150.53643,245119637.0,546237947.0,52743722.0,19313789,1480933.0
haryana,2025,1,736915658946.1289,236889312633.46994,68579591176.21408,248265982.0,552381807.0,56985955.0,19907909,1522080.0
haryana,2025,2,767096768188.8385,255449802151.29462,71055112742.08694,259001315.0,627408882.0,55088912.0,20473762,1559622.0
haryana,2025,3,750328852718.9094,267785248240.76047,80329829878.9602,276948829.0,676587870.0,58279648.0,21056009,1596852.0
haryana,2025,4,817881389400.7981,292681917669.33057,86780875715.30179,286824452.0,679431344.0,58933440.0,21615414,1643434.0
haryana,2026,1,804919583028.2795,290668993975.4584,87933257046.6683,288242452.0,682240539.0,60386295.0,22159437,1672054.0
haryana,2026,2,851905761320.7651,317501866545.9623,94101050589.26193,302949383.0,768184781.0,59580774.0,22839223,1706826.0
himachal-pradesh,2018,1,561321896.1156349,84556046.93619494,7696953.607353948,155307.0,374817.0,2024.0,232961,
himachal-pradesh,2018,2,1071983164.9170972,129464954.27247986,20007344.649603993,244789.0,495410.0,12426.0,321663,2.0
himachal-pradesh,2018,3,1580813699.1562047,141976210.16565654,31748139.919863,359835.0,591381.0,31853.0,411528,1.0
himachal-pradesh,2018,4,2501862226.075375,234311245.43838388,46419338.22722897,614646.0,826781.0,45038.0,536663,17.0
himachal-pradesh,2019,1,3083347062.2650476,265620861.79734063,74477319.3078519,1174821.0,1063259.0,77081.0,664582,358.0
himachal-pradesh,2019,2,4295404468.075302,377548268.36276275,98863842.10231985,1109932.0,1399651.0,85275.0,782863,3990.0
himachal-pradesh,2019,3,4862610349.346999,400398318.71187246,165445139.2825199,1136295.0,1483897.0,180023.0,895546,7828.0
himachal-pradesh,2019,4,6211556102.768544,514787381.06128347,259053207.50270614,1525082.0,1623659.0,444274.0,1005852,11892.0
himachal-pradesh,2020,1,6171762633.286866,691978382.2402248,332244004.07294416,1548749.0,1973218.0,713544.0,1132310,14466.0
himachal-pradesh,2020,2,6495509542.366001,928263508.4230182,418059450.2807702,1491543.0,2214649.0,1142256.0,1275538,15575.0
himachal-pradesh,2020,3,9080365018.904428,1327209844.724596,498130968.6042366,2021110.0,2795882.0,1060966.0,1408247,18895.0
himachal-pradesh,2020,4,11608951266.523659,2043815974.2486672,660090587.7701017,2642942.0,3543029.0,1462519.0,1534598,24496.0
himachal-pradesh,2021,1,12224209415.950352,2167269258.322501,892579967.4199035,3080132.0,2729674.0,2606950.0,1638990,31399.0
himachal-pradesh,2021,2,14141846152.477747,2753643487.363762,1108344191.6402247,3654848.0,3324890.0,3693667.0,1741024,38403.0
himachal-pradesh,2021,3,17349224906.15679,3862750854.5476985,1247131497.025847,4692458.0,4599348.0,3705835.0,1846491,50357.0
himachal-pradesh,2021,4,17639778924.84311,4896690156.893055,1205572973.8866744,4865930.0,5779795.0,3104536.0,1950122,63178.0
himachal-pradesh,2022,1,19589779814.850983,5765581347.913996,1384593351.806942,5795846.0,7493598.0,3274250.0,2050007,75280.0
himachal-pradesh,2022,2,24425570779.701717,7860605916.809366,1594827169.4713552,7197331.0,11288487.0,3748312.0,2145736,86078.0
himachal-pradesh,2022,3,25647862036.4685,8214388219.897854,1779480651.507576,7859922.0,12331466.0,4191848.0,2243636,94578.0
himachal-pradesh,2022,4,27184004891.39645,9696052501.8265,1801495423.492003,8530434.0,15080061.0,3996602.0,2334678,103146.0
himachal-pradesh,2023,1,26985352018.79802,9482839429.315975,1820536706.8838387,8712826.0,15826198.0,4052173.0,2420834,105878.0
himachal-pradesh,2023,2,33341269752.11728,12096395116.427338,2154947681.15314,10883052.0,21622495.0,4460264.0,2502650,109661.0
himachal-pradesh,2023,3,29579529036.302704,10965645791.664158,2014252641.1318164,10089367.0,20360373.0,4275412.0,2584543,113340.0
himachal-pradesh,2023,4,33528991383.4748,13376978324.14599,2249692751.4347525,11483554.0,25051506.0,4080214.0,2677484,116857.0
himachal-pradesh,2024,1,33001710466.101242,13392856602.319359,2272654186.11398,11816852.0,24834607.0,4160326.0,2783894,120041.0
himachal-pradesh,2024,2,40678734821.93235,17190095164.614952,2775577075.796061,14982368.0,34599835.0,4924706.0,2904980,126235.0
himachal-pradesh,2024,3,38147357695.79736,15766881950.078274,2837796990.2541633,14456119.0,31103167.0,4690964.0,3013084,130210.0
himachal-pradesh,2024,4,42496725659.43588,18315553666.1071,2971431494.7055917,15664730.0,33892927.0,4538144.0,3099424,133259.0
himachal-pradesh,2025,1,42592601603.43727,17717002837.888096,3217993015.714382,16289890.0,36211260.0,5175278.0,3187150,136228.0
himachal-pradesh,2025,2,45382170735.963005,19844869270.539185,3516434555.2784657,17252603.0,41619250.0,5031057.0,3270465,139315.0
himachal-pradesh,2025,3,41808056337.83125,18148603326.679848,3518915180.0558405,16586359.0,38757665.0,4977567.0,3355425,142979.0
himachal-pradesh,2025,4,47073841034.50168,20891889990.09402,3850767177.126138,18434338.0,39612159.0,4856000.0,3444065,147497.0
himachal-pradesh,2026,1,45353944680.008545,19709400980.095886,4028460699.3053384,18652821.0,39046196.0,5034304.0,3529338,150358.0
himachal-pradesh,2026,2,53132098062.76816,24236863923.83679,4699185083.220638,21564394.0,47984389.0,5304226.0,3592809,154191.0
jammu-&-kashmir,2018,1,501607524.7098432,86001413.51644047,5014151.977096491,265236.0,389224.0,1703.0,256997,2.0
jammu-&-kashmir,2018,2,1068705480.4685309,128482963.90845193,16078174.560985688,495778.0,571507.0,19492.0,380192,2.0
jammu-&-kashmir,2018,3,1983925360.5197096,132637661.4020693,24778061.86104199,757932.0,484480.0,34797.0,476825,8.0
jammu-&-kashmir,2018,4,2848408678.830835,214362508.02118215,39044229.88585433,548498.0,673367.0,46651.0,601895,21.0
jammu-&-kashmir,2019,1,3211125512.7675858,230141843.18609938,57005229.83185772,969595.0,772422.0,86148.0,740329,1545.0
jammu-&-kashmir,2019,2,4994337227.654128,331697489.23035085,77178459.87734668,1056876.0,989235.0,73051.0,864680,5604.0
jammu-&-kashmir,2019,3,2800678712.9868035,164208131.99504703,61620131.776526764,476173.0,432043.0,39568.0,911309,6323.0
jammu-&-kashmir,2019,4,1052562776.278028,58100887.7867388,42767112.49940262,152003.0,75857.0,44221.0,934260,6435.0
jammu-&-kashmir,2020,1,2440975076.898938,176776820.44973338,99979675.74977963,392979.0,285108.0,174338.0,1010260,6711.0
jammu-&-kashmir,2020,2,6545452965.147438,614116904.3912461,226247234.55266383,1113996.0,830419.0,533819.0,1132400,7274.0
jammu-&-kashmir,2020,3,9320837858.110073,845268732.8829591,282345337.00809556,1579112.0,1130325.0,554350.0,1249897,13647.0
jammu-&-kashmir,2020,4,12178153990.45664,1271207849.216887,412466362.2506673,2151666.0,2498216.0,1047336.0,1396218,21742.0
jammu-&-kashmir,2021,1,12421126686.472548,1662421500.3014293,605909121.943563,2422378.0,1821330.0,2575293.0,1549842,37358.0
jammu-&-kashmir,2021,2,15896101169.61694,2252611794.311126,881596368.0871395,3376159.0,2461450.0,3921511.0,1701193,45615.0
jammu-&-kashmir,2021,3,20571759172.862503,3479814855.181258,1090177123.701365,4549759.0,3104332.0,4492677.0,1855715,60539.0
jammu-&-kashmir,2021,4,21208704855.39742,4614412955.432423,1215490492.0182207,4805709.0,4460916.0,4185175.0,2040417,89313.0
jammu-&-kashmir,2022,1,24517948432.632095,6025424189.8015785,1373162877.985224,6090704.0,6333871.0,4507844.0,2232542,122511.0
jammu-&-kashmir,2022,2,33687817335.050552,8378249797.001965,1786911406.3604102,8551984.0,10304279.0,5709975.0,2422700,147683.0
jammu-&-kashmir,2022,3,39501037631.28801,10555402137.672558,2182159958.499691,10903528.0,13247341.0,6805168.0,2603073,167970.0
jammu-&-kashmir,2022,4,40417335880.73078,12060581099.540554,2472656857.3350334,11572484.0,18526673.0,7329984.0,2801460,191336.0
jammu-&-kashmir,2023,1,41145105138.56743,13306091163.293955,2538183542.5112567,12550695.0,21801222.0,7886467.0,2995581,211380.0
jammu-&-kashmir,2023,2,56909261438.61043,17585065725.37503,3436497493.751874,18040047.0,31290114.0,9735287.0,3178196,227949.0
jammu-&-kashmir,2023,3,62711253072.31735,20941967941.063866,3947358294.661673,20679778.0,35773150.0,11048892.0,3356452,242043.0
jammu-&-kashmir,2023,4,65970583490.79892,24490842359.87243,4426942604.72126,21009113.0,41933534.0,10731946.0,3588585,250758.0
jammu-&-kashmir,2024,1,63691038047.13582,26837353833.598625,4443780111.5866785,21727328.0,45932216.0,10129715.0,3840608,264241.0
jammu-&-kashmir,2024,2,88033940273.91222,36618954376.72433,5577268514.706987,30644374.0,68626394.0,12818698.0,4103216,276715.0
jammu-&-kashmir,2024,3,98910389303.8464,39359503548.41374,6576995594.31053,35392152.0,72576759.0,13248428.0,4334950,287841.0
jammu-&-kashmir,2024,4,109759252596.97557,44295555000.012566,6909982894.809712,37298358.0,77050079.0,12993535.0,4516651,298282.0
jammu-&-kashmir,2025,1,101510411389.74246,41368855219.211365,7315556925.585073,37620630.0,80196524.0,14639948.0,4699442,309405.0
jammu-&-kashmir,2025,2,112065665276.00803,46616656530.26812,7670322718.838783,42511800.0,98320985.0,14916288.0,4865971,321443.0
jammu-&-kashmir,2025,3,120355529642.49106,48502483361.10501,8507122327.9551525,46404338.0,101539363.0,15255239.0,5026228,333554.0
jammu-&-kashmir,2025,4,127353369952.50586,51851353345.87701,8981159107.914436,47917355.0,98610091.0,14940519.0,5205677,348390.0
jammu-&-kashmir,2026,1,115885901146.25563,47766363367.79569,8982353424.504349,46503195.0,93587796.0,14375967.0,5380456,355982.0
jammu-&-kashmir,2026,2,136514820551.84973,56421934928.14691,10091624645.520313,55206052.0,117475120.0,15060953.0,5645686,365134.0
jharkhand,2018,1,2452023299.298234,392134689.8605241,15408827.424150135,947125.0,1726726.0,4149.0,880343,
jharkhand,2018,2,4967608745.199921,551332234.8393849,43184968.29342497,1593567.0,2116672.0,45765.0,1238359,
jharkhand,2018,3,9381208802.722609,519556414.03700095,72667172.6203115,6756488.0,2349945.0,93885.0,1545612,16.0
jharkhand,2018,4,10800006100.60848,820266987.4941114,115457433.89408234,3755791.0,3314423.0,125151.0,1954512,227.0
jharkhand,2019,1,14340772375.232403,912520586.3342454,169367603.4947598,6717237.0,3804061.0,202422.0,2344245,39115.0
jharkhand,2019,2,19282849925.198223,1562246499.975954,234357887.3942786,5913940.0,5681873.0,217193.0,2680159,103275.0
jharkhand,2019,3,21366686665.242023,2221164749.5063496,409525134.7001142,6510320.0,8952523.0,481640.0,3022018,147954.0
jharkhand,2019,4,28701416402.399193,2414812293.0156507,652553472.219305,11836414.0,7431278.0,1278276.0,3396614,175728.0
jharkhand,2020,1,33843066462.17089,3257873383.2413664,905044806.9040475,9481346.0,9031137.0,2178190.0,3782690,208858.0
jharkhand,2020,2,35984010095.78927,4116331066.107876,1075470116.157989,9797276.0,8793799.0,3535284.0,4198053,223796.0
jharkhand,2020,3,50652293501.946434,6955265134.085825,1557198134.167092,14261806.0,13724440.0,3380879.0,4625467,268769.0
jharkhand,2020,4,67613377100.42494,10904674737.36035,2197374126.447978,19241235.0,20202143.0,4346894.0,5079848,344805.0
jharkhand,2021,1,79348348517.35114,13348641740.763603,3357306383.04191,22330559.0,21235684.0,8783677.0,5505298,414090.0
jharkhand,2021,2,100796966118.43706,16761027987.247307,4692017598.45189,28958156.0,22645520.0,13484679.0,5909431,450674.0
jharkhand,2021,3,114854306403.21973,22712667091.08894,5572175646.474995,36049192.0,35362822.0,14028016.0,6377290,512007.0
jharkhand,2021,4,132563946825.5931,29741900220.26744,6266229835.453867,40807294.0,46792105.0,12830291.0,6872363,571098.0
jharkhand,2022,1,175620166371.77444,39104523572.67117,7631546585.918781,53521439.0,62624486.0,14341518.0,7352042,638840.0
jharkhand,2022,2,202210210936.61395,48937132561.112915,8506296599.675014,61327193.0,79513404.0,17487019.0,7783514,682752.0
jharkhand,2022,3,211088132430.6972,52817650633.19885,9887762977.467825,70952996.0,93843062.0,20077026.0,8271861,717981.0
jharkhand,2022,4,243160629101.58112,63402740634.489624,10913346373.778578,80680000.0,112033002.0,20742620.0,8761666,747878.0
jharkhand,2023,1,284790034748.46924,70752914974.80884,12340668789.728622,92176742.0,127450739.0,23350115.0,9222109,732754.0
jharkhand,2023,2,325664212811.4519,82789886410.25919,14432149319.43586,107804978.0,157909691.0,26784523.0,9650559,745398.0
jharkhand,2023,3,318732251811.32385,85141550451.01242,15672213416.133213,116600180.0,177337898.0,27164590.0,10115548,766786.0
jharkhand,2023,4,377676528656.95776,105768169434.8736,18508101908.9752,139481501.0,211872201.0,28030186.0,10617881,786962.0
jharkhand,2024,1,422086025796.472,118994415646.51855,20731487562.300728,157990766.0,240172406.0,31791598.0,11202660,810224.0
jharkhand,2024,2,461269196100.0092,136454607587.28772,23287791610.952362,176556980.0,290437854.0,35450575.0,11765547,838391.0
jharkhand,2024,3,447243952736.0133,135394718883.01157,25754166401.98401,185937852.0,302180456.0,34315977.0,12330147,866641.0
jharkhand,2024,4,516050458648.70386,157962630178.35547,28604479426.349686,211112198.0,339852753.0,35557816.0,12847879,894994.0
jharkhand,2025,1,548473049332.9851,159046343836.28906,30732258781.998363,216904868.0,343440347.0,39049753.0,13390825,920006.0
jharkhand,2025,2,576935871822.2754,179399103168.4867,32322328072.43094,231273756.0,394139963.0,40418780.0,13882870,945687.0
jharkhand,2025,3,540573651608.4686,176241771317.80035,34867799087.142075,239848372.0,415102736.0,40092792.0,14421897,973596.0
jharkhand,2025,4,589692127815.6746,198751854456.67096,37944956859.15073,257280435.0,441921141.0,40169634.0,14935840,1007283.0
jharkhand,2026,1,625184231041.3224,209748094676.54498,40992520231.66054,266563753.0,455474383.0,42553181.0,15393721,1030825.0
jharkhand,2026,2,639889155309.756,226807152906.54874,42276384216.81342,274010191.0,498662306.0,42637464.0,15790280,1055747.0
karnataka,2018,1,15138425622.277788,1944824533.762125,554373004.2119281,4019765.0,6950094.0,289544.0,3901200,11162.0
karnataka,2018,2,26632557460.1444,3013482857.3914433,1101378315.2859857,6502018.0,8777546.0,729134.0,5226252,18604.0
karnataka,2018,3,38757903782.29774,3678831191.460791,1452236433.0351505,10890904.0,11393430.0,1117158.0,6536115,65096.0
karnataka,2018,4,58631419033.695496,7043412222.776183,2108753311.7154806,18845529.0,22411453.0,1551206.0,8476930,230749.0
karnataka,2019,1,100939152154.64288,10427230282.954544,3343238698.6409483,42558665.0,39499009.0,2599376.0,10393952,386773.0
karnataka,2019,2,147216882406.72,16878692098.29963,4669386014.141505,51792667.0,64951290.0,2874388.0,12052561,596683.0
karnataka,2019,3,190233183871.3587,24341795397.665413,8353043881.388073,70653459.0,103434009.0,5680029.0,13733198,786775.0
karnataka,2019,4,260611801526.41092,33194487631.969315,12640628622.287283,97978867.0,136538824.0,11671731.0,15440057,938176.0
karnataka,2020,1,308585539654.80286,41598831604.94139,15359753248.801159,104854727.0,155213652.0,18130058.0,17044952,1076061.0
karnataka,2020,2,268254408737.95404,41291029776.71617,13778556705.469742,83140160.0,106019637.0,23392132.0,18659833,1155989.0
karnataka,2020,3,395353098176.2494,63601811973.7056,16991255891.896965,121005509.0,155688887.0,24301811.0,20469767,1360600.0
karnataka,2020,4,536532910984.52234,97655206265.80232,22641562139.047546,166354896.0,232139007.0,30443681.0,22376108,1559103.0
karnataka,2021,1,607317559594.7719,115050862349.5914,30463372685.23238,189767892.0,278444938.0,53754469.0,24058436,1724839.0
karnataka,2021,2,674745371822.0342,120885766150.57797,35527492316.11105,213932224.0,240282738.0,73595718.0,25647896,1777995.0
karnataka,2021,3,895644769935.8502,183352768991.64868,42939998182.6559,284775729.0,382783587.0,79090457.0,27447523,1911755.0
karnataka,2021,4,933862092677.0818,204014675773.16504,44583546819.853714,299544336.0,428409513.0,73377637.0,29180661,2036736.0
karnataka,2022,1,1209246269990.4626,263803359476.2658,53582746372.095215,378524434.0,573122892.0,84078680.0,30809500,2174104.0
karnataka,2022,2,1422397939690.901,342019475659.15704,63681187583.16513,438454375.0,722776073.0,100400772.0,32374488,2291533.0
karnataka,2022,3,1563855515774.1978,394220882542.77075,75120317607.25838,506236100.0,878792459.0,114818294.0,33953647,2383894.0
karnataka,2022,4,1695117696968.7778,430198394662.939,82488103981.50792,542356761.0,973811552.0,120746351.0,35452134,2456318.0
karnataka,2023,1,1908600581569.7222,472535728148.2999,89249362878.2822,596684637.0,1108594530.0,126994552.0,36773789,2448968.0
karnataka,2023,2,2131381699246.6453,541442019326.9462,106969967474.65118,655266669.0,1254350536.0,143163466.0,38043386,2486882.0
karnataka,2023,3,2267023130166.658,603909976077.5591,114080516457.66434,733654998.0,1474542255.0,149411413.0,39411658,2549956.0
karnataka,2023,4,2457918154418.782,664982468728.772,126574659930.18468,796720335.0,1599837426.0,153913609.0,40600790,2616609.0
karnataka,2024,1,2641794785074.2104,717568836436.4249,131920922150.79855,854741628.0,1769743226.0,162229165.0,41888288,2702444.0
karnataka,2024,2,2835035229957.5293,802590103325.476,149046694170.28925,911025984.0,1944859250.0,173336590.0,43157465,2776153.0
karnataka,2024,3,2914397500508.891,833285083397.2715,164149254393.62854,985650830.0,2093950803.0,179701829.0,44350489,2853759.0
karnataka,2024,4,3095608177069.8306,888910250508.2532,174149011974.7461,1039717182.0,2233293582.0,184563072.0,45668243,2925825.0
karnataka,2025,1,3315917531595.102,922639303342.4216,189730911586.20752,1107610457.0,2427111761.0,195201067.0,46870457,2990287.0
karnataka,2025,2,3302965169299.3066,975160610524.7908,200997199620.21152,1080287597.0,2452632899.0,197160334.0,48100388,3049279.0
karnataka,2025,3,3188986776964.286,984401671625.5696,212094929313.27332,1116255213.0,2545361507.0,191298984.0,49293465,3108462.0
karnataka,2025,4,3378383855581.829,1049675356246.716,230747636411.07043,1167109048.0,2703392355.0,193787780.0,50339561,3182349.0
karnataka,2026,1,3591169346066.214,1113065757233.0935,249561502154.66492,1205710715.0,2825330293.0,197107980.0,51308731,3241683.0
karnataka,2026,2,3780873849393.4824,1240271500893.2163,271195872467.55438,1250633746.0,3033113369.0,207964808.0,52534800,3305459.0
kerala,2018,1,2128934193.2742338,261868730.47071195,29179891.416388765,598075.0,1222873.0,4424.0,776998,3.0
kerala,2018,2,3345025272.45372,374602581.1855645,64504891.03297818,828394.0,1454296.0,35445.0,1053063,8.0
kerala,2018,3,4722200000.551287,411998519.3784405,89732770.27410752,1314738.0,1718134.0,56851.0,1311720,97.0
kerala,2018,4,6992810307.413084,664954676.5924622,118232147.85272132,2056759.0,2322398.0,65447.0,1712592,172.0
kerala,2019,1,9416628712.032337,750825616.4125779,193315064.01566344,3583016.0,2906623.0,123154.0,2073323,6922.0
kerala,2019,2,11932906422.139917,1135205983.544881,349511049.80566704,3576434.0,3887749.0,198355.0,2457611,36394.0
kerala,2019,3,15005970028.799221,1464391792.382031,645059699.6165857,4285730.0,4827707.0,520130.0,2881087,55423.0
kerala,2019,4,19253290249.566032,1744318169.8695703,1016624504.1271203,6073579.0,5655198.0,1245359.0,3357041,69452.0
kerala,2020,1,21952965825.916992,2256493395.142795,1358741416.7809656,6285143.0,7087979.0,2061926.0,3898086,83256.0
kerala,2020,2,18399822135.785477,2801351061.0619183,1727581588.7624354,4835285.0,7591045.0,3254822.0,4520490,91350.0
kerala,2020,3,32456471671.4891,5099946033.272372,1991485645.489069,8342008.0,10639866.0,3320213.0,5337146,113135.0
kerala,2020,4,45807907855.80264,8898520301.000301,2863495622.2290325,12960136.0,16554145.0,4893132.0,6108425,168782.0
kerala,2021,1,56630643489.08096,10628939162.869019,4163632102.6979814,16497214.0,17500843.0,9833672.0,6650208,233096.0
kerala,2021,2,59429266354.59393,11821959578.486301,5403151807.865015,17410034.0,16995197.0,15125247.0,7167573,257555.0
kerala,2021,3,80886979286.22127,18776930736.27645,6016430056.879038,24038832.0,26792845.0,15339519.0,7726125,341400.0
kerala,2021,4,82833137751.52441,22636075140.397507,6035809349.091295,25988637.0,35632663.0,13172187.0,8323308,474428.0
kerala,2022,1,103997662655.11577,28993050084.435726,7008761840.450517,32902484.0,49169365.0,14362158.0,8855141,572466.0
kerala,2022,2,112398215750.4065,34973618823.28466,8080242107.9227295,35607788.0,57745367.0,15904350.0,9344928,632138.0
kerala,2022,3,128143496130.50795,42397120477.44929,9245200654.21946,42607631.0,72429593.0,18095993.0,9864268,684116.0
kerala,2022,4,134236659081.23694,45113045029.02496,9643422275.6502,45561057.0,81180394.0,18411745.0,10342101,727331.0
kerala,2023,1,138457039759.4488,46813386514.102516,9605155718.108025,46092010.0,85084073.0,17588686.0,10759741,749862.0
kerala,2023,2,146536025189.47137,51331190422.908394,11490508866.926985,48079475.0,90888495.0,18893067.0,11135396,763613.0
kerala,2023,3,153326589384.78857,55667483057.7164,11879882206.810022,51776040.0,100655472.0,19155551.0,11534779,788966.0
kerala,2023,4,156419056342.5794,57839806360.789505,12692601216.110294,54727019.0,108215077.0,18228626.0,11984795,817185.0
kerala,2024,1,156276117722.07333,59354788254.34983,12793587918.607306,54332511.0,109820926.0,17944266.0,12400955,847785.0
kerala,2024,2,163558837335.18118,64995185673.545105,14136628327.264553,56637815.0,120226924.0,18664818.0,12860951,876516.0
kerala,2024,3,174635503932.9835,69382688443.44196,14906282368.977634,64035147.0,131732251.0,19738562.0,13360448,908337.0
kerala,2024,4,186997170020.103,71931727511.21109,15559403297.80315,69835587.0,143632641.0,19803441.0,13798127,940307.0
kerala,2025,1,198819136061.72684,76163354637.47751,16547354674.853846,73441722.0,153309373.0,21026262.0,14209056,969176.0
kerala,2025,2,188166959536.73233,77702390746.1084,17052149947.37273,67677636.0,150007968.0,19819864.0,14603026,995224.0
kerala,2025,3,198481670835.49402,85224197588.19804,17545574920.476658,75618258.0,165209747.0,20137871.0,15022652,1020975.0
kerala,2025,4,212347974926.9717,85653526293.32594,18855449444.677803,82739665.0,177673616.0,20746377.0,15459282,1050542.0
kerala,2026,1,218434955457.22913,88877939857.00378,20045540880.747032,83964124.0,180100477.0,20551782.0,15839220,1070637.0
kerala,2026,2,216436499434.24576,97286373064.12253,21778619728.887638,82527448.0,191946358.0,20176010.0,16304760,1091604.0
ladakh,2018,1,13120718.16563946,1905135.6547369026,215146.52970237134,2100.0,5556.0,77.0,14795,
ladakh,2018,2,50904453.43724487,4803478.136457797,678999.8863029622,6677.0,11482.0,253.0,21011,
ladakh,2018,3,89142384.26085363,6448974.214670012,1898419.3759987673,11465.0,18155.0,729.0,27274,
ladakh,2018,4,142602137.4413361,12144131.855682781,2380426.2538185385,18127.0,25020.0,1351.0,35989,3.0
ladakh,2019,1,170875907.94016397,13328822.59956903,3138547.696167508,26902.0,31236.0,2132.0,44058,12.0
ladakh,2019,2,343060135.35787976,22142980.79624778,5389470.751527449,48630.0,52308.0,2456.0,51485,30.0
ladakh,2019,3,437847948.5185578,23822940.558825657,10367981.264910147,62163.0,51154.0,7701.0,56993,47.0
ladakh,2019,4,429223317.3864608,22616034.897339582,12663401.41820994,61312.0,35256.0,16642.0,62146,64.0
ladakh,2020,1,479355583.4787304,33527733.768848263,15885636.80760676,72321.0,50689.0,26498.0,68423,71.0
ladakh,2020,2,636330640.2547947,49603126.82272716,18948060.08623442,93537.0,62740.0,40125.0,74807,79.0
ladakh,2020,3,1029004672.6405818,81338223.05002853,26926287.93530099,148038.0,93272.0,50315.0,81517,89.0
ladakh,2020,4,1207138358.7583835,123180123.36476623,33932135.38887648,184000.0,147929.0,68325.0,89518,109.0
ladakh,2021,1,1171761185.9020104,137480604.15994972,41587225.16255164,194706.0,110768.0,94672.0,96146,257.0
ladakh,2021,2,1800726280.641076,245628295.65797305,62007734.76397433,313050.0,196095.0,141433.0,102914,504.0
ladakh,2021,3,2690864448.4764056,415071849.1012422,88696791.83847539,479271.0,269662.0,181030.0,109859,561.0
ladakh,2021,4,2149671366.1002836,439444035.0283141,73840391.52211438,416036.0,285865.0,155738.0,117697,612.0
ladakh,2022,1,2341149936.490332,503606169.6570382,75517803.66573639,490348.0,333285.0,168329.0,125119,683.0
ladakh,2022,2,4016936742.126376,818724501.513757,136300764.6466988,847046.0,587810.0,256115.0,131845,785.0
ladakh,2022,3,4648276251.859655,978453552.7151575,166186801.94865626,1064875.0,710428.0,302983.0,138524,856.0
ladakh,2022,4,3678277737.382833,843012982.1070366,136140793.4107571,900940.0,773705.0,262043.0,146028,891.0
ladakh,2023,1,3329064442.3682017,833109078.6192697,125010866.05637312,840723.0,794686.0,247516.0,152636,899.0
ladakh,2023,2,6194074109.649424,1366665989.4302006,229649678.1259935,1534520.0,1437079.0,424429.0,158956,922.0
ladakh,2023,3,6952580191.5153675,1740665983.4132278,272964526.9247028,1856334.0,1693969.0,515323.0,164962,972.0
ladakh,2023,4,5745786847.46586,1520938455.336734,248610216.85895514,1495868.0,1624260.0,403359.0,173131,1038.0
ladakh,2024,1,4854562905.003714,1520474470.8507104,213236265.00793806,1309880.0,1611509.0,332052.0,180765,1091.0
ladakh,2024,2,8014741503.203558,2367715812.1298532,350504832.082417,2223303.0,2943855.0,524781.0,190668,1640.0
ladakh,2024,3,9504927003.585289,2804022828.279363,424029502.24446714,2729278.0,3592229.0,641721.0,199266,2060.0
ladakh,2024,4,8079551064.446615,2481653266.4935193,367542701.78489804,2147484.0,3075686.0,509252.0,206450,2363.0
ladakh,2025,1,6367189586.696168,1865084040.8469424,340962495.4574039,1789370.0,2532508.0,508051.0,213189,2454.0
ladakh,2025,2,9214977949.986986,2779807221.119117,461727007.6120949,2676016.0,4345406.0,632290.0,219995,2479.0
ladakh,2025,3,10520027715.585917,3077452033.5927362,525608878.9921716,3175450.0,4892557.0,714259.0,225152,2530.0
ladakh,2025,4,8584384716.836355,2454557160.5662613,463819500.787393,2329612.0,3470604.0,543512.0,231656,2624.0
ladakh,2026,1,7149253785.258091,2141420127.1206706,443723093.7483882,2125414.0,3180624.0,474318.0,237706,2639.0
ladakh,2026,2,11206998816.681328,3551684896.1172237,701603489.3841361,3331223.0,5270609.0,655593.0,250921,2676.0
lakshadweep,2018,1,2928949.892456974,124822.31814255845,,576.0,548.0,,862,
lakshadweep,2018,2,8052844.852515283,365556.7410627877,211429.85876468688,1665.0,1202.0,8.0,1172,
lakshadweep,2018,3,6932206.189512467,489320.2576851023,225974.0023684178,1177.0,1481.0,18.0,1491,
lakshadweep,2018,4,8591502.22808195,617829.5729876842,297575.7529298136,1178.0,1800.0,41.0,1903,
lakshadweep,2019,1,14601838.84879085,872749.1151538313,210313.43813564925,2117.0,2458.0,47.0,2320,
lakshadweep,2019,2,15352332.44476239,1012399.2669598535,226142.85636740155,2342.0,3217.0,49.0,2763,
lakshadweep,2019,3,15669874.117028635,862174.4211606053,324018.46260795486,2600.0,2520.0,190.0,3275,1.0
lakshadweep,2019,4,18386511.061288994,900010.3914525064,436959.3240414626,3137.0,2626.0,334.0,3708,1.0
lakshadweep,2020,1,23892108.43540053,1728721.4408975712,701759.6246847571,3906.0,4060.0,763.0,4140,2.0
lakshadweep,2020,2,26409624.642850503,3872618.312120918,634971.4571208174,3849.0,6329.0,1324.0,4578,3.0
lakshadweep,2020,3,33651769.51107785,3292149.8057524376,865854.6541018533,5177.0,7289.0,1440.0,5137,4.0
lakshadweep,2020,4,43183807.581029445,3111947.548903483,1332859.4408085793,7324.0,7929.0,2419.0,5775,7.0
lakshadweep,2021,1,44614248.814339004,2934834.1369108767,1610863.3853282295,6910.0,3956.0,5199.0,6336,10.0
lakshadweep,2021,2,43100030.79380788,3638524.966843241,3003102.145669869,7419.0,3416.0,9953.0,6816,12.0
lakshadweep,2021,3,61098261.099844895,7161437.873628563,3526660.476588671,10295.0,4919.0,9413.0,7374,16.0
lakshadweep,2021,4,69434007.89974104,7672700.411089677,3654369.4031478176,11408.0,5279.0,8630.0,7965,19.0
lakshadweep,2022,1,87098755.66407016,9161838.925309248,4312470.694285765,14349.0,6831.0,9168.0,8435,23.0
lakshadweep,2022,2,83471981.06853943,10540414.008128975,4124543.057651138,15622.0,7795.0,9662.0,8885,27.0
lakshadweep,2022,3,83124974.2826798,12637790.755507803,4312866.823439529,16327.0,8822.0,9825.0,9374,31.0
lakshadweep,2022,4,91588031.86932804,11408255.765299538,4491479.942532947,17973.0,8933.0,10108.0,9808,34.0
lakshadweep,2023,1,101293603.22456622,13497795.03366942,5272883.809654548,20840.0,11319.0,11361.0,10183,34.0
lakshadweep,2023,2,109246246.69055575,19241160.839393266,6711526.017933157,22867.0,15989.0,11701.0,10584,34.0
lakshadweep,2023,3,101964564.86909252,19309574.477226198,6379680.049872445,26919.0,22701.0,12070.0,11059,34.0
lakshadweep,2023,4,133882525.2268283,34023152.04067607,8545344.284955937,36239.0,46222.0,14053.0,11676,36.0
lakshadweep,2024,1,140783218.53412393,44541320.967633665,8678746.922614636,40581.0,65567.0,14177.0,12330,56.0
lakshadweep,2024,2,152167733.93679237,52754776.32486465,9002498.942245735,43383.0,103328.0,15133.0,13251,121.0
lakshadweep,2024,3,150998391.16304433,55743214.167448804,8202700.11437422,48622.0,119755.0,15283.0,14065,183.0
lakshadweep,2024,4,201881767.76522157,67859710.24755286,9944025.683240868,60510.0,151047.0,17263.0,14725,226.0
lakshadweep,2025,1,237594165.7087245,79301442.11413448,13475798.974715903,76507.0,186433.0,23504.0,15368,271.0
lakshadweep,2025,2,197246323.68802974,76576559.44193368,11613719.198174417,65743.0,197029.0,19414.0,15987,305.0
lakshadweep,2025,3,181553773.47911978,74732130.60894719,13076512.914169483,66169.0,210108.0,19303.0,16553,330.0
lakshadweep,2025,4,231746682.0261693,81633079.0915446,15006992.04171471,86831.0,219710.0,20396.0,17251,369.0
lakshadweep,2026,1,246153188.3098355,88683451.20304762,17328328.25924318,100205.0,229831.0,21957.0,17882,369.0
lakshadweep,2026,2,259453266.16378194,94144139.47207405,16980108.095038954,101796.0,248709.0,20691.0,18419,374.0
madhya-pradesh,2018,1,8025436462.533884,1064320392.6932573,151101254.3014853,2982533.0,5540953.0,90643.0,2501837,8.0
madhya-pradesh,2018,2,14876663065.703634,1515177641.9527414,399571688.78350973,4456775.0,6493926.0,298573.0,3390239,23.0
madhya-pradesh,2018,3,23122682480.769234,1658190763.710083,550914474.3552732,10456411.0,7152252.0,454035.0,4233736,76.0
madhya-pradesh,2018,4,32419984165.152397,2454916350.353954,744717133.1542052,11980653.0,10163524.0,663430.0,5311159,498.0
madhya-pradesh,2019,1,45152535423.92134,2993131099.323229,1153010443.381269,24432077.0,13270690.0,1226099.0,6383958,66408.0
madhya-pradesh,2019,2,61124126939.443054,4924751531.830441,1706923743.5129895,20842891.0,19025755.0,1375818.0,7278165,225653.0
madhya-pradesh,2019,3,68798753736.45984,7253207082.2477865,3020007266.86693,23192694.0,29189777.0,2513880.0,8231531,358087.0
madhya-pradesh,2019,4,95844665198.53723,9001728362.475853,3973182073.9606237,33794899.0,31573884.0,5634285.0,9219787,440884.0
madhya-pradesh,2020,1,111453163264.71494,11919807877.324293,4730448174.925011,34929211.0,36937883.0,8526282.0,10260896,513846.0
madhya-pradesh,2020,2,125562756208.35052,13966971353.228683,5585883453.391074,33907763.0,28763727.0,13036513.0,11514232,550154.0
madhya-pradesh,2020,3,168188848665.08633,22259050037.072163,7604020280.154075,48783194.0,44812503.0,12299837.0,12744642,654441.0
madhya-pradesh,2020,4,223368461418.338,36456005544.82321,10020588129.146439,64401144.0,67928541.0,15369811.0,13925932,839834.0
madhya-pradesh,2021,1,261059127641.43152,45155958515.65863,13480959262.087997,78279566.0,79551215.0,29616287.0,15131202,1038097.0
madhya-pradesh,2021,2,323560378029.18933,51339627291.98926,18163847258.26838,91032253.0,68475966.0,43800755.0,16251687,1117867.0
madhya-pradesh,2021,3,374483947531.1985,75187039311.15306,21372609979.845333,118679995.0,124505570.0,43359373.0,17570524,1314899.0
madhya-pradesh,2021,4,409205981203.4761,96066619465.16414,22155890468.93476,127810835.0,154372079.0,38984765.0,18846562,1523277.0
madhya-pradesh,2022,1,523390793973.89966,120699587550.27347,26590525991.863888,165503407.0,208119201.0,45034736.0,20115633,1697225.0
madhya-pradesh,2022,2,609730164270.1279,148019985647.96942,31606301459.17774,183118953.0,254146400.0,52798619.0,21283425,1812068.0
madhya-pradesh,2022,3,610556554088.7496,157142053303.28333,37609667077.238716,207152051.0,298169767.0,59670715.0,22575200,1923099.0
madhya-pradesh,2022,4,712107871781.2043,186592887118.2431,40871649826.31441,232104827.0,346579011.0,61984859.0,23793582,2040575.0
madhya-pradesh,2023,1,809324793181.5155,203820995890.95844,45173382871.57996,263468166.0,395551751.0,71618700.0,24981019,2083024.0
madhya-pradesh,2023,2,916014980566.0862,227030863555.15845,54365405738.837875,294078080.0,468684552.0,81019878.0,26193021,2142311.0
madhya-pradesh,2023,3,929677804115.3452,246598006829.2677,58123801547.532776,333168847.0,555828663.0,85637152.0,27512164,2210798.0
madhya-pradesh,2023,4,1063897581255.9968,295552160365.8561,67373328559.32103,373938153.0,636732492.0,88108658.0,28703519,2279592.0
madhya-pradesh,2024,1,1209742432438.1948,342135005639.66675,74293758777.68762,434331008.0,747491424.0,101620697.0,30087710,2371698.0
madhya-pradesh,2024,2,1314381819558.4277,378077760585.70557,84888087932.3878,462519489.0,859901226.0,109715950.0,31399806,2466722.0
madhya-pradesh,2024,3,1279552980151.1147,384226020312.7956,95649066253.77884,497539973.0,926585300.0,110364227.0,32634553,2568230.0
madhya-pradesh,2024,4,1455711647566.668,440749284177.4617,104751793126.50807,545431384.0,1024836894.0,111609384.0,33718050,2674535.0
madhya-pradesh,2025,1,1493463209287.9224,430487348336.8946,109105360026.85428,559249557.0,1040983000.0,123203106.0,34868747,2763468.0
madhya-pradesh,2025,2,1578885278006.9512,472279945335.885,117204973300.34192,568967572.0,1143273346.0,125078312.0,35961457,2838187.0
madhya-pradesh,2025,3,1493657100665.3208,478909284538.0845,126075721957.48965,609772524.0,1244302556.0,126262681.0,37166358,2916083.0
madhya-pradesh,2025,4,1654478994616.5352,540014267298.06696,137371608766.57396,655981444.0,1317761396.0,127339599.0,38249438,3018653.0
madhya-pradesh,2026,1,1718897802609.865,561483954109.4495,143795730016.76617,682818506.0,1369000689.0,134791979.0,39250624,3081980.0
madhya-pradesh,2026,2,1816270501215.9336,598148260036.9344,153957311924.0763,692355802.0,1456576342.0,134905941.0,40093377,3144386.0
maharashtra,2018,1,17240826462.602303,2575202085.579726,800256051.4209037,4904123.0,10256681.0,610493.0,6133954,1643.0
maharashtra,2018,2,29099936022.412193,3848017255.667726,1622028400.9558468,7296740.0,13039678.0,1370966.0,8236836,6629.0
maharashtra,2018,3,43625688558.038475,4567758514.986597,2141510364.0786629,12620224.0,16189479.0,1976450.0,10390459,38653.0
maharashtra,2018,4,66256382869.885315,7347092551.706038,2966920750.1442027,20039783.0,23240057.0,2435307.0,13355155,229210.0
maharashtra,2019,1,93627701694.13269,9614690903.758623,4341060420.009475,35939138.0,33977457.0,3958137.0,16274312,698175.0
maharashtra,2019,2,124871981422.75432,16236533042.450954,6313079791.409272,40939711.0,54030628.0,4360998.0,18737804,1019256.0
maharashtra,2019,3,160243862341.58435,22726797443.678085,11381688753.91073,56361577.0,84053886.0,8344485.0,21322044,1309633.0
maharashtra,2019,4,215137602476.5688,28740182970.66705,16278862802.644138,75832872.0,103887387.0,16758012.0,23734339,1597195.0
maharashtra,2020,1,252004119894.9871,37884614833.74382,18407020909.572178,84061718.0,125734064.0,23962681.0,26163809,1861784.0
maharashtra,2020,2,226158762586.16473,39445183618.5182,15750670588.30177,70384119.0,80390030.0,29655735.0,28790127,1925780.0
maharashtra,2020,3,331734080136.60254,63923246389.30126,21788111646.333027,102590461.0,127581626.0,29011915.0,31432433,2160587.0
maharashtra,2020,4,465662473822.7262,103163050873.9993,29292314892.696144,145871285.0,211773187.0,39414683.0,34404572,2544284.0
maharashtra,2021,1,552141116755.276,119640809290.50336,41018182182.09192,173584645.0,241600887.0,72955854.0,36994904,2884303.0
maharashtra,2021,2,647991748712.1151,135843731286.4454,45397398615.96484,208494008.0,229413959.0,95323220.0,39429859,3023504.0
maharashtra,2021,3,793113211007.2576,192964217783.96402,54260866742.824585,268139750.0,362427389.0,104019441.0,42170156,3290552.0
maharashtra,2021,4,866795070479.2156,240334089367.26913,54623406096.159836,286423482.0,441281724.0,93550357.0,44928344,3607998.0
maharashtra,2022,1,1123203255047.8486,297648954466.4065,64081898952.634384,367923036.0,597190812.0,104698822.0,47511322,3932588.0
maharashtra,2022,2,1298201018605.5713,368111002689.696,74682187917.03755,412391023.0,739763476.0,120605573.0,49858004,4180983.0
maharashtra,2022,3,1406802921130.0376,421801358671.6442,87383032039.59189,478474346.0,868371330.0,135060465.0,52289467,4352350.0
maharashtra,2022,4,1574013274977.3828,484505085970.0005,92391456461.77217,521994075.0,998769959.0,138571543.0,54629272,4508736.0
maharashtra,2023,1,1752668042222.812,511701055699.1843,98948468802.52707,572302736.0,1121600766.0,149306143.0,56723036,4522908.0
maharashtra,2023,2,1923656417567.8196,564697638545.7037,116350531724.0044,620451894.0,1273343788.0,164636686.0,58661548,4608963.0
maharashtra,2023,3,2006015545499.0374,621678065509.837,125825849890.5264,688980001.0,1427891144.0,171877423.0,60617867,4734743.0
maharashtra,2023,4,2255149382244.2925,707567975451.0281,143069487454.0276,767862734.0,1627859322.0,172844886.0,62581750,4866495.0
maharashtra,2024,1,2472989757831.718,757130276482.2281,151882908461.6195,843776729.0,1798938438.0,188720337.0,64700862,5039829.0
maharashtra,2024,2,2595981632615.5166,814330808881.2986,164714077046.21762,879434478.0,1975738521.0,201364193.0,66770730,5168187.0
maharashtra,2024,3,2659582852230.712,843101761553.8245,187694649487.61316,971225117.0,2100939879.0,213922255.0,69582864,5298716.0
maharashtra,2024,4,2988788716004.467,958368639247.0728,205369563444.1978,1061944663.0,2354931274.0,218025062.0,72020866,5428259.0
maharashtra,2025,1,3174687453169.4824,946495808391.404,214165571085.39758,1136127810.0,2530485146.0,237921594.0,74177131,5550838.0
maharashtra,2025,2,3223140073917.948,1017970066958.3237,218737420724.20288,1133509660.0,2660636662.0,241776924.0,76247239,5653784.0
maharashtra,2025,3,3213593268523.017,1047203747624.8318,239413499237.1983,1226322130.0,2829226611.0,250631747.0,78365134,5758748.0
maharashtra,2025,4,3535587711143.964,1160360949368.364,260596238663.79968,1311097640.0,3052486746.0,254520674.0,80321622,5890201.0
maharashtra,2026,1,3718724043286.4355,1186858032146.0198,273894014955.52945,1363409161.0,3200987799.0,265080469.0,82017557,6005973.0
maharashtra,2026,2,3876458808788.0957,1300349527402.3584,288368216966.1335,1389123843.0,3413003601.0,262324547.0,84075442,6113793.0
manipur,2018,1,137401129.8530382,14654416.729654565,461630.71471091616,30398.0,74310.0,200.0,35579,
manipur,2018,2,272026547.87677455,23008463.789306596,1640846.4217567837,69535.0,113472.0,1923.0,54326,
manipur,2018,3,407113525.5256405,26876494.531989776,2241915.3445818042,103214.0,113751.0,2817.0,71019,
manipur,2018,4,640594072.7142899,45751669.32127426,3780020.1659896728,116349.0,164993.0,3952.0,93713,3.0
manipur,2019,1,741924571.2290529,43600145.02876641,4929730.112626582,147093.0,170783.0,5044.0,112463,59.0
manipur,2019,2,925621030.1286483,54149546.91546019,6223436.8722078595,161943.0,200970.0,4458.0,130880,165.0
manipur,2019,3,1083926859.4994905,60238254.90901807,11335925.53453511,191342.0,204807.0,15944.0,150811,269.0
manipur,2019,4,1366640709.641903,69250664.37125665,20534642.706216108,250375.0,209319.0,52049.0,170399,358.0
manipur,2020,1,1510268855.3844562,87444294.00552452,29568483.283885308,267095.0,244184.0,95720.0,193166,441.0
manipur,2020,2,1959800411.7397385,145834472.24647805,48985715.92366863,343823.0,349701.0,185770.0,232085,523.0
manipur,2020,3,2547814776.4825683,195562439.18516403,50779042.57684711,444736.0,416199.0,182393.0,275979,557.0
manipur,2020,4,3269509465.155344,304928432.85955065,69758716.12335724,539549.0,420543.0,226110.0,306249,638.0
manipur,2021,1,3500131714.370366,281999284.60083055,98715920.55234031,553294.0,220308.0,377533.0,326912,714.0
manipur,2021,2,3677779186.66175,321276180.86606777,129983823.81286731,635650.0,250250.0,550077.0,346378,988.0
manipur,2021,3,4777241545.953207,501734349.9886097,165191189.24782383,835511.0,336219.0,600525.0,367233,1154.0
manipur,2021,4,4821768579.144505,552013355.9023898,171387851.3507508,855988.0,368527.0,558055.0,388184,1356.0
manipur,2022,1,5993076595.49044,768193832.4402745,203567576.57831466,1104469.0,509928.0,642874.0,406492,1592.0
manipur,2022,2,6188181022.41522,823897971.5596023,196148931.0399133,1198080.0,645557.0,607690.0,426522,1799.0
manipur,2022,3,6811189427.957539,1070078981.2014359,218921571.8720165,1481055.0,837582.0,657815.0,448114,1996.0
manipur,2022,4,7091823227.381321,1094634558.0441704,217186102.08884835,1609813.0,928790.0,678547.0,467306,2742.0
manipur,2023,1,7333054050.295577,1197938537.4966438,220547108.6458903,1714135.0,1073657.0,647485.0,486209,5900.0
manipur,2023,2,3785941001.004068,637437822.9298607,129197426.8177639,815435.0,585926.0,298692.0,496881,6848.0
manipur,2023,3,3063959150.203924,467508837.75560653,139360700.61969483,450302.0,250465.0,203970.0,506910,6862.0
manipur,2023,4,5715195396.968554,959087428.4335145,232761837.35794407,1100791.0,688632.0,414045.0,528770,7555.0
manipur,2024,1,7549948130.019974,1535761046.1072989,295934191.50958014,1933165.0,1380355.0,660502.0,564185,10474.0
manipur,2024,2,8896322165.142174,1804008260.52135,339787305.4589089,2523049.0,2012748.0,732578.0,603425,12042.0
manipur,2024,3,9406496945.20272,1963384287.6428576,401879628.2365012,2962849.0,2087985.0,755221.0,644220,14222.0
manipur,2024,4,9741671649.093046,2003932951.1717005,393796738.0994561,3014393.0,2123143.0,660774.0,668293,16334.0
manipur,2025,1,11520773756.149473,2306281181.0567245,488083128.9625295,4012837.0,2888122.0,874183.0,694042,18944.0
manipur,2025,2,11865797207.446793,2498451524.0405755,505502372.73263997,4212499.0,3542824.0,845312.0,719620,21382.0
manipur,2025,3,12731317172.199627,2932866171.996412,560490107.6178644,4683706.0,4269941.0,850824.0,749966,25620.0
manipur,2025,4,12940333873.727993,2950414677.168601,572000926.3118182,4810704.0,4174837.0,829488.0,783532,29734.0
manipur,2026,1,13362258518.10936,3026031356.950936,615246125.609421,4986200.0,4367144.0,881023.0,814173,32712.0
manipur,2026,2,13303508278.268917,3030830762.1624036,644820199.395371,5042151.0,4552091.0,865449.0,854036,34456.0
meghalaya,2018,1,63861319.20273472,10993533.283211894,1237983.7186157024,14088.0,42995.0,655.0,22306,
meghalaya,2018,2,112617695.90783414,16026677.817567505,2672100.735933321,21522.0,56085.0,2068.0,31651,
meghalaya,2018,3,206920213.28400832,22224939.112731066,4022678.418205326,38720.0,81832.0,3332.0,42882,
meghalaya,2018,4,327152291.80434555,35885685.9431431,5040572.247114645,59703.0,118819.0,3834.0,56903,3.0
meghalaya,2019,1,399716091.1732652,39956165.14175424,6706584.6984185465,92541.0,135938.0,5319.0,69850,28.0
meghalaya,2019,2,530975268.7597257,49833752.21268352,8795751.252607068,107691.0,167684.0,4909.0,83645,90.0
meghalaya,2019,3,651331351.4229603,56544965.817955874,17072336.002650116,132605.0,175853.0,17725.0,98774,145.0
meghalaya,2019,4,762278822.1134363,54204057.54228297,25234817.08335846,159506.0,163554.0,50155.0,112925,199.0
meghalaya,2020,1,881322605.5184281,69139595.12751654,34824697.94698556,165934.0,189179.0,85118.0,129019,251.0
meghalaya,2020,2,942440981.2658414,111484551.24998271,49880083.12076083,176495.0,289723.0,162392.0,152632,295.0
meghalaya,2020,3,1308122956.2268875,152812087.35578007,53022511.78689799,238589.0,315322.0,138148.0,176427,308.0
meghalaya,2020,4,1769042212.128305,185899480.69333392,71659615.95533201,319172.0,321204.0,195985.0,197575,383.0
meghalaya,2021,1,2048051414.7235286,202138262.00609952,117518851.94823785,374973.0,170026.0,350046.0,213559,720.0
meghalaya,2021,2,2156305089.4476595,221568389.41804916,156642370.9835583,422974.0,193215.0,510243.0,230094,1115.0
meghalaya,2021,3,2691017154.5311894,332389539.7072395,180708084.26088798,544751.0,261011.0,548454.0,247942,1444.0
meghalaya,2021,4,3293297260.348463,463790234.5144209,194963340.2264163,686100.0,348960.0,523584.0,267949,2117.0
meghalaya,2022,1,4496098215.468949,633464796.1195548,236551443.99498066,932731.0,522433.0,556173.0,287587,3093.0
meghalaya,2022,2,5009572739.755018,834803630.0664686,257245439.8966221,1141224.0,740673.0,614032.0,307758,3790.0
meghalaya,2022,3,5821645483.777059,1081784741.4960868,303770860.91312903,1472843.0,1033414.0,718391.0,330639,4307.0
meghalaya,2022,4,6737687410.397097,1224135113.7653086,318504460.1314995,1725693.0,1152974.0,747069.0,352648,5034.0
meghalaya,2023,1,7880656870.175055,1428258915.0697465,363523677.74602914,2010002.0,1323801.0,837947.0,373661,6230.0
meghalaya,2023,2,8560145655.490799,1710074134.2143784,410329181.7267857,2376705.0,1830555.0,896548.0,394558,6637.0
meghalaya,2023,3,8713516257.079037,1897064703.2270484,424144831.7225916,2778556.0,2204934.0,944086.0,419409,7310.0
meghalaya,2023,4,10657081851.146084,2366382517.863888,485608726.111284,3410871.0,2726364.0,982808.0,450369,7883.0
meghalaya,2024,1,11758239546.41294,2677677229.6181,519945918.85952264,3903641.0,3259975.0,1088583.0,488538,8557.0
meghalaya,2024,2,12290917516.674932,3219873152.3995895,569130635.507214,4455087.0,5343544.0,1191791.0,536952,9226.0
meghalaya,2024,3,12137273648.87331,3420627762.409601,629253067.669606,5065670.0,5773240.0,1257525.0,582628,10529.0
meghalaya,2024,4,14849873782.763279,4001630000.242719,685510961.83055,6057301.0,6601880.0,1333935.0,611334,11765.0
meghalaya,2025,1,16897913341.315205,4206551917.9509325,778027208.7275578,6637505.0,7368816.0,1560086.0,640474,12654.0
meghalaya,2025,2,16571760376.625538,4574652916.930701,767315463.6818974,6819794.0,9006438.0,1478014.0,670920,13470.0
meghalaya,2025,3,19699380796.48029,5065005986.955546,867373519.2851715,7936464.0,10342245.0,1597432.0,704327,14795.0
meghalaya,2025,4,19516396255.299416,5472060502.481741,918717268.7317226,8577148.0,9681598.0,1578904.0,742750,16581.0
meghalaya,2026,1,17491107878.29819,5031817874.325317,918930192.5071406,9546670.0,8839945.0,1539820.0,778471,17977.0
meghalaya,2026,2,17600789826.168114,5720028376.281585,1012892306.1801142,9973916.0,10836114.0,1590783.0,821275,21772.0
mizoram,2018,1,48488440.29264373,4283153.309403698,389141.85338013317,7725.0,14367.0,89.0,9312,
mizoram,2018,2,87181093.61134277,6705674.735994902,413408.56396257854,12760.0,18364.0,436.0,12467,
mizoram,2018,3,120941485.51230544,8046159.739809571,726976.8776386558,20289.0,24604.0,721.0,16728,
mizoram,2018,4,199510520.21313795,13169595.907770034,1159555.4027683036,28968.0,36184.0,1082.0,22190,
mizoram,2019,1,240599158.37244833,15014192.833051061,1348172.014540596,40318.0,43515.0,1386.0,27134,8.0
mizoram,2019,2,303284651.5028503,16879044.637310557,1735694.3712748238,46960.0,52540.0,1458.0,32162,21.0
mizoram,2019,3,332143019.0311679,19901394.27405142,4685875.009024959,52804.0,55585.0,5758.0,38565,48.0
mizoram,2019,4,432645059.039711,21678731.33149251,9167784.323894873,69162.0,57139.0,18015.0,44755,63.0
mizoram,2020,1,470480151.8791255,27296492.817249823,14247150.17517097,73986.0,72242.0,33309.0,52556,82.0
mizoram,2020,2,516948427.7296549,41003209.904276505,19734439.27351783,75529.0,94994.0,56635.0,62148,98.0
mizoram,2020,3,734086046.8385271,60278140.503065586,22757201.98312122,113045.0,109236.0,60332.0,75962,101.0
mizoram,2020,4,984078179.4839346,83175760.19449408,28967500.597702947,155391.0,116071.0,81393.0,87194,116.0
mizoram,2021,1,1126181805.3477497,94306301.36778334,45156594.70930672,177585.0,67889.0,138912.0,94488,126.0
mizoram,2021,2,1145204685.484063,86202033.23183131,61992260.00667463,198301.0,74439.0,196749.0,101851,142.0
mizoram,2021,3,1454512260.9384155,136833078.2016335,75404826.72308266,249407.0,93972.0,212555.0,109595,176.0
mizoram,2021,4,1538159040.6922216,156814934.58019108,67804964.34750739,266273.0,107464.0,191265.0,116803,211.0
mizoram,2022,1,1888784790.8594036,196505652.84440064,78133773.31305079,333816.0,134652.0,208246.0,123574,253.0
mizoram,2022,2,1937928992.6732783,216398497.45157993,72915540.12865853,367719.0,166864.0,201375.0,130454,289.0
mizoram,2022,3,2068283032.7431428,268363777.42280486,84711348.73295793,441599.0,209057.0,222267.0,138370,349.0
mizoram,2022,4,2377109598.637416,315273309.38253266,85921984.22921452,527741.0,261186.0,229803.0,146161,988.0
mizoram,2023,1,2600416854.607725,334936970.69513154,91869246.69282472,601454.0,276865.0,238353.0,153259,1784.0
mizoram,2023,2,2750916018.3824115,411689613.4282782,101246705.38631012,679572.0,358005.0,248570.0,160684,2544.0
mizoram,2023,3,2651960620.5435658,412628975.4616865,102465804.83132756,734614.0,389679.0,246931.0,169046,3510.0
mizoram,2023,4,2982371531.823569,520822126.46229553,118425713.83987689,819882.0,511251.0,245116.0,179480,4699.0
mizoram,2024,1,2992729023.4134765,585322500.8287079,123384907.30402876,860994.0,577796.0,250134.0,194379,6017.0
mizoram,2024,2,3050119794.6886435,693137906.4715497,127094153.85431543,960517.0,854085.0,257673.0,213479,7999.0
mizoram,2024,3,3030377385.2993145,775202819.0671247,136717011.56319147,1088181.0,1032373.0,274563.0,246580,11489.0
mizoram,2024,4,3438078721.1967916,884850910.723885,147202609.92831182,1215748.0,1194828.0,276280.0,258269,13962.0
mizoram,2025,1,3825323943.4428954,995290330.8115951,167965583.24225402,1412817.0,1464155.0,337939.0,270295,16138.0
mizoram,2025,2,3603066855.4076424,1009081782.3358778,166967572.54086813,1393032.0,1693554.0,312219.0,282032,17514.0
mizoram,2025,3,3785730524.3980246,1132357213.5234075,183868217.2445462,1589619.0,2025992.0,336226.0,295734,19563.0
mizoram,2025,4,4231602723.570233,1186003064.8173327,191033326.58342803,1786077.0,1979390.0,337628.0,312483,21331.0
mizoram,2026,1,4468165029.453964,1189089396.2844965,190287749.36049807,1855867.0,1959194.0,336079.0,327659,22918.0
mizoram,2026,2,4658296203.56402,1222652962.4773166,197070347.22302598,2067137.0,2231778.0,331711.0,349070,24387.0
nagaland,2018,1,82485259.09994261,10178403.537566686,382149.54974328587,12854.0,39386.0,219.0,16047,
nagaland,2018,2,171002581.8978169,16019195.634718135,1262476.8263557907,23666.0,58079.0,1114.0,23866,
nagaland,2018,3,266749464.32575738,20911457.546441738,1792017.565813507,38744.0,77504.0,1708.0,33223,1.0
nagaland,2018,4,423053785.8213866,33071593.593479432,3453376.445598578,61529.0,109267.0,2530.0,44601,15.0
nagaland,2019,1,512898409.97227,35230243.153764315,4445066.061310744,85647.0,124651.0,3755.0,55915,32.0
nagaland,2019,2,678250200.2859279,40988027.58409222,5619375.060091958,108986.0,156958.0,3776.0,68483,75.0
nagaland,2019,3,826933054.3337904,48424141.852231994,10506712.093741795,134567.0,167265.0,16442.0,82418,151.0
nagaland,2019,4,1060562850.890923,49991990.98490614,19336165.2667893,171822.0,163700.0,51480.0,95667,201.0
nagaland,2020,1,1128741922.8568952,58830166.40398526,29068630.11243943,183413.0,184484.0,89888.0,110228,237.0
nagaland,2020,2,1361724630.978139,87576608.91943148,44870730.33083517,219693.0,239041.0,154857.0,132841,283.0
nagaland,2020,3,1903330706.505572,122170532.47867821,46478847.12253803,326189.0,292460.0,148565.0,175583,304.0
nagaland,2020,4,2544928210.177186,163319014.09858343,58586947.51759419,396507.0,266738.0,188444.0,194444,348.0
nagaland,2021,1,2666974270.307148,152486789.29349574,87322624.4049599,419883.0,127106.0,330764.0,208308,390.0
nagaland,2021,2,2896219605.383726,182296535.77460402,116956974.95370084,512516.0,130032.0,464803.0,222211,434.0
nagaland,2021,3,3647808804.9548798,308301964.7790236,135381184.59693465,649798.0,183947.0,482981.0,236840,553.0
nagaland,2021,4,3890645781.267926,366585708.38656694,139779578.0089162,692273.0,222754.0,454766.0,251384,924.0
nagaland,2022,1,4616885060.43807,490976996.27945244,168211822.76599523,877525.0,323423.0,508927.0,266042,1826.0
nagaland,2022,2,5124751558.938251,615416044.9864085,169551198.50941712,1018561.0,441412.0,514039.0,281398,3123.0
nagaland,2022,3,5782023747.036064,807657649.1448228,189286764.46767157,1260750.0,562207.0,574188.0,297083,3410.0
nagaland,2022,4,6309843024.202513,939998071.3647513,191770603.22398105,1392790.0,603869.0,583848.0,311555,4561.0
nagaland,2023,1,6829367465.074572,1013112657.0568291,208388237.92535448,1539803.0,680677.0,613668.0,325241,4886.0
nagaland,2023,2,6923813124.14897,1130915070.9166203,208737433.2055562,1655450.0,838501.0,597510.0,339039,4988.0
nagaland,2023,3,7327696314.065245,1305773190.7932048,225208472.77172726,1932631.0,1024556.0,624443.0,353878,5053.0
nagaland,2023,4,8082772691.70899,1577850739.2436297,244731900.5290592,2151924.0,1196265.0,605199.0,370492,5764.0
nagaland,2024,1,8200900403.010618,1772091059.8318892,268743212.2585739,2296558.0,1475125.0,640783.0,391270,7149.0
nagaland,2024,2,8906489767.694902,2051140113.025539,294420278.4214099,2698781.0,2514000.0,684389.0,423165,8484.0
nagaland,2024,3,9584925158.74841,2366986266.435226,350834911.6409408,3223455.0,3141143.0,763284.0,456203,9915.0
nagaland,2024,4,10824961105.177265,2750081805.421515,377725923.0781062,3646828.0,3534185.0,771268.0,475258,11424.0
nagaland,2025,1,10689871548.450308,2752775249.0149026,412283262.82565784,3745885.0,3803438.0,868332.0,493342,12681.0
nagaland,2025,2,10624388118.637703,2986105093.0699897,414303126.94403666,3898002.0,4724132.0,835279.0,512198,13867.0
nagaland,2025,3,11250970512.304928,3471235664.773766,473672427.2265897,4458684.0,5833318.0,888870.0,533473,15356.0
nagaland,2025,4,12239234944.06419,3682160697.9884105,510966292.4359516,4922948.0,5394902.0,854785.0,555336,16637.0
nagaland,2026,1,12026866900.139084,3467205124.354126,520323809.6582818,5009814.0,5145327.0,874824.0,575983,17757.0
nagaland,2026,2,12075582731.657005,3742442924.3336344,553278648.89936,5388614.0,6083226.0,886486.0,602471,19236.0
odisha,2018,1,4807435386.038871,674713932.3801123,50023537.90059741,2693875.0,4336997.0,18114.0,1573698,12.0
odisha,2018,2,8904859883.15007,893063866.2923915,117865103.93229684,4606791.0,4832463.0,108033.0,2160851,7.0
odisha,2018,3,25228495728.41177,1042490428.6347709,168188668.00785664,27474197.0,6109834.0,189115.0,2740899,41.0
odisha,2018,4,24787407606.22042,1617441474.9189034,239957651.11520243,13840684.0,9660259.0,229303.0,3565892,448.0
odisha,2019,1,36014216912.06064,1962617785.0903811,366398363.35934585,25934247.0,10887807.0,371706.0,4265066,56750.0
odisha,2019,2,41313171764.2829,2948612870.766871,471191509.51479137,16396541.0,13345566.0,346179.0,4786497,149542.0
odisha,2019,3,51255271097.4825,4824234496.770006,908570409.4820487,18424210.0,21330371.0,1046265.0,5361369,205674.0
odisha,2019,4,73522526520.33868,5385364855.683814,1492485888.436336,43533987.0,19167186.0,2978391.0,6075390,251989.0
odisha,2020,1,83584667637.47638,7100615104.351967,2157898882.16122,27380806.0,21880811.0,5159960.0,6631513,289381.0
odisha,2020,2,80104239269.13107,8126182654.367682,2656533465.820876,24255361.0,18242091.0,7894700.0,7239140,304562.0
odisha,2020,3,111371637720.38235,12560380821.49289,3571869929.4243064,35509492.0,25581574.0,7947529.0,7888711,355640.0
odisha,2020,4,156954030873.23297,20944021091.22735,4857748376.547694,48735138.0,36795800.0,9342253.0,8592754,464756.0
odisha,2021,1,187708288055.39026,25681109207.23903,7352734168.051901,56168577.0,39886914.0,19039161.0,9201367,548595.0
odisha,2021,2,219493148161.3064,29310137354.91032,10251731077.385502,70199957.0,39885033.0,28140708.0,9843480,597443.0
odisha,2021,3,260454277901.22424,43301175565.71216,11494806875.724377,88531048.0,65021952.0,29812656.0,10591026,672683.0
odisha,2021,4,281923348261.47235,55823392363.745895,12214070706.48465,97365421.0,89306095.0,25597121.0,11358268,756259.0
odisha,2022,1,373711384373.13306,73335535217.65193,14555576303.93759,121543612.0,119389372.0,27978744.0,12011836,839004.0
odisha,2022,2,419515470331.66486,89425917193.49442,16935819708.142715,138799315.0,150198940.0,33379972.0,12652044,897828.0
odisha,2022,3,440884884500.0968,98433758514.76802,20511679266.979973,159103433.0,183017599.0,38473266.0,13324247,959371.0
odisha,2022,4,496591689166.7147,113206716437.40887,22525091272.11854,178318278.0,208414479.0,39048175.0,13990026,1013277.0
odisha,2023,1,596510832737.4746,130926604514.60837,25919453282.084682,198718809.0,237800370.0,43529534.0,14605734,1002402.0
odisha,2023,2,625857814861.2112,142485607764.44983,30269897684.891853,217465779.0,275129628.0,47971872.0,15180768,1021368.0
odisha,2023,3,652214311523.2201,155535188932.00122,32650443925.725693,239483197.0,331120980.0,50250704.0,15773057,1051651.0
odisha,2023,4,754811021081.9106,188103277364.12012,38707528934.3015,283368515.0,394216870.0,52426671.0,16349232,1079039.0
odisha,2024,1,891445787060.0173,222137738306.10272,43664228167.748795,328186502.0,472041275.0,62179031.0,17002272,1106573.0
odisha,2024,2,882530469971.0554,233107332106.85532,47904145443.569214,342454314.0,533463941.0,65817736.0,17662149,1142368.0
odisha,2024,3,884778662660.9912,238230848839.66156,52743633110.20625,372510527.0,583139376.0,67338953.0,18360257,1175562.0
odisha,2024,4,979036059417.1326,268173406944.9519,56902944771.99506,418474939.0,653769361.0,69451360.0,19085969,1212893.0
odisha,2025,1,1074229348916.4417,279609143532.8333,60816787414.02794,427880801.0,672598864.0,73948513.0,19731478,1247790.0
odisha,2025,2,1027772682736.2637,292375269885.6208,63139569101.06984,429202554.0,746112659.0,78154888.0,20349791,1280523.0
odisha,2025,3,1018022829291.4746,301139429574.03424,68416619679.11077,451228084.0,785652801.0,77391433.0,20979927,1316523.0
odisha,2025,4,1084708509012.4039,330347847409.9001,73702587719.68532,486153705.0,841861625.0,77443479.0,21533027,1362649.0
odisha,2026,1,1248349914340.5762,367241083518.346,81908513746.30563,516558572.0,889549627.0,81743696.0,22049893,1397254.0
odisha,2026,2,1199263266291.0273,382712112055.28827,84336761052.10901,507336215.0,932756499.0,83037296.0,22586814,1434708.0
puducherry,2018,1,149578713.01058304,14697861.41215079,3296881.651806837,40064.0,65486.0,662.0,47701,
puducherry,2018,2,262828014.62284374,17852080.19109414,6637376.7644544495,56575.0,68910.0,2836.0,63878,
puducherry,2018,3,379469455.2295567,23458146.165261094,13022061.055663262,97296.0,84545.0,5028.0,79099,2.0
puducherry,2018,4,576961092.4728422,37222365.77566674,15399726.421768483,175338.0,135865.0,6133.0,106491,193.0
puducherry,2019,1,820907354.1830873,50303657.624347456,19329055.705402263,308499.0,180367.0,8863.0,129946,4824.0
puducherry,2019,2,1051273526.2156317,80516539.619268,24678361.566988483,322762.0,246183.0,10136.0,152917,9678.0
puducherry,2019,3,1302263144.447332,117091229.7793644,42769988.60986286,404050.0,338785.0,22196.0,173965,11936.0
puducherry,2019,4,1735546780.3424895,161555946.02155006,66074325.02479163,586080.0,451087.0,55159.0,199364,13809.0
puducherry,2020,1,1983097587.7566283,224150931.0200153,92970644.26663539,637583.0,580921.0,100933.0,225275,15161.0
puducherry,2020,2,1539661342.6903143,194410162.36873662,93353672.43521897,444724.0,455143.0,140895.0,249567,15759.0
puducherry,2020,3,2419877670.6768956,342334958.0094306,122136623.18805674,679376.0,727619.0,138596.0,278348,17736.0
puducherry,2020,4,3520787112.825138,643270629.7500182,192992619.3767537,1047351.0,1272494.0,214590.0,312159,21019.0
puducherry,2021,1,4218726522.849001,837347113.3650453,260419714.02643153,1252418.0,1443581.0,432222.0,338921,24614.0
puducherry,2021,2,4241139392.7197776,847992473.3552082,302974556.78646296,1279040.0,1385293.0,571970.0,362487,25656.0
puducherry,2021,3,5742892872.196791,1336439879.338818,389527496.1403734,1758454.0,2208281.0,623569.0,386770,28079.0
puducherry,2021,4,5826176114.971703,1500367793.0155149,392852516.9078938,1825625.0,2550628.0,556670.0,411329,30615.0
puducherry,2022,1,7488256038.880136,1940435703.1345477,448427440.37967974,2317321.0,3461076.0,576190.0,433835,33226.0
puducherry,2022,2,8382844893.912123,2392521201.4635077,520297288.3550544,2582879.0,4265431.0,641663.0,453527,35254.0
puducherry,2022,3,9355602295.083015,2863812540.676669,614727009.2108144,2958867.0,5157180.0,732350.0,473286,36822.0
puducherry,2022,4,9760095859.803207,3212187903.6773205,641358268.8858621,3142120.0,5863846.0,742089.0,493378,38131.0
puducherry,2023,1,10212779825.892694,3346287629.830351,657335519.0281146,3258866.0,6224977.0,733646.0,511080,38372.0
puducherry,2023,2,10877648909.552794,3688573131.181612,795601586.5349483,3459724.0,6931355.0,802559.0,527197,38895.0
puducherry,2023,3,11480302493.50171,4104150648.070847,837192429.2872709,3709860.0,7920199.0,834650.0,544090,39645.0
puducherry,2023,4,11789954161.5083,4329574327.703348,919984033.37218,3866931.0,8377582.0,830139.0,561059,40430.0
puducherry,2024,1,12160113351.486935,4305627439.32638,934662332.0417774,3982272.0,8706366.0,831332.0,578039,41484.0
puducherry,2024,2,12630463098.315617,4572109030.071827,1018442372.234462,4169309.0,9569219.0,872339.0,594818,42724.0
puducherry,2024,3,13339722169.200937,4810829245.0285225,1156076489.178112,4543301.0,10358162.0,919708.0,612094,44051.0
puducherry,2024,4,13539005442.53947,5021629068.0120125,1192016601.3895872,4665679.0,10781586.0,929550.0,629389,45073.0
puducherry,2025,1,14572698106.10854,5311986219.110184,1283940409.5296438,5027320.0,11618519.0,966872.0,645855,46196.0
puducherry,2025,2,14078293377.09739,5372125238.572502,1291063365.0774975,4859467.0,11716317.0,920231.0,661400,47524.0
puducherry,2025,3,14323889357.533936,5585643949.098516,1371347273.7041545,5067996.0,12400209.0,933390.0,677573,48779.0
puducherry,2025,4,14666576142.210167,5689102256.155001,1461980518.1067803,5170739.0,12734340.0,952014.0,693418,49890.0
puducherry,2026,1,15583814961.699333,6073567101.072363,1543535822.109682,5457257.0,13385336.0,948358.0,707787,50591.0
puducherry,2026,2,15713366972.603334,6564405219.616926,1629907939.4616244,5456184.0,14273998.0,941727.0,723563,51299.0
punjab,2018,1,2725958204.1385937,363099135.3369651,55226320.07769592,762537.0,1378870.0,11163.0,902434,12.0
punjab,2018,2,4508974790.474758,561184835.996989,177210805.64900333,1119836.0,1731538.0,81397.0,1225027,12.0
punjab,2018,3,6769504021.631229,672146024.839622,345426102.74431634,1801894.0,1933346.0,139167.0,1542608,17.0
punjab,2018,4,10323184749.048653,1042081423.0433449,496669681.4923538,2460715.0,2824577.0,205266.0,1950642,113.0
punjab,2019,1,12831981768.835476,1106017944.3378818,603052765.1209174,4274369.0,3247097.0,308408.0,2322582,19290.0
punjab,2019,2,16424580985.87054,1653911106.9066133,840696460.4785763,4208807.0,4325884.0,372650.0,2699641,62954.0
punjab,2019,3,19142119611.441097,2144950169.050992,1732282138.5531852,4737624.0,5622095.0,674942.0,3084133,91197.0
punjab,2019,4,25329646347.376846,2176220244.506953,2376177362.0984917,6321702.0,6254384.0,1404641.0,3442072,116388.0
punjab,2020,1,26791757277.005135,2784985980.902099,2377677864.5597787,6448799.0,7210325.0,2038824.0,3875890,140707.0
punjab,2020,2,24538133602.390266,3016477090.220037,2282039492.9298,5501764.0,6014021.0,2687674.0,4373346,149795.0
punjab,2020,3,33136633276.668976,4379350907.23914,3526971539.2345576,7525655.0,7823602.0,2538701.0,4858229,181331.0
punjab,2020,4,43726392488.84065,6664529187.89292,4137022873.99037,9697447.0,10297838.0,3598416.0,5310103,228303.0
punjab,2021,1,47494300470.31009,7663908017.81102,4594984858.556509,11070488.0,10008900.0,6390774.0,5679863,284376.0
punjab,2021,2,55608250447.10545,9166102308.289711,5508631430.883668,13202084.0,11144498.0,8335415.0,6043827,338480.0
punjab,2021,3,64360488231.81946,13152051739.267681,6817028357.323643,16413165.0,16218466.0,9024573.0,6430939,402314.0
punjab,2021,4,70483920859.522,17104884157.048012,6518514916.890647,17253838.0,19076362.0,8060225.0,6814717,466703.0
punjab,2022,1,85408334904.3859,21221407187.61332,7208406389.780758,21331370.0,25097722.0,9159479.0,7199914,542139.0
punjab,2022,2,96827327509.96368,26023094393.652138,8388311508.114669,24605671.0,34194211.0,10670260.0,7570961,604578.0
punjab,2022,3,108383842636.84692,33154916811.654617,10469925170.277534,29796417.0,43028061.0,12523896.0,7964871,654993.0
punjab,2022,4,121993736816.0094,39172833281.088684,10859819349.371344,32553199.0,49331250.0,12821570.0,8329482,703167.0
punjab,2023,1,125974371831.89532,39565511665.28131,10324774319.77528,33559001.0,51451166.0,13143670.0,8680448,681611.0
punjab,2023,2,139767293520.09256,42801188098.07071,11935698377.729792,39137930.0,65508285.0,14366193.0,9022142,700473.0
punjab,2023,3,144870862839.24875,47394116683.02636,13065781843.223583,43206798.0,74686189.0,14957827.0,9396198,723574.0
punjab,2023,4,161418214555.73892,56021917108.988815,14406944544.581417,47207197.0,81488251.0,14745378.0,9790268,746968.0
punjab,2024,1,153710491715.1056,56863094144.6902,13565463801.901295,46625283.0,81707832.0,14840154.0,10263130,770732.0
punjab,2024,2,166876950698.30676,62937750059.55783,14948869840.191872,53076867.0,103791454.0,15990098.0,10766796,798969.0
punjab,2024,3,173909237069.39886,65442295566.63887,17738169624.832516,58951692.0,112671341.0,16691176.0,11264065,827225.0
punjab,2024,4,197045485732.41962,74116671896.01282,18707510704.124977,64059597.0,119043043.0,16909420.0,11622811,854323.0
punjab,2025,1,207887525977.96075,75972100537.1831,19722017630.683147,68035690.0,127552368.0,19112840.0,11997032,877203.0
punjab,2025,2,201809629336.50824,75102844981.66306,19717084859.556744,66681507.0,135349462.0,17550075.0,12360971,895586.0
punjab,2025,3,202820842459.01678,79003323509.18784,22483582425.194412,72569615.0,147253055.0,18471295.0,12758339,912817.0
punjab,2025,4,231017621946.63556,90380237947.84503,25081829270.54038,78882931.0,152709681.0,18984611.0,13172691,931000.0
punjab,2026,1,231472570075.94357,92489436448.35294,25816637527.306908,80997955.0,156323287.0,19640341.0,13581016,943590.0
punjab,2026,2,244675165175.23608,98137725177.93954,26816844333.664066,86235320.0,176968809.0,19159944.0,14095349,958812.0
rajasthan,2018,1,8885778005.6146,1372057918.7831912,335335232.120625,2918332.0,6171468.0,182637.0,3184469,33.0
rajasthan,2018,2,15409718957.188889,1925876094.8623612,754605516.2065157,4284208.0,7030908.0,567897.0,4262966,139.0
rajasthan,2018,3,23765364599.2303,2255867112.679395,1293317128.290366,7866935.0,7654080.0,943933.0,5199376,8587.0
rajasthan,2018,4,37907100401.64123,3417743896.6942673,1662892326.3607254,11980655.0,11168140.0,1214114.0,6407477,45801.0
rajasthan,2019,1,58857913774.07618,4382608337.0455475,2258888407.198079,29406151.0,16759749.0,1977666.0,7779148,198786.0
rajasthan,2019,2,77028577146.21002,6689125972.969138,2921048204.650339,24738172.0,23387217.0,1961199.0,8846756,329767.0
rajasthan,2019,3,93710146425.2273,9368105710.603312,5463149549.686538,28826157.0,33642559.0,3460585.0,9930100,452793.0
rajasthan,2019,4,134902140259.27444,10964451469.994375,7514827022.901459,42028213.0,33945223.0,7317684.0,11033683,542233.0
rajasthan,2020,1,159148768222.19995,15706146449.957516,8604711217.751036,46351996.0,42140703.0,11320295.0,12268753,628462.0
rajasthan,2020,2,157712406423.57526,17341012647.965153,9345037248.245802,46162638.0,36961229.0,15181393.0,13697342,671680.0
rajasthan,2020,3,237533755752.48553,28146660971.366623,14553842933.43127,69523816.0,57900495.0,15584292.0,15099115,808116.0
rajasthan,2020,4,308493238154.44385,44125243950.84855,18198624219.524197,85199155.0,79104977.0,20367929.0,16423105,981664.0
rajasthan,2021,1,389356353786.1696,55617984065.688965,23497028490.45188,111107699.0,91152365.0,38694713.0,17806048,1160473.0
rajasthan,2021,2,446640961464.5996,62176224282.428474,27490675346.062893,132454889.0,90192431.0,51789864.0,19130821,1273446.0
rajasthan,2021,3,557572140356.7367,95199071584.4447,34000878173.325146,175069182.0,155512206.0,53490251.0,20647987,1461773.0
rajasthan,2021,4,608592201190.1,122399978116.00719,34497594753.67006,179543868.0,182274484.0,48371763.0,22032956,1643349.0
rajasthan,2022,1,777682174082.8374,154019828753.32623,40187887123.301315,230002464.0,249207437.0,56318976.0,23412998,1863349.0
rajasthan,2022,2,856881787824.0721,185696135153.66168,43287057548.97304,248313762.0,309286081.0,63079382.0,24647652,2003276.0
rajasthan,2022,3,931465115313.1274,213574127971.03088,52657808607.232605,289727149.0,374499257.0,72804376.0,25962683,2112900.0
rajasthan,2022,4,1072991252418.4116,250279179694.83136,58306596014.51637,317940780.0,426355884.0,76699563.0,27182742,2221707.0
rajasthan,2023,1,1216304257848.7102,272854866976.7351,62628364788.087715,353143283.0,478301186.0,87654297.0,28357153,2212283.0
rajasthan,2023,2,1320838006950.7446,300468672839.6393,73250105399.77365,389689144.0,586137559.0,97266041.0,29493668,2257614.0
rajasthan,2023,3,1385349527066.4614,333052331969.5913,80368290198.97678,438636047.0,696907330.0,101501052.0,30792255,2324919.0
rajasthan,2023,4,1587558670209.73,388816396700.8862,93683284817.80493,484389540.0,760169113.0,106407366.0,32021284,2406772.0
rajasthan,2024,1,1796649112943.0537,453364031337.5751,102693368371.04709,566598111.0,910181233.0,123778868.0,33414280,2513905.0
rajasthan,2024,2,1878817919148.1792,497602411496.18713,117115016606.87685,603687650.0,1080979751.0,134036249.0,34754315,2630384.0
rajasthan,2024,3,1829888143795.0515,505972802743.32263,134973847418.75644,638890431.0,1159471272.0,134482860.0,35974844,2738128.0
rajasthan,2024,4,2073554684226.187,572508820739.6886,145258143416.05234,672386566.0,1233463293.0,134791141.0,37075516,2840940.0
rajasthan,2025,1,2053189406477.934,547455692237.5456,146394293977.1007,665402771.0,1225941832.0,143752639.0,38208545,2927213.0
rajasthan,2025,2,2083540820747.571,594185008574.2501,153914784853.21082,674572899.0,1361793084.0,144038201.0,39315591,3005610.0
rajasthan,2025,3,1986862855925.9,623412535441.0137,167928428557.28268,706351073.0,1471559131.0,145697952.0,40494453,3082538.0
rajasthan,2025,4,2187278611276.553,692007966379.2545,183112188444.0957,731137692.0,1482912609.0,145740845.0,41560104,3178588.0
rajasthan,2026,1,2217137086266.0674,690792083371.6877,183713597091.5824,751360343.0,1529887412.0,153879554.0,42603158,3240632.0
rajasthan,2026,2,2258793597210.0557,737008735503.4113,193710479556.99695,762303898.0,1639275785.0,151848846.0,43692290,3314270.0
sikkim,2018,1,66093008.17618766,10025384.408270871,435001.8856134153,15233.0,37037.0,152.0,23332,
sikkim,2018,2,145936615.15177527,17695178.276072778,1739628.2459005015,27106.0,59274.0,968.0,32306,
sikkim,2018,3,241294832.95036188,20729391.05840729,2283114.551538514,46387.0,75943.0,1704.0,41742,
sikkim,2018,4,394562886.4212607,33285769.30826584,3852652.3020351613,71395.0,108280.0,2170.0,53799,1.0
sikkim,2019,1,442152475.07275254,32670006.07559294,4919087.353032504,107340.0,122550.0,3141.0,64728,15.0
sikkim,2019,2,653537356.8513823,48303133.023233786,6556707.426822832,130037.0,165212.0,3183.0,76521,57.0
sikkim,2019,3,728684372.0871565,51550810.80853837,11079786.37040665,148858.0,168555.0,16288.0,88720,111.0
sikkim,2019,4,928687032.3295316,54465099.50482026,21203030.92945511,195405.0,161964.0,51718.0,100028,153.0
sikkim,2020,1,968699085.3588933,64468435.35287748,27080228.506059445,200232.0,180421.0,78924.0,112394,197.0
sikkim,2020,2,1085512986.2285562,85610793.34037137,35280245.1435785,203950.0,221971.0,121448.0,127647,221.0
sikkim,2020,3,1385937712.3937476,120049410.47269785,37374366.65132688,264230.0,256031.0,119316.0,143462,242.0
sikkim,2020,4,1858924914.26326,173307727.47761595,53725417.51414898,353096.0,273203.0,152036.0,157981,291.0
sikkim,2021,1,2160719813.60437,195762388.99000686,84331917.59327225,436996.0,153480.0,289217.0,169708,399.0
sikkim,2021,2,2284284292.5285473,219743279.7521869,103873376.75277984,496633.0,160006.0,408180.0,181725,455.0
sikkim,2021,3,2826149716.258697,343651197.45822304,115377038.26957431,641409.0,234862.0,418872.0,193942,792.0
sikkim,2021,4,3298868313.712458,498126630.7184079,132714801.81277326,766037.0,347103.0,384951.0,206238,952.0
sikkim,2022,1,3775519170.48781,615331014.9297271,136780480.8489868,946961.0,483455.0,404118.0,217994,1219.0
sikkim,2022,2,4866185751.557163,934618859.8759933,166160346.19972554,1270954.0,766320.0,474966.0,229640,1350.0
sikkim,2022,3,4875222196.164858,1010457427.7179368,178610029.60546988,1454342.0,918215.0,531908.0,241620,1493.0
sikkim,2022,4,5257077919.462416,1167051934.213043,187444321.1499581,1598547.0,1044864.0,549517.0,252358,1585.0
sikkim,2023,1,5348759522.7538805,1168673496.1544535,190928109.33153093,1725226.0,1136164.0,540109.0,262655,1831.0
sikkim,2023,2,6693985957.47983,1607247353.4284844,246102843.71920463,2144313.0,1696647.0,596642.0,272768,2524.0
sikkim,2023,3,6127031966.50907,1641029718.5267706,235060504.7914191,2132175.0,2004746.0,603240.0,282679,3235.0
sikkim,2023,4,6388769210.325094,1914203040.13664,254455034.62655684,2130107.0,2139471.0,572923.0,292795,3496.0
sikkim,2024,1,6863532846.961853,2197663503.72295,285796464.96609336,2446211.0,2665840.0,623826.0,304915,4068.0
sikkim,2024,2,8068187527.409076,2752713219.1047883,343151531.5111357,2862938.0,3596853.0,666213.0,319071,4805.0
sikkim,2024,3,7536002567.901677,2760800336.0804076,351311648.7812564,3059339.0,4040039.0,738457.0,333732,6355.0
sikkim,2024,4,8950472814.439768,3359629499.482387,403717598.9841714,3463436.0,4792790.0,765750.0,345323,7123.0
sikkim,2025,1,8830937494.53429,3423627479.374304,425902300.9005053,3649693.0,5355602.0,847175.0,357215,7607.0
sikkim,2025,2,9565314310.861593,4166402973.38558,467828372.9641411,3900931.0,6402735.0,853169.0,368764,8059.0
sikkim,2025,3,9318622896.694172,4061482902.7070093,492555318.1197452,4192100.0,6777789.0,911937.0,379914,8403.0
sikkim,2025,4,9619852936.28011,4372018990.55571,550566284.2679479,4339229.0,6862025.0,920936.0,391051,8877.0
sikkim,2026,1,10461597071.043785,4888226546.891243,617517391.5740582,4721228.0,7607696.0,958880.0,402651,9257.0
sikkim,2026,2,11879485154.353392,5639655887.7434435,735492408.3597246,5266430.0,8719037.0,970777.0,407103,9576.0
tamil-nadu,2018,1,7820270673.002471,775786901.4529727,159784787.01395154,2011437.0,2877514.0,34940.0,2155558,48.0
tamil-nadu,2018,2,13603391651.991997,1145876704.3647156,403675172.57059,3227447.0,3673579.0,228225.0,3061794,58.0
tamil-nadu,2018,3,20384167420.608696,1388964282.6679444,588816746.9998128,5632565.0,4759711.0,419825.0,3937412,211.0
tamil-nadu,2018,4,30419612893.53309,2360306573.480562,872704583.3236806,8650679.0,7901767.0,570827.0,5262463,12417.0
tamil-nadu,2019,1,42021625038.37033,2856450204.6193867,1187483992.4267585,14460181.0,9953421.0,764913.0,6377974,89054.0
tamil-nadu,2019,2,54367509183.54697,4553800603.751009,1668416007.110484,15910165.0,14143783.0,850224.0,7498284,230529.0
tamil-nadu,2019,3,66691385067.056854,5410331527.432514,3011331339.3768215,20175934.0,18733358.0,1705873.0,8534286,318903.0
tamil-nadu,2019,4,84592540847.90417,6923792236.809929,4386056505.334708,26891922.0,23550229.0,3831224.0,9717126,406910.0
tamil-nadu,2020,1,96028911809.95132,9491915924.783707,5177339140.994316,29210450.0,29894565.0,6013364.0,10970688,484793.0
tamil-nadu,2020,2,74555844036.41754,8372582724.493982,5004012549.854483,19796701.0,22003787.0,8584890.0,12255108,516057.0
tamil-nadu,2020,3,117745860926.56848,14292550827.705067,6499711631.452433,30434012.0,31747599.0,8348187.0,13765652,620844.0
tamil-nadu,2020,4,168605320526.09393,26090565386.000893,9496061204.733479,46846688.0,52957176.0,12315930.0,15495864,769374.0
tamil-nadu,2021,1,202314422175.67444,29819782859.304306,13159377856.267248,56209553.0,55184006.0,24308721.0,16872782,912668.0
tamil-nadu,2021,2,208096074120.6173,31531043535.377983,16066386815.962757,58488704.0,50846255.0,33606899.0,18151670,975536.0
tamil-nadu,2021,3,286237931595.271,50429758137.33414,19540625515.812508,80872706.0,83456564.0,36222902.0,19501393,1089153.0
tamil-nadu,2021,4,295037255751.92316,59413720684.0082,19968437890.782814,86906217.0,99367500.0,32518385.0,20870525,1209788.0
tamil-nadu,2022,1,384701436475.59216,75275191246.74313,23144920260.22531,111499213.0,133533757.0,33014685.0,22131653,1356884.0
tamil-nadu,2022,2,439879819448.2068,93236250525.09148,27652449748.450058,128465769.0,170116252.0,39544405.0,23307037,1467182.0
tamil-nadu,2022,3,501139991410.00635,113306550720.82523,32680575544.035248,150895801.0,206948312.0,45832819.0,24513100,1553055.0
tamil-nadu,2022,4,519947723633.1219,120197012260.56296,34806191901.540215,160182520.0,227776260.0,47329274.0,25708338,1632127.0
tamil-nadu,2023,1,554061542867.6825,129807459290.97186,36533612462.683075,169078610.0,252046397.0,46919825.0,26767037,1653481.0
tamil-nadu,2023,2,602385316888.7815,135701093179.60844,43274055354.29386,180963627.0,271653945.0,51542857.0,27769575,1683247.0
tamil-nadu,2023,3,640871448049.5564,148082915891.10593,46755700051.33452,198443890.0,307301051.0,52970605.0,28891897,1731234.0
tamil-nadu,2023,4,662120744347.6,165231775169.36227,50820128624.30105,208447240.0,336363862.0,53010030.0,30002865,1783632.0
tamil-nadu,2024,1,688262540343.62,176265329719.35828,52931892253.276306,219014310.0,370440883.0,53629398.0,31080814,1856637.0
tamil-nadu,2024,2,734785382559.2427,192748966919.74872,59681915568.40393,232646050.0,417547691.0,57183613.0,32173286,1925501.0
tamil-nadu,2024,3,784471251607.5933,202823138127.37915,66540217929.45436,261752730.0,458580459.0,61174987.0,33289377,1991578.0
tamil-nadu,2024,4,807796181686.3564,214423798003.24924,69190292305.47217,272558373.0,488070607.0,62311789.0,34331442,2054574.0
tamil-nadu,2025,1,840526789986.4423,220363297120.24695,72818819269.21487,286554114.0,524381598.0,64768769.0,35340007,2114180.0
tamil-nadu,2025,2,829079675015.9103,229391363851.10114,74782023558.89085,277697186.0,540167131.0,62179306.0,36318119,2173347.0
tamil-nadu,2025,3,863520956731.7437,243069774917.73154,80642654989.58861,301171264.0,589397918.0,63869623.0,37334630,2227787.0
tamil-nadu,2025,4,890138493792.19,252907294131.02087,86037051412.34727,310141970.0,606536327.0,65358581.0,38313127,2282219.0
tamil-nadu,2026,1,936525207357.9678,265130932133.1607,89621157220.28961,321088498.0,630192289.0,63942573.0,39201469,2318838.0
tamil-nadu,2026,2,937916167838.1294,284788943434.0261,93999283994.46033,318715551.0,667642639.0,62934777.0,40264046,2358819.0
telangana,2018,1,12423399491.243776,1316445636.2138917,319178533.1659571,3466488.0,5817357.0,57129.0,3449556,36.0
telangana,2018,2,22075517649.658665,1694490577.5530658,631317441.5697474,5011318.0,6332946.0,200012.0,4414688,395.0
telangana,2018,3,30365700862.472122,1978413062.5479784,836249250.1312712,11838453.0,7792425.0,324907.0,5290796,31579.0
telangana,2018,4,46081440035.47229,3848274917.6846843,1228666410.0002105,16046190.0,13909469.0,437924.0,6687832,116006.0
telangana,2019,1,85319540455.10503,6164985124.373475,2026823297.6075563,39258819.0,24788513.0,766073.0,8100506,280921.0
telangana,2019,2,124335864879.21597,10353177191.952589,2993760421.3468103,41264830.0,39189406.0,1000749.0,9164840,388096.0
telangana,2019,3,157634477767.56183,14419160483.876091,6061095345.363766,52781429.0,58293457.0,3037163.0,10225604,490375.0
telangana,2019,4,220372592609.8759,19253524363.049934,10257048661.68765,73588551.0,70715723.0,8205780.0,11330987,571643.0
telangana,2020,1,278613502500.96564,26165921472.546375,13352169351.886293,80752201.0,83326336.0,13251013.0,12385312,640815.0
telangana,2020,2,246873669219.42123,25696632652.104332,13256909348.194078,67182596.0,54016206.0,17127927.0,13431777,673726.0
telangana,2020,3,367127681647.09753,43984574129.58855,17669426403.28238,97545501.0,91185733.0,18741092.0,14605692,802189.0
telangana,2020,4,541619060957.63605,74049862780.52893,24949245748.98179,146516443.0,150218614.0,25104426.0,15891633,986977.0
telangana,2021,1,628599935154.7805,84750001746.74103,32325539480.42288,166657150.0,181674390.0,44128809.0,17082180,1156920.0
telangana,2021,2,796671454814.8999,106469152135.32986,39949756097.35822,209768440.0,193360174.0,57938162.0,18184140,1230127.0
telangana,2021,3,915020718063.9187,141160746201.711,46465968656.7891,252405062.0,276644191.0,63692205.0,19355996,1326576.0
telangana,2021,4,988843323341.8317,170008683532.33478,47979012420.584,268871846.0,316270714.0,57265743.0,20513162,1434453.0
telangana,2022,1,1260996266544.6206,211460696611.1499,57151375462.197914,333860206.0,422012965.0,64419623.0,21608530,1545651.0
telangana,2022,2,1452935935003.293,270089764704.24182,69451111782.40771,385083123.0,533356769.0,74769332.0,22613597,1632694.0
telangana,2022,3,1593003221296.6406,327422910299.6183,83168602672.25273,437894151.0,638075219.0,85263291.0,23635593,1698591.0
telangana,2022,4,1736196198729.0193,357455673967.45654,89158272083.51419,483151075.0,727397449.0,88183985.0,24652313,1755424.0
telangana,2023,1,1897536122945.9717,378155849852.9837,96023768579.53613,522531494.0,807980480.0,94109699.0,25533334,1767962.0
telangana,2023,2,2154504317228.9219,426203455991.6583,115898990615.76514,592921662.0,945635928.0,105486872.0,26347321,1798270.0
telangana,2023,3,2270601054225.1577,469469718130.1089,125742828624.49983,646881028.0,1103013563.0,111964832.0,27152426,1844528.0
telangana,2023,4,2453024924963.2,528265459033.3901,140335565374.5022,695650059.0,1197673180.0,112690584.0,27926155,1893687.0
telangana,2024,1,2515341808958.9707,551637212441.384,140030315642.12573,734914725.0,1318718383.0,116600513.0,28813177,1974451.0
telangana,2024,2,2694489780560.953,614390231757.3098,153027710274.055,782308152.0,1500188080.0,121387058.0,29668981,2034941.0
telangana,2024,3,2740575303938.576,636667952162.2289,172304775357.61182,841561320.0,1637882726.0,128384944.0,30496407,2090746.0
telangana,2024,4,2978364157661.4985,695686216804.9426,185461769757.36212,905792395.0,1785244498.0,133221680.0,31420121,2147214.0
telangana,2025,1,3106162446357.0947,701503784213.8406,204161345380.19858,958239626.0,1855676564.0,143755048.0,32290034,2196581.0
telangana,2025,2,3206185482855.754,753375688787.3877,217575720576.669,962138565.0,1937172444.0,145148278.0,33161493,2246001.0
telangana,2025,3,3161804777164.1587,788245239067.9331,238662475799.42722,1003412650.0,2078091958.0,147360477.0,34013239,2298730.0
telangana,2025,4,3416100281646.537,863546356690.6409,262278926121.95862,1062691144.0,2268697781.0,153727384.0,34807525,2374216.0
telangana,2026,1,3525336117851.279,900239213824.5024,288288320241.09924,1085668689.0,2320751024.0,164767985.0,35513627,2425675.0
telangana,2026,2,3802953114082.1084,1012378680044.0645,312713949965.91516,1143923545.0,2560637907.0,173670988.0,36479877,2481953.0
tripura,2018,1,134421469.7887414,28594349.267880432,3018251.5447109267,52393.0,127863.0,3813.0,55908,
tripura,2018,2,234823711.2926422,39795180.750681534,7098205.466822536,85672.0,166739.0,10572.0,84393,
tripura,2018,3,462622108.7983402,53528153.65399282,11628930.066378605,209683.0,221767.0,15295.0,116340,
tripura,2018,4,636102982.8223121,77316200.24774538,12879216.807753189,203650.0,319338.0,15376.0,155407,6.0
tripura,2019,1,835430897.7767484,80684749.28930724,14835627.718742775,360490.0,343127.0,19000.0,187484,389.0
tripura,2019,2,1064655143.0154159,108657863.84835309,19732258.122727152,338442.0,428388.0,20351.0,222378,882.0
tripura,2019,3,1265594643.273656,124539861.09818189,36531274.737003945,382672.0,452124.0,45479.0,254600,1187.0
tripura,2019,4,1505788066.8313568,126969321.11140788,51982054.108680606,504103.0,405722.0,107837.0,283407,1413.0
tripura,2020,1,1831956802.9914818,162400289.51873952,63620709.42686123,487025.0,467518.0,175447.0,314602,1614.0
tripura,2020,2,1889815503.7170544,240794850.23150808,84402827.28886497,444122.0,537656.0,271589.0,351939,1741.0
tripura,2020,3,2672490831.144614,388228047.1312779,104569062.47761649,656697.0,751363.0,268938.0,395067,1801.0
tripura,2020,4,3280786960.4051666,462547067.77304935,134293401.36861244,792607.0,835017.0,340143.0,431153,1980.0
tripura,2021,1,3682810853.416312,491872668.24625933,192478860.01588684,841592.0,548634.0,622318.0,458876,2294.0
tripura,2021,2,3837789667.9570208,568476415.6842147,254093339.71344012,953822.0,628463.0,846661.0,485926,4022.0
tripura,2021,3,4600632223.041059,899870389.9314712,302298171.2746465,1152547.0,823202.0,900667.0,514890,6525.0
tripura,2021,4,5002477605.98305,1019700029.9353135,314812714.0911961,1220840.0,944059.0,832667.0,544397,9671.0
tripura,2022,1,6443770643.332241,1369022464.871479,354228495.6467906,1605926.0,1401056.0,834523.0,573074,12351.0
tripura,2022,2,6962693904.413734,1613454209.6802697,387533235.4173299,1895868.0,1782176.0,919982.0,603260,15494.0
tripura,2022,3,8420933875.964836,2104092279.6662133,483985911.9537748,2395190.0,2338359.0,1080703.0,636726,20339.0
tripura,2022,4,8821033758.202938,2288692992.4149723,513311484.10871565,2557126.0,2695646.0,1108002.0,668667,23805.0
tripura,2023,1,10545295627.277016,2742674970.230193,581379212.7343385,3052408.0,3266101.0,1246464.0,699295,26411.0
tripura,2023,2,10786215603.027615,3072128972.8487115,674710309.036011,3251151.0,3992703.0,1274385.0,731619,28521.0
tripura,2023,3,11695896993.254982,3414024032.3417635,752170633.869936,3675914.0,4601060.0,1354567.0,768145,32375.0
tripura,2023,4,12663132875.340992,4061621923.279481,813508698.432836,3991339.0,5363050.0,1353229.0,809084,35430.0
tripura,2024,1,13275760018.606487,4392266548.5399065,867414459.4611719,4244206.0,5904516.0,1432777.0,858086,37140.0
tripura,2024,2,13080179254.861387,4818454956.449345,948947899.0045413,4532604.0,7412685.0,1547478.0,910150,38797.0
tripura,2024,3,13873685073.52222,5098592905.158588,1071814226.36081,5092683.0,7914763.0,1567960.0,958718,40877.0
tripura,2024,4,15574695669.12185,5773405042.708102,1151763359.6888337,5671226.0,8800063.0,1563293.0,995320,43371.0
tripura,2025,1,17464159855.708107,6260585074.515974,1292142075.6082501,6475520.0,10267509.0,1879048.0,1032353,45840.0
tripura,2025,2,15758688222.700031,6147123462.053575,1245707761.80565,6198843.0,10787436.0,1766947.0,1069043,47515.0
tripura,2025,3,17272132604.130512,6810445088.5727215,1379027723.8039324,7108559.0,11889161.0,1794173.0,1109299,49397.0
tripura,2025,4,17441409359.38092,6857660893.889088,1445075529.367408,7390643.0,11726652.0,1796441.0,1151875,51531.0
tripura,2026,1,18750566648.781574,7350825480.065079,1575026532.6397154,7907062.0,12274659.0,1915529.0,1191907,52868.0
tripura,2026,2,17723168398.892212,7413864418.371696,1606077513.4726696,7972133.0,12958118.0,1932743.0,1242083,55157.0
uttar-pradesh,2018,1,13355083925.762901,2109100995.8170123,377582599.1326531,4606138.0,10010877.0,169451.0,4921602,24.0
uttar-pradesh,2018,2,24748604242.232025,3182570096.313618,834623865.8777964,7156556.0,12691830.0,489580.0,6777728,342.0
uttar-pradesh,2018,3,36152589648.27175,3348576002.4056916,1192597470.0804255,14943458.0,13655861.0,728215.0,8443146,5805.0
uttar-pradesh,2018,4,53773946471.20892,5422548664.73405,1557541329.7683384,17252893.0,22044677.0,1015326.0,10830097,44207.0
uttar-pradesh,2019,1,75435955645.05594,6747825842.384065,2246388169.435621,35228045.0,27231898.0,1586430.0,13103108,234825.0
uttar-pradesh,2019,2,97212215614.03157,9936465853.186134,3144338553.531819,30351047.0,35244958.0,1984103.0,15042257,480618.0
uttar-pradesh,2019,3,106203485667.85178,11929123210.265785,5696233644.456751,30451139.0,42320219.0,3901349.0,16953678,671645.0
uttar-pradesh,2019,4,142031675828.91815,13154763063.346153,7690995047.733709,45757525.0,43340537.0,8287127.0,18919521,828695.0
uttar-pradesh,2020,1,163816874026.46387,18161512878.25786,8885077278.944054,44357141.0,51336077.0,12419671.0,21194763,979673.0
uttar-pradesh,2020,2,164498429070.71915,21027452519.482277,9878572709.372543,43762763.0,47549454.0,18994344.0,23606047,1043964.0
uttar-pradesh,2020,3,228961014450.9387,31245847521.42512,13534584042.900803,60795727.0,63325777.0,17443753.0,26045233,1242714.0
uttar-pradesh,2020,4,313973784173.3403,48783545831.56669,17684862610.935112,81130686.0,86963902.0,23503808.0,28545839,1586664.0
uttar-pradesh,2021,1,351716296139.5026,58953002371.6373,23211529892.894226,94609938.0,89939335.0,42868220.0,30976739,2059413.0
uttar-pradesh,2021,2,433921574862.84375,72559814390.95123,30473770281.913498,116290503.0,93709752.0,63727920.0,33211904,2328409.0
uttar-pradesh,2021,3,497630965965.4977,95706873410.85835,34307910200.392715,145996374.0,141458681.0,63220283.0,35903262,2857565.0
uttar-pradesh,2021,4,585855457423.0571,130513273154.08374,35690822373.205025,164806510.0,177938209.0,57980385.0,38739893,3413744.0
uttar-pradesh,2022,1,746851048546.8452,167114098930.99405,41359129132.80317,215231907.0,241296678.0,64840860.0,41701425,4069314.0
uttar-pradesh,2022,2,883634507671.5525,217006314819.0974,49430563999.042404,254989934.0,322162022.0,78286836.0,44364283,4486248.0
uttar-pradesh,2022,3,929697831546.5962,238496619969.63855,56601563458.07566,295516731.0,391962498.0,88282275.0,47337748,4865043.0
uttar-pradesh,2022,4,1091519708166.5157,293516673652.5006,61891002082.74872,337143421.0,459462505.0,93491829.0,50213564,5262234.0
uttar-pradesh,2023,1,1248414149539.0254,320071314089.5349,67394574776.597435,384567010.0,521134716.0,105358613.0,53046420,5259389.0
uttar-pradesh,2023,2,1392460935062.545,361293576146.0055,81342963183.65498,447701272.0,651507954.0,121634782.0,55590099,5399393.0
uttar-pradesh,2023,3,1396786099966.482,378807099230.86346,87637416281.07538,489387714.0,747622088.0,124423634.0,58422771,5617414.0
uttar-pradesh,2023,4,1681679844480.74,478356221654.21387,104854526773.55301,576483752.0,869392341.0,131389408.0,61516010,5820508.0
uttar-pradesh,2024,1,1839522667733.1445,529965669667.925,114473269425.2955,653033237.0,989186934.0,152046359.0,64960422,6019346.0
uttar-pradesh,2024,2,1968011476969.917,605811752801.5775,132013713243.27641,736075778.0,1238837502.0,169222802.0,68189228,6248571.0
uttar-pradesh,2024,3,1952340142179.016,612640350181.4207,150344671360.403,784233917.0,1332554852.0,168343616.0,71327157,6485244.0
uttar-pradesh,2024,4,2306195044072.6855,737774383034.4095,166909477472.0299,880393026.0,1489948667.0,172595131.0,74136023,6724830.0
uttar-pradesh,2025,1,2376713571070.225,733606161018.6299,178281259325.64594,904244198.0,1524087525.0,190002269.0,77043398,6931337.0
uttar-pradesh,2025,2,2395027482089.085,784682037304.9282,185258728323.4563,946221765.0,1740462455.0,187420104.0,79721010,7118781.0
uttar-pradesh,2025,3,2248697341090.5166,771618444738.2542,200099793181.10016,968602273.0,1840145039.0,187247305.0,82795120,7328300.0
uttar-pradesh,2025,4,2563667095326.3823,908674782469.4216,224180468510.9749,1056307689.0,1955108328.0,194854047.0,85800260,7586405.0
uttar-pradesh,2026,1,2604866676165.1934,924541371690.3687,231970382242.1432,1088285716.0,2003989823.0,202202501.0,88629936,7724417.0
uttar-pradesh,2026,2,2690239782810.8555,1005488472749.8022,242977206013.3307,1167703027.0,2293024606.0,204578607.0,90563992,7866204.0
uttarakhand,2018,1,1462769440.472188,216641496.92161477,31778239.822997823,441316.0,992270.0,17527.0,499946,
uttarakhand,2018,2,2653053846.7497587,307655434.81581306,62346595.11836988,683917.0,1238396.0,41154.0,673206,
uttarakhand,2018,3,3697926050.9304247,332233891.26774776,89157525.77785479,1129789.0,1333958.0,59779.0,835826,10.0
uttarakhand,2018,4,5617534969.014796,531592285.4610245,119779346.04112902,1703009.0,1847664.0,75025.0,1050477,102.0
uttarakhand,2019,1,7564319671.293369,602799357.2895596,175572111.00730336,4072170.0,2334030.0,113508.0,1272751,7020.0
uttarakhand,2019,2,9931074743.678814,846826379.6150594,218559229.63857365,3080481.0,3147703.0,116912.0,1468181,19747.0
uttarakhand,2019,3,10726673392.334972,975061088.2604833,391775494.9071051,2917737.0,3479573.0,293706.0,1653220,28981.0
uttarakhand,2019,4,13494113135.614656,1158127633.241281,581672775.7079766,3960592.0,3887718.0,741841.0,1825409,39058.0
uttarakhand,2020,1,14449409667.93557,1557356422.8648908,691830068.8829079,4002557.0,4599548.0,1124736.0,2023901,48320.0
uttarakhand,2020,2,13107033390.203093,1812801498.9970412,741437377.7211168,3531631.0,4009760.0,1612644.0,2234769,52918.0
uttarakhand,2020,3,19632860143.18273,2993679713.067266,1005238867.8725135,5220599.0,6069189.0,1610633.0,2456247,65658.0
uttarakhand,2020,4,26756965895.968494,4963292262.88559,1414710326.5902374,7078394.0,9591103.0,2249445.0,2685323,85892.0
uttarakhand,2021,1,29657690353.420197,5577061615.559372,1821031011.046025,8249581.0,9483409.0,4247882.0,2888932,124324.0
uttarakhand,2021,2,32669370290.190002,6405336341.740593,2223393017.802124,9520718.0,9938227.0,5917433.0,3083983,148562.0
uttarakhand,2021,3,40293785570.54443,9291004206.639498,2579790291.960248,12313894.0,14740374.0,6126336.0,3295762,185660.0
uttarakhand,2021,4,43359419483.69867,11948440143.680595,2641193112.578334,13030803.0,18480818.0,5402025.0,3503291,226561.0
uttarakhand,2022,1,51878372736.00059,14354915246.715397,3014812046.287325,15762028.0,23662761.0,5840799.0,3709608,269957.0
uttarakhand,2022,2,65280816871.05847,19273713114.879646,3665282515.822317,19583241.0,34095311.0,6981950.0,3904801,302643.0
uttarakhand,2022,3,67452365190.43675,21009815497.300537,4065096074.860195,21811880.0,38433164.0,7764248.0,4107474,329037.0
uttarakhand,2022,4,73601206046.04071,24061733579.63743,4349922860.844107,23524459.0,43930404.0,7847037.0,4296902,351700.0
uttarakhand,2023,1,78027650710.79749,24289618171.183014,4596875203.779652,25042420.0,46907377.0,8366841.0,4480029,354593.0
uttarakhand,2023,2,97245269489.92119,30668591846.624287,5762630056.843037,31621034.0,62644014.0,9854273.0,4650851,367202.0
uttarakhand,2023,3,91814881893.88148,30817116881.929146,5883386448.912888,32160873.0,64961081.0,9662996.0,4823928,379354.0
uttarakhand,2023,4,104699069355.22476,36777535917.69063,6728777836.322964,36002854.0,73541105.0,9563661.0,4999454,391364.0
uttarakhand,2024,1,105873583413.32202,37287837596.219986,7154115361.668196,37475805.0,76012656.0,10391543.0,5206546,403865.0
uttarakhand,2024,2,124823589774.9772,46891186821.48316,8546180649.733288,46074342.0,101329050.0,11957468.0,5419938,417986.0
uttarakhand,2024,3,118773529712.82721,45253279391.78373,9388794050.761044,46985206.0,100726911.0,11785368.0,5624430,430448.0
uttarakhand,2024,4,132966091699.80385,51735775862.29909,10095028157.41001,50703178.0,108904701.0,11604501.0,5801849,441710.0
uttarakhand,2025,1,133288194540.69507,49294301042.70413,10719574786.37984,51173488.0,111485158.0,12696604.0,5979871,450722.0
uttarakhand,2025,2,146755237645.08243,57454550649.6799,11727977329.173485,56901615.0,132692694.0,12983865.0,6152816,459615.0
uttarakhand,2025,3,132585848850.99255,53580216761.2345,12084337308.197208,55559813.0,129419380.0,12732437.0,6335256,468380.0
uttarakhand,2025,4,146363951939.1096,60509173858.93759,13206168375.780941,58829901.0,132326331.0,12588948.0,6515385,477700.0
uttarakhand,2026,1,144945431868.5817,58852337789.636826,13805193139.634434,59360705.0,132495130.0,12883179.0,6690656,484584.0
uttarakhand,2026,2,167693683641.83484,71763489371.60446,15777429763.077404,69429535.0,163964261.0,13632986.0,6755122,493992.0
west-bengal,2018,1,6238258302.925767,1109548065.590602,275845708.1847661,3872380.0,5952060.0,327081.0,2576622,29.0
west-bengal,2018,2,12160539864.99687,1719436697.4420261,546463785.2360734,7871746.0,8205192.0,706759.0,3795442,153.0
west-bengal,2018,3,35722819705.76487,2074413986.2528338,870803041.9845203,43410545.0,9636974.0,983932.0,4790914,387.0
west-bengal,2018,4,29218222752.069386,3370640825.9916806,1162405647.8517892,16024961.0,16379853.0,1150258.0,6251947,2273.0
west-bengal,2019,1,37686475350.66948,3836114346.355336,1398791837.91248,24963489.0,16502874.0,1634979.0,7438601,160231.0
west-bengal,2019,2,46400816059.134155,6332504322.419497,1985524827.9912548,19337897.0,23489670.0,1753333.0,8602074,408272.0
west-bengal,2019,3,53876800796.96941,9104602664.208382,3442385571.5644846,20140625.0,37079581.0,2823745.0,9692554,557605.0
west-bengal,2019,4,71533571698.40764,7291553887.882013,4105712844.7064667,61838956.0,24001204.0,5108751.0,10931174,667857.0
west-bengal,2020,1,77844336113.54482,9445739816.197874,4276450058.6044693,26827077.0,29827673.0,7338804.0,12052575,775932.0
west-bengal,2020,2,83784498314.53636,10697319489.337654,4796559420.703645,24627758.0,23778596.0,10356741.0,13339774,813620.0
west-bengal,2020,3,123763472270.57347,17080032575.633093,6581445445.767563,35010257.0,33531712.0,10225685.0,14612656,922488.0
west-bengal,2020,4,160715495554.84338,24435764568.810993,9096892842.76675,45232541.0,42774024.0,13258584.0,15870777,1136123.0
west-bengal,2021,1,190737993369.13483,28161041602.89664,12230190967.156412,51079144.0,38286845.0,25635970.0,16981214,1344929.0
west-bengal,2021,2,218182728500.98743,32455434148.456184,16033512672.080395,61512765.0,41133183.0,36102795.0,18090085,1467960.0
west-bengal,2021,3,277566204179.3601,47345317744.911835,19565196455.042103,79783224.0,57001307.0,39116796.0,19374188,1640034.0
west-bengal,2021,4,308619824875.14575,57757202146.956894,19474669648.787018,87580931.0,67551823.0,34629128.0,20723757,1841977.0
west-bengal,2022,1,413027484108.9732,77443695864.56656,21705101469.77173,115561007.0,92376770.0,36139836.0,21954680,2052296.0
west-bengal,2022,2,483634278400.1205,96574772357.72359,25497984812.052967,135617157.0,119264274.0,43931757.0,23181627,2198980.0
west-bengal,2022,3,546268394655.63385,117184443773.71979,32212377068.94464,164053490.0,147555161.0,52520673.0,24486749,2336122.0
west-bengal,2022,4,586495685971.9928,129026831532.86917,34223849498.718464,177653143.0,168668806.0,54136987.0,25739668,2460123.0
west-bengal,2023,1,711500100260.1025,150507863313.188,36854497131.77785,209283878.0,200591201.0,59058589.0,26980199,2476853.0
west-bengal,2023,2,796345798781.7795,172127707905.6635,43380087291.69417,240193606.0,249804214.0,67203833.0,28151830,2540990.0
west-bengal,2023,3,830359347243.5255,193756385887.3784,49391496681.3703,270924969.0,298345848.0,72883447.0,29423200,2645684.0
west-bengal,2023,4,963858233914.0239,231321591400.55017,58389504348.63153,317862227.0,354140336.0,75785796.0,30766242,2741155.0
west-bengal,2024,1,1099859510197.5376,261472890042.75714,61633769764.9934,355342023.0,403108218.0,84631995.0,32233492,2845547.0
west-bengal,2024,2,1180677392601.6338,293647271664.3669,71673328842.29364,393501626.0,499564293.0,95733729.0,33696097,2941809.0
west-bengal,2024,3,1208592247507.6711,314472902449.71216,84988296989.72052,436505032.0,554209559.0,100285771.0,35120561,3036684.0
west-bengal,2024,4,1361827278820.301,357194100819.6271,91726162370.75008,493207369.0,636340603.0,100854212.0,36468735,3131480.0
west-bengal,2025,1,1447673088364.3677,370151979608.3955,96022270950.04193,517424510.0,677544402.0,109081452.0,37781664,3221457.0
west-bengal,2025,2,1440793308249.4573,393773758084.7512,100409443769.78806,534561791.0,764023386.0,111962112.0,39021346,3307755.0
west-bengal,2025,3,1444480288399.4023,424514402665.9608,112777258232.7218,575352040.0,845070081.0,114519341.0,40328474,3397402.0
west-bengal,2025,4,1507019236673.537,453284513011.4431,122466116790.08768,603154869.0,878593910.0,113921300.0,41514118,3501166.0
west-bengal,2026,1,1657761131911.3848,494861726116.8507,128146981420.12091,643075471.0,929319640.0,119448284.0,42771072,3567960.0
west-bengal,2026,2,1577573871700.4841,502117923105.22217,132146318894.60046,653298215.0,1005841996.0,123212798.0,43272502,3631496.0
