,state,year,quarter,p2p_amount,retail_amount,utility_amount,p2p_count,retail_count,utility_count,registered_users,registered_merchants,total_transaction_count,total_transaction_amount,Average_transaction_value,p2p_share,retail_share,utility_share,txn_count_qoq_growth,txn_count_yoy_growth,txn_amount_qoq_growth,txn_amount_yoy_growth,user_qoq_growth,user_yoy_growth,merchant_qoq_growth,merchant_yoy_growth,p2p_count_yoy_growth,retail_count_yoy_growth,utility_count_yoy_growth,transaction_per_user,transaction_value_per_user,txn_per_user_yoy_growth
0,andaman-&-nicobar-islands,2018,1,15513455.551771518,1848410.329510223,1207260.323170079,2297.0,6656.0,136.0,9292,,9089.0,18569126.20445182,2043.032919402775,0.25272307184508747,0.7323137858950379,0.014963142259874574,,,,,,,,,,,,0.9781532501076194,1998.3992901906824,
1,andaman-&-nicobar-islands,2018,2,30744177.30506663,3511612.7506313515,1261485.808650783,4383.0,10462.0,217.0,12739,,15062.0,35517275.86434877,2358.0716946188268,0.2909972115256938,0.6945956712256008,0.014407117248705352,65.71680052811091,,91.27058254272484,,37.09642703400775,,,,,,,1.1823534029358662,2788.0740924993147,
2,andaman-&-nicobar-islands,2018,3,59724958.86573778,4636739.004343481,2981726.8423904683,7608.0,13138.0,408.0,15949,,21154.0,67343424.71247172,3183.484197431773,0.3596482934669566,0.6210645740758249,0.019287132457218494,40.446155888992166,,89.60751654962687,,25.19821022058246,,,,,,,1.3263527493886764,4222.423017899036,
3,andaman-&-nicobar-islands,2018,4,96899260.68219608,7469343.384946894,3614453.453516159,12260.0,18359.0,520.0,20050,,31139.0,107983057.52065913,3467.7753788066134,0.3937184880696233,0.5895821959600501,0.0166993159703266,47.20147489836437,,60.34684600865141,,25.71321085961502,,,,,,,1.553067331670823,5385.688654396964,
4,andaman-&-nicobar-islands,2019,1,113322658.71162094,8596448.53402566,4433622.77843368,15423.0,24638.0,665.0,24369,5.0,40726.0,126352730.02408028,3102.507735207982,0.37870156656681236,0.6049697981633355,0.016328635269852183,30.787758116830986,348.08009682033224,17.011624717059615,580.4452112226372,21.54114713216957,162.25785622040462,,,571.4410100130605,270.16225961538464,388.9705882352941,1.6712216340432517,5184.978046866112,70.85478516371325
5,andaman-&-nicobar-islands,2019,2,147031315.43187344,11684888.200027674,4638592.410453087,18528.0,27418.0,818.0,28099,9.0,46764.0,163354796.0423542,3493.174151962069,0.3962022068257634,0.5863057052433496,0.017492087930887006,14.825909738250754,210.4766963218696,29.284738059258466,359.93053258435594,15.306331815010864,120.574613391946,80.0,,322.7241615331964,162.07226151787418,276.9585253456221,1.6642585145378839,5813.544825166526,40.75812784954258
6,andaman-&-nicobar-islands,2019,3,136433844.7112736,9303261.124080405,5691191.116865713,17346.0,21707.0,1570.0,31181,22.0,40623.0,151428296.95221975,3727.649286173344,0.4269994830514733,0.5343524604288211,0.038648056519705584,-13.131896330510651,92.03460338470266,-7.300978838137184,124.85981014294309,10.968361863411502,95.50442033983322,144.44444444444446,,127.99684542586749,65.22301720200944,284.80392156862746,1.3028126102434174,4856.428496591506,-1.7748023032416405
7,andaman-&-nicobar-islands,2019,4,153165110.298888,8737412.792066216,8938140.80493423,19490.0,18325.0,3850.0,33871,34.0,41665.0,170840663.89588845,4100.339947099207,0.46777871114844594,0.4398175927037081,0.09240369614784591,2.5650493562759946,33.80326921224188,12.819510840694392,58.21061916421797,8.627048523139091,68.93266832917706,54.54545454545454,,58.97226753670473,-0.18519527207364606,640.3846153846155,1.2301083522777598,5043.862416104882,-20.794911644018487
8,andaman-&-nicobar-islands,2020,1,159741233.71285078,12529811.082064984,8756303.866879353,19682.0,23473.0,5949.0,36875,55.0,49104.0,181027348.6617951,3686.61104312877,0.40082274356467906,0.47802623004235906,0.12115102639296188,17.85431417256691,20.571625006138582,5.962681561641858,43.27141853388918,8.868943934339102,51.319299109524394,61.76470588235294,1000.0,27.614601569085128,-4.728468219823034,794.5864661654136,1.3316338983050848,4909.216234896138,-20.31973071797719
9,andaman-&-nicobar-islands,2020,2,166776847.66930902,19545158.58679248,10930551.064741788,23455.0,43610.0,11620.0,41393,67.0,78685.0,197252557.32084328,2506.8635358815945,0.2980873101607676,0.5542352417868717,0.1476774480523607,60.241528185076575,68.25977247455309,8.962849414184904,20.751004622906912,12.252203389830507,47.31129221680488,21.818181818181827,644.4444444444445,26.592184801381702,59.05609453643592,1320.5378973105135,1.900925277220786,4765.3602619004005,14.220552913837281
10,andaman-&-nicobar-islands,2020,3,334973608.1592308,42364469.24439745,14745764.312034247,48650.0,76639.0,18700.0,50005,76.0,143989.0,392083841.71566254,2723.012464255343,0.3378730319677198,0.5322559362173499,0.12987103181493032,82.99421744932324,254.45191147871898,98.77250112297116,158.92376101897057,20.805450196893194,60.37009717456143,13.432835820895516,245.45454545454547,180.4681194511703,253.06122448979593,1091.0828025477708,2.8794920507949207,7840.892745038747,121.02119891646707
11,andaman-&-nicobar-islands,2020,4,617700235.1702638,87452304.29247552,27006783.04050333,95937.0,132834.0,43234.0,61520,187.0,272005.0,732159322.5032426,2691.7127350719384,0.3527030753111156,0.48835131707137736,0.15894560761750703,88.90679149101668,552.838113524541,86.73539804637022,328.5626769452417,23.027697230276978,81.63030320923504,146.0526315789474,450.0,392.237044638276,624.8785811732605,1022.961038961039,4.42140767230169,11901.159338479236,259.43237553949484
12,andaman-&-nicobar-islands,2021,1,806540347.2883372,112077368.12192364,43830157.95790008,130833.0,86168.0,99269.0,69111,329.0,316270.0,962447873.368161,3043.1209832363515,0.41367502450437915,0.27245075410250735,0.3138742213931135,16.273597911803094,544.0819485174325,31.453338609083747,431.65882419581646,12.339076723016905,87.41966101694916,75.93582887700533,498.18181818181813,564.7342749720557,267.09410812422783,1568.6670028576232,4.576261376626007,13926.117019984677,243.65762109621215
13,andaman-&-nicobar-islands,2021,2,905182683.7746007,143189222.21331862,57359121.18818939,167435.0,123565.0,166972.0,77369,406.0,457972.0,1105731027.1761088,2414.407490362094,0.3656009537700995,0.2698090712969352,0.36458997493296535,44.80412305941126,482.0321535235433,14.887367697797217,460.5661301402395,11.948893808510942,86.91324620104848,23.404255319148938,505.97014925373134,613.8563206139416,183.34097684017428,1336.9363166953528,5.919321692150603,14291.65463139124,211.3916029779372
14,andaman-&-nicobar-islands,2021,3,1232300793.5452323,230795549.98857903,67708850.32078207,231422.0,169369.0,186637.0,85547,589.0,587428.0,1530805193.8545933,2605.945228784793,0.39395806805259537,0.2883229944776211,0.3177189374697835,28.267230311023383,307.9672752779726,38.442818029993056,290.4280235462308,10.570124985459284,71.07689231076893,45.07389162561577,675.0,375.6875642343268,120.99583762836153,898.0588235294117,6.866728231264685,17894.317671626046,138.47012285965633
15,andaman-&-nicobar-islands,2021,4,1567798133.6227083,368579676.67848885,75816868.38886881,300209.0,259587.0,162945.0,94375,1110.0,722741.0,2012194678.6900659,2784.1158571190313,0.4153756324879867,0.3591701591579833,0.22545420835403002,23.034822991072957,165.70871858973183,31.44681549082844,174.83016562712064,10.319473505792143,53.40539661898569,88.45500848896435,493.58288770053474,212.92306409414513,95.42210578616921,276.89087292408755,7.658182781456953,21321.268118570235,73.20689131274492
16,andaman-&-nicobar-islands,2022,1,1893472517.2149887,476954261.9172399,82992500.45325463,397423.0,396140.0,204932.0,102605,1618.0,998495.0,2453419279.5854836,2457.1172410332388,0.398022023144833,0.39673708931942575,0.2052408875357413,38.15391682497602,215.70967843930816,21.927530450614952,154.91450991517627,8.720529801324496,48.46406505476697,45.765765765765764,391.79331306990883,203.76357646771072,359.7298300993408,106.44108432642616,9.731445835972906,23911.303343750144,112.65056855532407
17,andaman-&-nicobar-islands,2022,2,2460576139.9419093,653262174.9291698,115629850.03782275,537340.0,629016.0,253200.0,111074,2036.0,1419556.0,3229468164.9089017,2274.9846888103757,0.37852680697344804,0.4431075632099051,0.1783656298166469,42.169565195619406,209.96567475740875,31.631319268614178,192.06634213354192,8.253983723990066,43.56395972547145,25.834363411619286,401.47783251231533,220.92453788037147,409.0567717395703,51.642191505162536,12.78027261105209,29074.92450896611,115.9077217918321
18,andaman-&-nicobar-islands,2022,3,2793281865.2751703,797560084.4862237,136390365.3426937,698789.0,866124.0,312058.0,119671,2469.0,1876971.0,3727232315.104088,1985.7697935152369,0.37229610899688914,0.46144772615027085,0.16625616485284003,32.22239911634341,219.52358416691067,15.413192661375174,143.48181793914966,7.739885121630619,39.88918372356716,21.2671905697446,319.18505942275044,201.95443821244305,411.38283865406305,67.20050150827541,15.68442646923649,31145.66031122066,128.41192983034074
19,andaman-&-nicobar-islands,2022,4,3143303090.7875686,1020572932.3307438,149736033.28276455,822471.0,1130336.0,310348.0,127606,2740.0,2263155.0,4313612056.401077,1906.0170675013762,0.3634178834414788,0.4994514295308982,0.13713068702762293,20.574851715876274,213.13499580070868,15.732309974904645,114.373494875219,6.630679111898452,35.21165562913908,10.976103685702721,146.84684684684686,173.96613692460917,335.4362891824321,90.46181226794316,17.73549049417739,33804.14758241052,131.58875937410377
20,andaman-&-nicobar-islands,2023,1,3385680244.921925,1108835637.0895226,161789897.6599417,882980.0,1254352.0,312565.0,134328,2880.0,2449897.0,4656305779.67139,1900.612874611214,0.3604151521472127,0.5120019331424954,0.1275829147102919,8.25140125179229,145.35896524269023,7.944472492879373,89.78842378943455,5.267777377239313,30.917596608352426,5.109489051094895,77.99752781211373,122.17637127191936,216.64361084465088,52.52132414654618,18.238170746233102,34663.70212964825,87.41481023112259
21,andaman-&-nicobar-islands,2023,2,3778615360.8951855,1274082954.908365,183985465.1784634,997058.0,1593082.0,349028.0,141172,3030.0,2939168.0,5236683780.982014,1781.6891654311744,0.33923137432089623,0.5420180132608956,0.11875061241820814,19.971084498654434,107.04840104934217,12.464344670928874,62.153132143655384,5.0949913644214195,27.097250481660872,5.208333333333326,48.82121807465618,85.55439758811924,153.2657356887583,37.84676145339652,20.819765959255378,37094.35143641808,62.9054918691712
22,andaman-&-nicobar-islands,2023,3,3867448704.7294426,1368002212.5437598,194132309.9383792,1138133.0,1795799.0,360081.0,148091,3143.0,3294013.0,5429583227.211582,1648.3187003850871,0.3455156370056827,0.5451705867584615,0.10931377623585578,12.072974392753322,75.49621171557791,3.6836183794430877,45.67332455261657,4.901113535261947,23.748443649672858,3.72937293729374,27.29850141757797,62.87219747305697,107.33740203481257,15.38912638035237,22.24316805207609,36663.82985604515,41.816904148225944
23,andaman-&-nicobar-islands,2023,4,4549122187.262817,1759268239.2394202,230332035.0154667,1353803.0,2204624.0,362786.0,155470,3205.0,3921213.0,6538722461.517704,1667.5254472321967,0.3452510740936542,0.5622301058371478,0.09251882006919797,19.040604879215707,73.26312161562068,20.42770481438465,51.5834612854146,4.982747094691775,21.835963826152383,1.9726376073814889,16.970802919708028,64.60191301577807,95.04147439345469,16.89651616894583,25.22166977551939,42057.77617236575,42.210162069099425
24,andaman-&-nicobar-islands,2024,1,4890201738.765525,1954703577.178416,228179716.7951702,1467728.0,2483253.0,377365.0,162750,3255.0,4328346.0,7073085032.739111,1634.1311514234562,0.3390967357969996,0.5737186906961689,0.08718457350683148,10.382833067216701,76.67461121834917,8.172277908510228,51.903362180786196,4.682575416479073,21.158656423083787,1.5600624024961096,13.020833333333325,66.22437654307005,97.97098422133499,20.73168780893575,26.595059907834102,43459.815869364735,45.820873583646126
25,andaman-&-nicobar-islands,2024,2,5162158154.0415325,2072879652.7262447,260225403.3522969,1548283.0,2830230.0,417077.0,170651,3440.0,4795590.0,7495263210.120074,1562.9491282866288,0.3228555818992032,0.5901734718772873,0.08697094622350951,10.794978035489766,63.16147971126522,5.9687982743998,43.12995635406725,4.85468509984639,20.881619584620182,5.683563748079878,13.531353135313529,55.2851489080876,77.6575217094914,19.49671659580321,28.10173980814645,43921.58973648015,34.97625219775291
26,andaman-&-nicobar-islands,2024,3,5302737435.265448,2070761616.0674696,292707590.3251203,1730844.0,3128743.0,434919.0,178309,3739.0,5294506.0,7666206641.658037,1447.9550389891026,0.3269132190991945,0.5909414400512532,0.08214534084955234,10.403641679126041,60.731181085199125,2.2806861713295934,41.193279867911635,4.487521315433263,20.405021236942144,8.691860465116275,18.962774419344576,52.07748127855005,74.22567893177354,20.783657010505973,29.6928702421078,42993.94108910956,33.492091470919696
27,andaman-&-nicobar-islands,2024,4,6136436300.439975,2481524882.9257965,316771541.9784509,1988874.0,3637868.0,453059.0,184669,4041.0,6079801.0,8934732725.344223,1469.5765083995714,0.3271281412006742,0.5983531368872106,0.07451872191211521,14.832261971182948,55.04898611730604,16.546985268999094,36.643400571407355,3.566841830754486,18.78111532771596,8.077025942765449,26.084243369734782,46.910148670079764,65.01081363534101,24.88326451406615,32.922694117583355,48382.417868425255,30.533364406898688
28,andaman-&-nicobar-islands,2025,1,6340234515.915836,2502525496.556294,319382590.4770886,2042168.0,3813109.0,476805.0,190713,4344.0,6332082.0,9162142602.949219,1446.9399800806777,0.32251130039061404,0.6021888219388188,0.07529987767056712,4.149494366674178,46.29334161363254,2.545234251495021,29.53530970630933,3.272882833610402,17.181566820276494,7.498144023756503,33.456221198156676,39.138041926024435,53.552980707161126,26.351145442741107,33.20215192461971,48041.52104444489,24.84330563526711
29,andaman-&-nicobar-islands,2025,2,6083764058.930067,2492429112.308087,317262267.1716582,1943344.0,3953793.0,478132.0,196844,4589.0,6375269.0,8893455438.409811,1394.9929702432653,0.3048254120728082,0.6201766545066569,0.07499793342053489,0.6820347557090933,32.940243014936634,-2.932580032676191,18.65434460529556,3.214778226969317,15.34886991579305,5.639963167587481,33.40116279069767,25.516071674235263,39.69864639976257,14.63878372578684,32.387418463351686,45180.22108070254,15.250581225447313
30,andaman-&-nicobar-islands,2025,3,5987445028.796866,2450833410.114036,352059550.06020766,2062721.0,4184644.0,484457.0,203056,4894.0,6731822.0,8790337988.97111,1305.7888323504558,0.3064134791442792,0.6216213084659695,0.07196521238975125,5.592752243081822,27.147310816155468,-1.1594756408555118,14.66346264663101,3.155798500335294,13.87871616127061,6.646328176073224,30.890612463225466,19.174287226347374,33.74840950503126,11.390166904642008,33.15253920100859,43290.21545273771,11.651514086349879
31,andaman-&-nicobar-islands,2025,4,6940894153.206369,3006463522.898556,430340132.5522865,2368365.0,4719538.0,521632.0,209295,5260.0,7609535.0,10377697808.657211,1363.7755537831433,0.3112364947398231,0.6202137187094875,0.06854978655068937,13.03826809443267,25.160922207815673,18.05800666228876,16.150064335107416,3.0725514143881583,13.335210565931476,7.478545157335503,30.165800544419707,19.080695911354862,29.733624199668608,15.135556296199827,36.357939750113474,49584.06941712517,10.434278617239357
32,andaman-&-nicobar-islands,2026,1,7309540774.152678,3151423541.120183,466542074.37311816,2444181.0,4993199.0,527121.0,214818,5541.0,7964501.0,10927506389.645979,1372.0264947729906,0.30688438610278285,0.6269318065249788,0.06618380737223839,4.664752839693875,25.780130453143222,5.297982183775973,19.268023465695716,2.6388590267325984,12.639411052209336,5.342205323193916,27.555248618784532,19.68559883418015,30.94823672756273,10.552741686853118,37.075575603534155,50868.67203700797,11.666182624874576
33,andaman-&-nicobar-islands,2026,2,6919716967.907633,3057475220.283496,465102854.636179,2318395.0,4915599.0,519101.0,220759,5789.0,7753095.0,10442295042.827307,1346.8550356763726,0.2990283235275719,0.6340176406970378,0.06695403577539034,-2.6543533612463643,21.61204491920263,-4.440275114168946,17.41549856682516,2.765596923907676,12.14921460649041,4.475726403176328,26.149487905861847,19.299259420874538,24.326159715493457,8.568554290446983,35.12017630085297,47301.78630464582,8.437714295116061
34,andhra-pradesh,2018,1,12240195598.365974,1399789736.8780491,361085871.48101455,3470494.0,6888562.0,503773.0,2979027,30.0,10862829.0,14001071206.725039,1288.8973219338202,0.3194834421125473,0.6341407012850888,0.046375856602363895,,,,,,,,,,,,3.646435228683728,4699.880600855594,
35,andhra-pradesh,2018,2,23508496914.21012,1997270127.222042,849721558.6855456,5367902.0,8191674.0,1137792.0,3941740,140.0,14697368.0,26355488600.11771,1793.211451201175,0.3652287947066441,0.5573565280531861,0.0774146772401698,35.29963511346814,,88.23908693113825,,32.31635698501558,,366.6666666666667,,,,,3.7286497841054964,6686.257490376765,
36,andhra-pradesh,2018,3,36912048477.86053,2270015172.8517704,1106629847.299339,17848404.0,9823208.0,1591118.0,4841052,9605.0,29262730.0,40288693498.011635,1376.7920319810091,0.6099363934943869,0.3356900740293199,0.05437353247629322,99.10183918644482,,52.8664260765467,,22.8151019600481,,6760.714285714286,,,,,6.044704745993227,8322.301329961263,
37,andhra-pradesh,2018,4,52891909539.82443,3597313104.7495456,1453941462.2139916,19562957.0,14242724.0,1916648.0,6134766,28877.0,35722329.0,57943164106.787964,1622.0432913763254,0.5476394610217044,0.3987064785165603,0.05365406046173529,22.074492024496696,,43.81991341974798,,26.723819533440253,,200.64549713690786,,,,,5.822932610632582,9445.048777213013,
38,andhra-pradesh,2019,1,90765950511.21124,5137363403.173556,2138883952.82676,43527491.0,21565529.0,2888424.0,7399826,117391.0,67981444.0,98042197867.21156,1442.190575816712,0.6402848842104619,0.31722669792068553,0.04248841786885257,90.30518418885846,525.8171236977034,69.20408020266544,600.2478340380101,20.62116142653201,148.39741298081557,306.5207604668075,391203.3333333333,1154.21599922086,213.0628569504056,473.3582387305393,9.186897637863376,13249.257194319374,151.94188465482816
39,andhra-pradesh,2019,2,132848849845.70236,8789415469.061436,3220818000.455343,41431019.0,29006645.0,2803995.0,8379878,202343.0,73241659.0,144859083315.21915,1977.8236224171158,0.5656755945410794,0.3960402508086279,0.03828415465029267,7.737721781843887,398.33180335417876,47.75177063188283,449.6353549467953,13.24425736497048,112.59337247002593,72.36670613590479,144430.7142857143,671.8289007511687,254.0991133192068,146.44179252446844,8.740182016969698,17286.538457387942,134.40608593028452
40,andhra-pradesh,2019,3,159660136797.86392,12510521016.959248,4869658117.274415,49997866.0,38574125.0,4461164.0,9369779,282013.0,93033155.0,177040315932.0976,1902.9808881801073,0.5374198692928344,0.41462772062282527,0.04795241008434036,27.02218419164972,217.9237036325729,22.215543464989906,339.42928042785763,11.812833074658124,93.54840642075317,39.37373667485409,2836.1061946902655,180.12513611861317,292.6835815753876,180.37920506210097,9.929066096436213,18894.823018995176,64.2605638102963
41,andhra-pradesh,2019,4,228673344761.6909,18839555775.579308,6770993321.060511,73565940.0,48905204.0,8291836.0,10528985,355373.0,130762980.0,254283893858.33072,1944.616846896046,0.5625899623884375,0.37399884890968377,0.06341118870187877,40.55524613778818,266.053904268112,43.63050162871336,338.8505491168745,12.371753912232087,71.62814359993519,26.012985216993535,1130.6437649340305,276.0471384770717,243.36973741820736,332.6217437943743,12.41933386741457,24150.845865801,113.2831461029974
42,andhra-pradesh,2020,1,293219560970.77124,25753304148.447426,9555197112.375233,86063489.0,58613484.0,14509601.0,11664133,413286.0,159186574.0,328528062231.59393,2063.792529586031,0.5406454001579304,0.36820620311861224,0.09114839672345734,21.73672854503621,134.16180156455636,29.197353889282063,235.08843067405795,10.781172164268437,57.62712528645943,16.296398432069957,252.05935719092608,97.72214529893304,171.7924702890432,402.33625672685173,13.647527338722904,28165.664968977457,48.55425494755974
43,andhra-pradesh,2020,2,334281400440.19324,32882376987.781883,13448528903.32977,94711506.0,58995509.0,22577871.0,12828761,443589.0,176284886.0,380612306331.3049,2159.0750912775634,0.5372639036111128,0.33466005134439036,0.1280760450444969,10.741051566321168,140.68936778179753,15.853818923691954,162.74659318606712,9.98469410456826,53.09006885303103,7.3322106241198615,119.22626431356656,128.6004744416255,103.38618616527353,705.2036826028576,13.741380480936545,29668.6723161578,57.22075872397918
44,andhra-pradesh,2020,3,513947389670.1229,53839104966.40083,17608984015.605423,136309737.0,90557252.0,24510120.0,14049378,523633.0,251377109.0,585395478652.1293,2328.7541215701117,0.5422519876302659,0.3602446235468481,0.09750338882288602,42.59708515226881,170.20163832990508,53.803612997886205,230.65659399108452,9.514691247268537,49.94353655513113,18.04463140429542,85.67690141943811,172.63110989577032,134.7616491624891,449.4108712434692,17.892401286377233,41667.003240437356,80.20225782160175
45,andhra-pradesh,2020,4,663199285940.3143,75401456430.28206,22037928658.47608,178466683.0,118472460.0,29154133.0,15263807,669451.0,326093276.0,760638671029.0725,2332.5800530430824,0.5472872215862555,0.36330850317809066,0.08940427523565374,29.722740983547546,149.37736659106423,29.93586366270542,199.12970872345045,8.64400544992099,44.96940588290323,27.847366380652105,88.37981501126986,142.59417197686864,142.24918885932874,251.60045374751743,21.363823324023947,49832.82814235482,72.02068606978693
46,andhra-pradesh,2021,1,716653096220.1884,82759457094.47568,27984023265.917984,187035752.0,122228605.0,51307542.0,16309736,778520.0,360571899.0,827396576580.582,2294.6784784817132,0.5187197130966659,0.33898538776589465,0.14229489913743945,10.573239480105068,126.50898875429029,8.77655950113505,151.8495896394122,6.852346862090175,39.828103811916414,16.29230518738489,88.37318467114783,117.32299512049762,108.53325320160118,253.6109780000153,22.107770413941708,50730.2249760868,61.99103225984444
47,andhra-pradesh,2021,2,927829825258.4784,103373510690.33716,36519467539.585205,244005532.0,137701586.0,69008588.0,17327874,835962.0,450715706.0,1067722803488.4008,2368.9496267263444,0.5413734838874241,0.3055176115828544,0.15310890452972145,25.000230813882695,155.67461637068533,29.046074604396523,180.52766180371452,6.242516739694626,35.07051850135801,7.378358937471097,88.45417717752244,157.63029467612944,133.41028551851295,205.64701162478963,26.01102166370785,61618.80006101157,89.2897274752927
48,andhra-pradesh,2021,3,1049054258625.87,138303222601.05695,42224303205.05412,283896229.0,195005296.0,73567732.0,18380260,913133.0,552469257.0,1229581784431.9812,2225.6112332997764,0.5138679218851087,0.35297040247797895,0.13316167563691242,22.575994056883395,119.77707484892748,15.159269841832025,110.04292470162022,6.073370570446213,30.826147605965183,9.23140047035631,74.38415837046175,108.27289029249614,115.33923754665172,200.15247579367218,30.057749835965325,66896.86568263893,67.99170415907474
49,andhra-pradesh,2021,4,1042992560724.562,157162774883.99747,40950541166.518906,288996866.0,223299270.0,64264055.0,19405303,1003391.0,576560191.0,1241105876775.0784,2152.604179318163,0.501243184165658,0.3872956778592437,0.11146113797509825,4.360592683621478,76.80836540769396,0.9372367490317668,63.1662869698669,5.57686887998321,27.132785418473905,9.884430855089011,49.88266504942109,61.93323097734718,88.48200670434294,120.42862670620318,29.711475826994302,63957.04703889851,39.07377615121583
50,andhra-pradesh,2022,1,1324402943762.77,193230061446.52252,48001862333.111694,359825164.0,295596425.0,70133038.0,20341205,1087914.0,725554627.0,1565634867542.4043,2157.845611178777,0.4959311823119281,0.4074075390053298,0.0966612786827421,25.84195688945856,101.22328695392872,26.148372740816473,89.2242380325976,4.822918766071305,24.718174469531572,8.423735114227648,39.74130401274212,92.38309261857059,141.83899096287652,36.691479003223336,35.669205782056665,76968.63915104362,61.34239280666123
51,andhra-pradesh,2022,2,1499434873679.222,236219012585.7199,57831988032.92065,402016237.0,357185042.0,81131062.0,21272937,1160039.0,840332341.0,1793485874297.8625,2134.2578249024723,0.47840148163475243,0.425052118754525,0.09654639961072259,15.819307014080962,86.44398892990874,14.553265993182606,67.97298591341232,4.580515264459506,22.767149622625382,6.629660065041909,38.76695352181081,64.75701747614475,159.39065218900237,17.566616491269183,39.50241290142494,84308.33383739456,51.86797893656401
52,andhra-pradesh,2022,3,1615640055543.1492,277017192718.0835,66745271537.235,442266221.0,425082142.0,89069693.0,22199210,1223491.0,956418056.0,1959402519798.4678,2048.6883403197353,0.46241935545390833,0.4444522343898535,0.09312841015623821,13.814262445481674,73.11697327621616,9.251070659564608,59.35520065496378,4.354231858064539,20.77745363776138,5.469816101010405,33.98825800841718,55.78446482288428,117.98492180438012,21.071685341611456,43.083427563413295,88264.51571017472,43.33550514770144
53,andhra-pradesh,2022,4,1667439499794.4644,291089183587.983,70137776041.61502,470505491.0,468020065.0,91912723.0,23102641,1272711.0,1030438279.0,2028666459424.0623,1968.7413606109467,0.4566071550220428,0.4541951464130342,0.08919769856492298,7.739316770071514,78.72171805909507,3.53495205429859,63.456357542629775,4.0696538300236895,19.053235087336695,4.022914757852725,26.840982229260568,62.80643368637777,109.59319078830845,43.023534696028754,44.602618332683264,87811.0195030976,50.11916133819123
54,andhra-pradesh,2023,1,1858594515192.1409,316722904887.86694,76489974934.73862,515228601.0,526737073.0,96759239.0,23903359,1291077.0,1138724913.0,2251807395014.7466,1977.481452550557,0.45246098958405767,0.4625674445044832,0.08497156591145907,10.508793802292349,56.94544154564396,10.999389996028919,43.82711075855352,3.465915433651068,17.51201071912898,1.4430613077124343,18.674545965949505,43.18859617055577,78.19466964121776,37.96527536708163,47.63869851931689,94204.64274559682,33.55693650818954
55,andhra-pradesh,2023,2,2068118513732.0432,347884097452.54254,93701377087.34505,573773696.0,613447829.0,107815790.0,24687258,1318135.0,1295037315.0,2509703988271.931,1937.939516647774,0.44305572461439074,0.4736912380011228,0.08325303738448649,13.726967787873456,54.110136170517805,11.45287087288811,39.934416224742385,3.279451226917529,16.050068685861298,2.095769655876456,13.628507317426397,42.72401042348943,71.74510600026751,32.89088955842831,52.457721914681656,101659.89225178151,32.79624727123793
56,andhra-pradesh,2023,3,2164307097889.6428,387467306729.4782,102786014632.14882,623522468.0,730559498.0,113563012.0,25473637,1365791.0,1467644978.0,2654560419251.27,1808.721086531916,0.4248455705205295,0.4977767164069566,0.07737771307251391,13.32839301236659,53.45224494590679,5.7718532407114775,35.47805478602233,3.1853638828581055,14.75019606553567,3.615411168051841,11.630653596961471,40.983515899126274,71.86313557251248,27.49904953641189,57.61426913636243,104208.14347206369,33.72721808533361
57,andhra-pradesh,2023,4,2272745802538.289,425607560852.9048,113501661927.53523,673686762.0,800499764.0,114111280.0,26160960,1424574.0,1588297806.0,2811855025318.729,1770.3575580703969,0.4241564519292675,0.5039985328796708,0.07184501519106172,8.22084562742258,54.13808263619446,5.925448331359684,38.606078503265316,2.698173802194015,13.237962707380513,4.303952800977595,11.93224541942357,43.183613132370446,71.0396249784718,24.151778203764017,60.7125199533962,107482.86856899476,36.11873522884228
58,andhra-pradesh,2024,1,2437655805202.796,464366453697.3639,116483628212.71188,722183330.0,907194749.0,120349511.0,26931791,1500986.0,1749727590.0,3018505887112.8716,1725.1290454377938,0.41274043692709905,0.5184777071498312,0.06878185592306972,10.163697474754297,53.656740976211516,7.349271563910675,34.04813812209299,2.946493553753382,12.669482979358682,5.363849122614894,16.258441595660056,40.16755447937565,72.22914343832412,24.380381908543125,64.96885372383886,112079.6566077938,36.37831373057938
59,andhra-pradesh,2024,2,2545981192981.997,506844392506.8508,132848399657.3906,748936609.0,1043588059.0,128360994.0,27773775,1563902.0,1920885662.0,3185673985146.2383,1658.4401915048697,0.3898913005682063,0.5432848397199396,0.0668238597118541,9.781983948712835,48.32666516640101,5.538107404297921,26.9342520087299,3.1263572482052915,12.502469897628977,4.191644692222307,18.645055324378767,30.528222925018866,70.11846968326299,19.055839594552904,69.16185005459286,114700.79184937007,31.843030025358622
60,andhra-pradesh,2024,3,2555374646257.539,530220311285.228,141912176587.07898,803007628.0,1154960340.0,128090297.0,28578957,1619870.0,2086058265.0,3227507134129.846,1547.1797639985123,0.38494017232064226,0.5536567982678087,0.06140302941154906,8.598773277740257,42.13643600939028,1.3131647864364826,21.583487447619596,2.899072956413029,12.190328377530069,3.5787408673945142,18.603065915648887,28.785676412866646,58.09257742344758,12.792268137446028,72.99280603557365,112932.99241570804,26.692236367371148
61,andhra-pradesh,2024,4,2723642149366.8696,576586512076.162,154307909609.36945,872939105.0,1284541504.0,135289441.0,29497544,1683203.0,2292770050.0,3454536571052.4014,1506.7086954718382,0.38073556700550937,0.5602574510252347,0.059006981969255926,9.909204765189038,44.35391406691902,7.034204030776325,22.856140873081586,3.2142075723757157,12.75405795505975,3.909758190472079,18.15483084767797,29.576407648039837,60.46744318590456,18.55921780914209,77.72748978694634,117112.68473919053,28.025471264594294
62,andhra-pradesh,2025,1,2900427019839.6875,595084392377.1418,171284311055.59003,926759367.0,1349213113.0,146913770.0,30313656,1740695.0,2422886250.0,3666795723272.419,1513.3998648398863,0.3825022189960424,0.556861929857417,0.06063585114654062,5.675065408325608,38.47219783509273,6.144359680504241,21.47717647089371,2.766711696404278,12.557148538691699,3.4156307943842723,15.970102319408719,28.327438269725768,48.723646657703476,22.0725940465184,79.92721993018591,120961.84383937124,23.023903530651978
63,andhra-pradesh,2025,2,2961548468456.472,635118418801.311,184854052313.8567,935539501.0,1445602514.0,149776958.0,31181805,1794867.0,2530918973.0,3781520939571.6396,1494.129594788746,0.36964419287238875,0.5711769240429176,0.05917888308469368,4.458844198731993,31.757918915634043,3.1287594116869544,18.703952670726576,2.863887483581662,12.270676204441067,3.1120902857766586,14.768508512681745,24.91571245918358,38.52233182748597,16.684168089256147,81.16653198876716,121273.31755078449,17.3573753806447
64,andhra-pradesh,2025,3,2943072244565.38,672188566378.8623,199434737399.4018,979073292.0,1575163628.0,146091968.0,32097241,1846994.0,2700328888.0,3814695548343.644,1412.6781242447103,0.36257557231302706,0.5833228815200528,0.054101546166920096,6.693612747277777,29.446474880700425,0.8772821650899543,18.193249148993964,2.93580182417279,12.310750178881612,2.9042263298617588,14.021125152018366,21.925777272940184,36.3824863458082,14.053891217068525,84.12962621927535,118848.0825608545,15.257421639982006
65,andhra-pradesh,2025,4,3057714960314.354,727380609254.9849,215010757178.62665,1018086782.0,1696774348.0,147848451.0,32906085,1916104.0,2862709581.0,4000106326747.9653,1397.3147514847283,0.35563746625124387,0.5927162012037853,0.051646332544970794,6.013367250248813,24.858120028216526,4.8604344974483515,15.792849329406856,2.5199798325345135,11.55533830206339,3.7417555227575283,13.836774292821485,16.62746876255474,32.091827528836305,9.283067405090396,86.99635891051761,121561.29563112614,11.924827559692929
66,andhra-pradesh,2026,1,3312089285888.966,794181428195.733,243452858928.82132,1077713980.0,1812911085.0,156804770.0,33598777,1971965.0,3047429835.0,4349723573013.52,1427.3416644598547,0.3536468559906975,0.5948983842641942,0.05145475974510829,6.452636873331508,25.776843011098862,8.740198827409396,18.62464945638216,2.1050574688541657,10.837099292807185,2.915342799764531,13.286072517011881,16.288436715633424,34.36803033799154,6.732520716063584,90.70061791237222,129460.77093858267,13.479010018860361
67,andhra-pradesh,2026,2,3493292328363.7217,874378874522.2871,256026172035.94608,1109707075.0,1978617733.0,157632055.0,34327612,2031948.0,3245956863.0,4623697374921.955,1424.4481889536296,0.34187363598368314,0.6095637793446549,0.04856258467166204,6.514572566032517,28.252105169231754,6.298648576388133,22.270838871666143,2.169230743130912,10.088598142410298,3.041788267033141,13.208833857884738,18.61680600485944,36.87149225585811,5.2445296692432475,94.558190153163,134693.24271440596,16.498990207255805
68,arunachal-pradesh,2018,1,100106050.69601512,11630869.088574529,272787.0378895986,15540.0,40846.0,186.0,26660,,56572.0,112009706.82247925,1979.949565553264,0.27469419500813125,0.7220179594145514,0.0032878455773174007,,,,,,,,,,,,2.121980495123781,4201.41435943283,
69,arunachal-pradesh,2018,2,218040979.1398114,19985066.895706624,1567961.4136905838,30899.0,69003.0,956.0,39517,,100858.0,239594007.44920862,2375.5577886653377,0.3063614190247675,0.6841599079894505,0.009478672985781991,78.28254260057979,,113.90468223341914,,48.2258064516129,,,,,,,2.552268643874788,6063.061655723071,
70,arunachal-pradesh,2018,3,361106876.3323032,26397492.274637625,2844669.26291852,56490.0,102215.0,1622.0,53503,,160327.0,390349037.8698594,2434.7055572040854,0.35234240021955127,0.6375407760389703,0.010116823741478353,58.96309663090682,,62.92103547398165,,35.392362780575446,,,,,,,2.9965983215894436,7295.834586282253,
71,arunachal-pradesh,2018,4,551863399.6052133,41934985.285773486,3478084.732753476,78292.0,141727.0,2197.0,71555,2.0,222216.0,597276469.6237403,2687.8193722492542,0.3523238650682219,0.6377893581020269,0.009886776829751233,38.601732708776446,,53.010872752008574,,33.74016410294749,,,,,,,3.105527216826218,8347.096214432819,
72,arunachal-pradesh,2019,1,708843415.3802242,49391943.52019468,4699030.382277647,114051.0,175799.0,3373.0,88991,27.0,293223.0,762934389.2826965,2601.8913566899473,0.3889565279667693,0.599540281628658,0.011503190404572629,31.95404471325196,418.31824931061306,27.735550969103784,581.1323865813235,24.367269932219983,233.79969992498127,1250.0,,633.9189189189188,330.39465308720565,1713.4408602150536,3.2949736490206876,8573.163457908064,55.278225063444
73,arunachal-pradesh,2019,2,998209237.5753416,66008443.11777704,6188570.690542959,148005.0,235969.0,3321.0,108855,81.0,387295.0,1070406251.3836615,2763.8008530542907,0.38215055706890094,0.6092745839734569,0.008574858957642107,32.082067232106624,284.0002776180373,40.30121939975035,346.7583570972977,22.32135833960738,175.4637244730116,200.0,,378.99608401566394,241.96918974537337,247.3849372384937,3.557898121354095,9833.321862878705,39.40139608315629
74,arunachal-pradesh,2019,3,1203419109.9408553,72061415.66220428,15130587.328627037,187127.0,246085.0,22910.0,128047,153.0,456122.0,1290611112.9316866,2829.5305048467003,0.4102564664716896,0.5395157435949154,0.050227789933395016,17.771207993906458,184.49481372445064,20.572082913695343,230.63002280588955,17.63079325708512,139.32676672336132,88.88888888888889,,231.25685962117188,140.7523357628528,1312.453760789149,3.5621451498277974,10079.198364129474,18.872960855773925
75,arunachal-pradesh,2019,4,1554181904.0581872,79834932.27963962,30804511.924135324,248720.0,245850.0,76238.0,146946,195.0,570808.0,1664821348.2619622,2916.6047922628313,0.4357332062620005,0.4307052458970442,0.13356154784095528,25.143711550857017,156.8707923821867,28.99480963558718,178.73546555596462,14.759424273899423,105.36091118719865,27.450980392156854,9650.0,217.682521841312,73.46729980878732,3370.0955848884846,3.8844745688892517,11329.477143045488,25.08261231273643
76,arunachal-pradesh,2020,1,1786974149.528533,97457640.07224388,44137365.43131894,282980.0,284879.0,128283.0,169049,245.0,696142.0,1928569155.032096,2770.36747536005,0.4064975249302585,0.4092254166534989,0.18427705841624267,21.957295623046626,137.41043506136967,15.84240897952689,152.78309408038587,15.041579900099356,89.96190626018361,25.64102564102564,807.4074074074074,148.11707043340257,62.04813451726119,3703.2315446190337,4.117989458677662,11408.344060196132,24.977917802213256
77,arunachal-pradesh,2020,2,2245390326.2109804,167727755.10215804,66624271.34761126,340273.0,407472.0,224384.0,198449,290.0,972129.0,2479742352.66075,2550.8367229665505,0.35002864846126386,0.41915424804732704,0.23081710349140908,39.64521606224019,151.00478963064333,28.579384679595844,131.66366502954455,17.391407225124066,82.30581966836617,18.36734693877551,258.0246913580247,129.90642208033512,72.68030970169809,6656.519120746763,4.898633905940569,12495.615259642276,37.68336638251477
78,arunachal-pradesh,2020,3,3044427398.1248016,230744818.1166953,70883405.66356106,475422.0,466194.0,218466.0,228945,315.0,1160082.0,3346055621.905058,2884.326816470782,0.40981758186059264,0.4018629717554449,0.1883194463839625,19.33416244140438,154.33590135972395,34.935616126197885,159.2613366162893,15.367172422133656,78.79762899560319,8.62068965517242,105.88235294117645,154.06381762118775,89.44429770201354,853.583587952859,5.067077245626679,14615.10678068994,42.247916143215946
79,arunachal-pradesh,2020,4,3823892537.391588,281510022.088138,90579221.72315848,611037.0,498430.0,284318.0,257285,364.0,1393785.0,4195981781.2028847,3010.494288002012,0.4384011881315985,0.35760895690511807,0.20398985496328342,20.14538627441853,144.17755182127792,25.400837742617256,152.03796104509348,12.378518858241062,75.08812761150354,15.555555555555545,86.66666666666667,145.6726439369572,102.73744152938784,272.93475694535533,5.417280447752493,16308.691844463861,39.459799560524345
80,arunachal-pradesh,2021,1,4364283927.578818,319859004.86536753,140842728.88697693,717820.0,268630.0,525290.0,279538,432.0,1511740.0,4824985661.331163,3191.676916223136,0.47483032796644925,0.17769590008863959,0.34747377194491114,8.462926491532041,117.15971741397588,14.990624672063246,150.18473663449547,8.649163379132085,65.35915622097734,18.681318681318682,76.32653061224491,153.66456993427096,-5.703825132775675,309.47748337659704,5.407994619693923,17260.571590736014,31.326091869853844
81,arunachal-pradesh,2021,2,5259428892.438826,430913945.8937972,183942756.50788608,1019755.0,357066.0,749967.0,303657,565.0,2126788.0,5874285594.840508,2762.045673964922,0.47948126470527386,0.1678897943753679,0.3526289409193582,40.68477383677087,118.77631466605769,21.747213508192154,136.89096524634635,8.62816504375077,53.015132351385,30.787037037037045,94.82758620689656,199.68730989528996,-12.370420544233717,234.23372432972047,7.003915602143207,19345.13478971507,42.976914311754655
82,arunachal-pradesh,2021,3,6496888203.9589,644112068.0788856,217989579.11850983,1295459.0,445416.0,812004.0,327708,863.0,2552879.0,7358989851.156297,2882.6238341716535,0.5074502160110212,0.17447595440285263,0.3180738295861261,20.03448392599545,120.0602198810084,25.274635227470576,119.93029054808413,7.920449717938327,43.13830832732752,52.743362831858406,173.96825396825398,172.48612811354965,-4.456942817796882,271.6843810936255,7.790102774421131,22455.935928193077,53.73957010709982
83,arunachal-pradesh,2021,4,6688484212.847013,848090592.3919425,228961578.2507961,1394700.0,624665.0,761738.0,353110,1555.0,2781103.0,7765536383.489753,2792.250550766999,0.5014916743464733,0.22461052323484604,0.27389780241868067,8.93986749861626,99.53601165172535,5.524488286521767,85.07078410773185,7.751412843140848,37.24468974094874,80.18539976825029,327.19780219780216,128.25131702335537,25.326525289408753,167.91761337657132,7.876024468295999,21991.83365945386,45.38705433948105
84,arunachal-pradesh,2022,1,8431570479.502369,1213984321.5428307,270295885.44847566,1814764.0,974159.0,854235.0,378277,2475.0,3643158.0,9915850686.493675,2721.7734411995516,0.4981293701782904,0.2673941124705544,0.23447651735115524,30.996874261758744,140.99104343339462,27.69048004946173,105.51046951211033,7.127240803149171,35.32221021828874,59.16398713826367,472.9166666666667,152.8160263018584,262.6396902803112,62.621599497420476,9.630926543247408,26213.2000795546,78.08683662840794
85,arunachal-pradesh,2022,2,10064354020.649572,1719362758.949329,311415622.4648111,2362702.0,1560097.0,982108.0,406742,3763.0,4904907.0,12095132402.063713,2465.9249200981208,0.4817016917955835,0.3180686198535467,0.20022968835086985,34.633386748529716,130.62510226689258,21.977758484588982,105.89963165371272,7.524908995260082,33.947842466994004,52.04040404040404,566.0176991150443,131.69310275507354,336.92118543910647,30.953495287125964,12.059012838605307,29736.620270500007,72.17530198272568
86,arunachal-pradesh,2022,3,11109403462.223898,2179521270.96818,347472060.0928934,3089113.0,2127733.0,1108609.0,436558,7280.0,6325455.0,13636396793.284971,2155.7969811317876,0.4883621810604929,0.33637627648920115,0.17526154245030595,28.96177236387969,147.77731337834658,12.74284844503466,85.30256283941367,7.330445343731418,33.21554554664519,93.46266276906722,743.5689455388181,138.45702565654335,377.6956822386263,36.52752942103734,14.489380563407382,31236.162877063234,85.99729660799068
87,arunachal-pradesh,2022,4,11777534655.814371,2545372063.9158983,374731406.2153811,3542488.0,2753357.0,1178436.0,465208,9833.0,7474281.0,14697638125.945652,1966.4283595901268,0.4739570267695314,0.3683775068130299,0.15766546641743867,18.16195040514872,168.75239787954635,7.782417516504592,89.26751997703839,6.562701863211751,31.74591487072018,35.06868131868133,532.347266881029,153.99641499964153,340.7733745287474,54.70358574733045,16.066535829134494,31593.69169478094,103.9929649001019
88,arunachal-pradesh,2023,1,13437468713.054745,2962604076.679456,392287985.02200335,3962069.0,3193883.0,1260713.0,493307,10591.0,8416665.0,16792360774.756205,1995.1323683140774,0.4707409645031613,0.37947132266758865,0.14978771282925007,12.608356576371694,131.02662580102208,14.252103847302866,69.34866513902821,6.040093893484211,30.4089331362996,7.708735889352192,327.9191919191919,118.32420083272535,227.86054432592624,47.583861583756224,17.061718159280122,34040.38615863185,77.15552166933213
89,arunachal-pradesh,2023,2,16037191094.270794,3868143792.085184,454018762.4706393,4985211.0,4518172.0,1413721.0,521967,11544.0,10917104.0,20359353648.82662,1864.9042501405702,0.45664225604152897,0.4138617714001809,0.12949597255829018,29.70819202142416,122.5751477041257,21.24175940426816,68.32683572238396,5.8097695755381595,28.328768605160025,8.998206023982625,206.7765081052352,110.99618149051382,189.60840255445657,43.947610649745236,20.91531456969502,39005.05903405123,73.44134921838257
90,arunachal-pradesh,2023,3,16762630617.285736,4360837225.960386,513670364.3748132,6019719.0,5692334.0,1515279.0,552339,13508.0,13227332.0,21637138207.620937,1635.7900601285987,0.45509699159286243,0.430346346489224,0.11455666191791361,21.16154613897605,109.11273576367235,6.276154836909376,58.67196104381331,5.818758657156486,26.521332789686603,17.01316701316702,85.54945054945055,94.86885070245083,167.5304655236348,36.6829062365541,23.947850866949462,39173.65640959798,65.2786381181073
91,arunachal-pradesh,2023,4,19026613643.76567,5162465655.079903,582873672.6161299,6810909.0,6707771.0,1565683.0,584620,15170.0,15084363.0,24771952971.461704,1642.2273165570004,0.4515211547216147,0.4446837430258076,0.10379510225257772,14.039346710281396,101.81691054965687,14.488120997150332,68.54376709501322,5.844418011402408,25.668518168217226,12.303819958543084,54.27641614969998,92.263431802733,143.6215499842556,32.8610972509326,25.8019961684513,42372.742929529784,60.59464493685602
92,arunachal-pradesh,2024,1,20297775994.341846,5752553999.356636,642984820.5018914,7377899.0,7729487.0,1761139.0,623413,16887.0,16868525.0,26693314814.200375,1582.433248562063,0.4373766526711731,0.458219494591258,0.10440385273756893,11.827890909281358,100.41815849864525,7.7561984917061455,58.96106076001046,6.635592350586705,26.37424565230171,11.318391562293995,59.44670002832593,86.21328906689914,142.00908424009268,39.69388750651417,27.05834655356882,42818.02723748201,58.59098304733972
93,arunachal-pradesh,2024,2,22815675313.90908,6816566167.881161,734808227.2243292,8264639.0,9939346.0,1906208.0,670071,18807.0,20110193.0,30367049709.014572,1510.0327336000491,0.4109676620209463,0.494244187512273,0.0947881504667807,19.21725817758222,84.20812882244229,13.762752660676814,49.15527394831973,7.484284094171922,28.374207564846053,11.369692662995213,62.915800415800405,65.78313335182804,119.98600318890027,34.83622298883584,30.012033053213763,45319.15231223941,43.49309905526986
94,arunachal-pradesh,2024,3,23192051384.07518,7428333021.311048,819807529.6908386,10063903.0,12397130.0,2058012.0,712965,20805.0,24519045.0,31440191935.077065,1282.2763665989871,0.4104524870360979,0.5056122699721788,0.08393524299172338,21.92346935705689,85.36651986961543,3.533903478756195,45.306609558944984,6.4014111937391815,29.08105348345853,10.623703940022322,54.01984009475866,67.18227212931367,117.78641239252651,35.81736432696554,34.39025057331005,44097.80555157275,43.604746682184285
95,arunachal-pradesh,2024,4,25822103124.055893,8222589629.560476,884994048.3434718,10737577.0,13968413.0,2084116.0,743265,22873.0,26790106.0,34929686801.95985,1303.8278684660615,0.4008038266067331,0.5214019309964656,0.07779424239680127,9.262436607951074,77.60183840709746,11.098834492131825,41.00497785620804,4.249857987418748,27.13643050186445,9.939918288872862,50.77785102175345,57.65262757144458,108.24224619474934,33.11225835625731,36.04381479014887,46994.930209225306,39.693900250324354
96,arunachal-pradesh,2025,1,26813086463.35316,8454654943.378321,956107195.9325476,10857782.0,15250004.0,2299656.0,772957,24793.0,28407442.0,36223848602.66403,1275.153482762159,0.3822161108346186,0.5368312993475443,0.08095258981783716,6.03706457899047,68.40501466488622,3.7050483963445346,35.70382267920349,3.9948066974766716,23.98795020315585,8.394176540025367,46.81707822585422,47.166313878788536,97.29645706112191,30.577768137551885,36.75164595184467,46863.989332736535,35.8236944710776
97,arunachal-pradesh,2025,2,27643886032.930893,9911906409.441982,1017109387.8757071,11005299.0,17910730.0,2235425.0,803428,26579.0,31151454.0,38572901830.24859,1238.237606188417,0.35328363806068247,0.5749564691266096,0.07175989281270788,9.65948289184222,54.903804254887056,6.484825103348624,27.022223758530206,3.942133909130785,19.901920841224285,7.2036461904569915,41.32503854947627,33.16127903469226,80.20028681967605,17.27078052342661,38.773174447492494,48010.402712189,29.19209564625136
98,arunachal-pradesh,2025,3,29979448149.66436,11188580612.237747,1127712063.9830122,12684279.0,21332176.0,2317779.0,834455,28636.0,36334234.0,42295740825.88512,1164.0741022883574,0.3490999424950035,0.5871095562383398,0.06379050126665667,16.63736145349748,48.18780258366506,9.651436161116367,34.52761647646552,3.8618270710007563,17.0401071581354,7.739192595658229,37.63999038692623,26.037373372934923,72.07350410941888,12.62222960799062,43.54247263183755,50686.66474032167,26.6128391214179
99,arunachal-pradesh,2025,4,30909100846.09617,11535106085.410069,1186793113.0116506,12859718.0,20914837.0,2328499.0,865553,30529.0,36103054.0,43631000044.51789,1208.5127215143043,0.3561947418631122,0.5793093570422048,0.06449590109468302,-0.6362594571279523,34.762639610309876,3.156959052046182,24.910939774214725,3.72674380284137,16.452812926748873,6.610560134096932,33.47177895335112,19.763685978689605,49.72951472726357,11.725978784290314,41.710968594644115,50408.23617331104,15.722957843086395
100,arunachal-pradesh,2026,1,31041684020.550102,11659632921.829723,1227816610.815425,12775009.0,20987088.0,2412789.0,894421,32620.0,36174886.0,43929133553.195244,1214.3544433891304,0.35314579844149335,0.5801562995941438,0.06669790196436279,0.19896377741339677,27.34298991088322,0.6833066131263443,21.27130398277044,3.3352088202571073,15.714198849353856,6.849225326738506,31.569394587181865,17.657630260029155,37.62021308322281,4.919561882298917,40.4450320374857,49114.604367736494,10.049580066374286
101,arunachal-pradesh,2026,2,32170896129.349693,13992245529.04863,1331805822.9586844,13494356.0,24690742.0,2447416.0,951240,35125.0,40632514.0,47494947481.35701,1168.890201609406,0.3321073365039633,0.6076597180277844,0.06023294546825234,12.32243827941848,30.435369084216735,8.117196128723547,23.13034598841568,6.352601291785409,18.39766600118493,7.679337829552413,32.15320365702246,22.6168957335916,37.85447047663608,9.483252625339711,42.71531264454817,49929.51040889472,10.167179379119995
102,assam,2018,1,1186924047.118826,189085942.5493088,15565101.250725271,367018.0,917663.0,11201.0,449118,,1295882.0,1391575090.91886,1073.843984960714,0.28321868812129497,0.7081377779766985,0.00864353390200651,,,,,,,,,,,,2.885393148348541,3098.462076600938,
103,assam,2018,2,2409964946.0327225,298439178.55836654,44304999.4255633,602513.0,1336377.0,58011.0,669433,,1996901.0,2752709124.0166526,1378.4905330893482,0.30172402137111454,0.6692254648577971,0.0290505137710883,54.09589762030802,,97.812474654101,,49.05503676094034,,,,,,,2.9829736508358566,4112.0009381322,
104,assam,2018,3,3879648785.6750345,378038610.7034386,79484980.68073568,907160.0,1729859.0,89515.0,900297,12.0,2726534.0,4337172377.059209,1590.7274132870557,0.3327154548595396,0.6344534856341421,0.032831059506318275,36.53826604323398,,57.56014099777333,,34.4864982754062,,,,,,,3.0284828228906684,4817.490647041153,
105,assam,2018,4,5988469054.887114,605785723.1318527,99462398.12908512,1425542.0,2764241.0,106444.0,1200972,58.0,4296227.0,6693717176.148052,1558.0455074063946,0.33181254156263157,0.6434113001943333,0.02477615824303511,57.571004065968,,54.33366705813716,,33.39731222030062,,383.3333333333333,,,,,3.5772915605026596,5573.583044523979,
106,assam,2019,1,7641141027.737144,664720871.873915,125076438.64801428,2043007.0,2757939.0,146609.0,1461630,2157.0,4947555.0,8430938338.259073,1704.0615694538158,0.41293265057184814,0.55743473291353,0.02963261651462187,15.160465217503628,281.7905488308349,25.95301110571746,505.85579558571334,21.7039198249418,225.44453796107038,3618.9655172413795,,456.65035502345927,200.53941370633882,1208.892063208642,3.3849572053118777,5768.175487817761,17.313552478949457
107,assam,2019,2,9716138028.871708,796375391.8799789,156927782.6523491,2242546.0,3193461.0,149400.0,1719942,6178.0,5585407.0,10669441203.404036,1910.23522608183,0.40150091121381126,0.5717508142199843,0.026748274566204395,12.892266988441769,179.7037509621158,26.551052508435212,287.59784353225,17.67287206748629,156.92518892854102,186.41631896152063,,272.19877413433403,138.96407974695762,157.53736360345454,3.2474391578320665,6203.372673848325,8.865834497804027
108,assam,2019,3,11369016776.517591,875767755.1466801,301514134.39884603,2646141.0,3051698.0,356634.0,1997575,8036.0,6054473.0,12546298666.063118,2072.2362897750336,0.4370555455445916,0.5040402360370588,0.058904218418349544,8.398063023876334,122.05749130581171,17.590963077431642,189.27369205855854,16.14199781155412,121.87955752379493,30.074457753318228,66866.66666666666,191.6950703293796,76.41310650174378,298.4069708987321,3.030911480169706,6280.764760303427,0.08019386012958485
109,assam,2019,4,13321353917.639404,853705761.9914622,424024614.8586037,3109608.0,2890501.0,891749.0,2240183,9805.0,6891858.0,14599084294.489471,2118.3089225705858,0.4512002423729566,0.4194080899519404,0.129391667675103,13.83084869649267,60.41652361479037,16.361683099247415,118.10130171783895,12.14512596523285,86.53082669704206,22.013439522150314,16805.172413793105,118.13513737231172,4.5676191041229774,737.7635188455902,3.076470984736515,6516.915936996876,-13.999993215419437
110,assam,2020,1,17119634279.402054,1183784053.8192055,561231056.1241894,3723043.0,3406812.0,1545036.0,2534072,11386.0,8674891.0,18864649389.34545,2174.626677078185,0.42917461441302257,0.3927210151689514,0.17810437041802601,25.871586443017257,75.33692904879278,29.21803182180438,123.75503926696805,13.118972869627177,73.37301505853056,16.124426313105555,427.86277236903106,82.23349210257234,23.5274601795036,953.8479902325232,3.4233009164696186,7444.401496621032,1.1327679740698038
111,assam,2020,2,17317287526.421005,1777631474.8497684,813452406.329763,3693429.0,4571702.0,2761829.0,2938372,12767.0,11026960.0,19908371407.600536,1805.427008676964,0.334945352118807,0.4145931426249846,0.2504615052562084,27.113527997066477,97.42446700840244,5.532687073657283,86.59244685887451,15.954558512938855,70.84134232433419,12.128930265238003,106.65263839430237,64.69802626122274,43.15822238004472,1748.6137884872826,3.75274471714269,6775.3066689992065,15.56012398544695
112,assam,2020,3,23137596180.477337,2312224073.557622,918671401.4831024,4865545.0,4773287.0,2322970.0,3266212,14007.0,11961802.0,26368491655.51806,2204.3912493717967,0.40675685820581214,0.39904414067378813,0.19419900112039976,8.477785355165878,97.56966460995035,32.44926526461729,110.16948788922929,11.157198612020537,63.50885448606436,9.712540142555026,74.30313588850174,83.87323275668228,56.41413403292199,551.359657239635,3.662285852847274,8073.110886714659,20.83117163956951
113,assam,2020,4,31716827555.193657,3161617570.9682646,1135365086.183422,6673162.0,5154466.0,2956856.0,3615153,18200.0,14784484.0,36013810212.34534,2435.9193200347972,0.45136252303428376,0.34864023661563026,0.19999724035008595,23.597464662932886,114.52101886022609,36.57895446897446,146.68540496022072,10.683354295434588,61.37757495704592,29.93503248375813,85.61958184599693,114.59817443227571,78.32431125261677,231.57940182719577,4.089587356330424,9961.90485225531,32.93112064506201
114,assam,2021,1,38825399621.9836,3783287496.6582174,1724631842.6515703,8037741.0,3579513.0,5700478.0,3929145,41335.0,17317732.0,44333318961.29339,2559.995671563308,0.46413358285022543,0.2066964080515855,0.32917000909818905,17.134503984041636,99.63054290826247,23.100884632574004,135.0073836322257,8.685441529030724,55.05261886797219,127.11538461538461,263.0335499736519,115.89170471573924,5.069284715446587,268.95438035100796,4.40750646769208,11283.197479679011,28.750190977585845
115,assam,2021,2,44671708956.20358,4765705607.930681,2416445990.8377576,9999466.0,4119253.0,8502474.0,4267940,70790.0,22621193.0,51853860554.97202,2292.2690485409867,0.44203972796660196,0.18209707153818103,0.37586320049521704,30.624454749617325,105.14441876999645,16.96363315420775,160.4625938170687,8.622613825654192,45.248457309013304,71.25922341841056,454.47638442860494,170.736651496482,-9.896729926841253,207.85664137786952,5.300260312937858,12149.622664557613,41.2369002539942
116,assam,2021,3,53499764245.62204,7278565079.784382,3227412132.5014114,12915370.0,6486596.0,9291264.0,4661558,115235.0,28693230.0,64005741457.90783,2230.691402045285,0.4501190698990668,0.22606712454470967,0.3238138055562235,26.842249212939386,139.8738083108214,23.434862463235874,142.73569491227812,9.222669484575707,42.720619482140165,62.784291566605454,722.695794959663,165.44549480068525,35.893693381520954,299.9734822231884,6.155287566946502,13730.547052703801,68.07228638804979
117,assam,2021,4,64091870334.87965,10376969400.275354,3352084986.414167,15760519.0,10034417.0,9233797.0,5099567,178337.0,35028733.0,77820924721.56917,2221.6311598129787,0.449931175072761,0.28646245926165814,0.2636063656655809,22.080131794154934,136.9290196397791,21.58428751699819,116.08634094176624,9.396193289882904,41.060890092341886,54.759404694754195,879.8736263736263,136.17767708921198,94.67423007543361,212.28429791643558,6.868962207967853,15260.300476799142,67.96223211457098
118,assam,2022,1,90133302659.5852,16163444485.234837,4076971297.209541,22622208.0,16994856.0,10408631.0,5551092,254792.0,50025695.0,110373718442.02957,2206.340530441997,0.45221176837223354,0.3397225365884472,0.2080656950393193,42.813315571533806,188.86978387239162,41.83038666904704,148.9633553905469,8.854183110056212,41.279896771435,42.87108115534073,516.4074029273014,181.44982526806973,374.78123420699967,82.59224928155146,9.011865593292274,19883.24431337646,104.4663044592466
119,assam,2022,2,102000243112.71204,20504661830.51574,4589818092.247853,28055767.0,24578300.0,12166210.0,6021618,312828.0,64800277.0,127094723035.47563,1961.3299343685774,0.43295751652419634,0.3792931317253474,0.18774935175045626,29.533986484345686,186.45826504375785,15.149443934181006,145.10175650420135,8.476278180941698,41.08956545780869,22.777795221200048,341.9098742760277,180.57265257964775,496.6688620485316,43.09023467757738,10.761273298970476,21106.40745319209,103.03292033982494
120,assam,2022,3,118029810285.06056,26820923202.821663,5822444506.078704,35183163.0,34972826.0,14185524.0,6517957,375732.0,84341513.0,150673177993.96094,1786.4652012344259,0.4171511957581316,0.41465732301956687,0.16819148122230151,30.156099487043853,193.94220518219805,18.55187563680667,135.40572230234739,8.242618512167322,39.82357400680201,20.1081744600867,226.05718748644077,172.41312482724075,439.1552980947171,52.675933005455455,12.939869502054094,23116.626573934278,110.22363880349575
121,assam,2022,4,134147548021.9758,31957503214.296555,6281243253.942713,40692233.0,41152378.0,15240015.0,6999042,428380.0,97084626.0,172386294490.21506,1775.6291762427459,0.4191418834945092,0.42388151137338675,0.156976605132104,15.108945223688352,177.15711555996046,14.410737720766997,121.51663592662985,7.380917057292646,37.24777025186648,14.012115018151228,140.20814525308825,158.19094536163436,310.1122965091046,65.04602602807923,13.87113064902311,24629.98428788041,101.93924830351935
122,assam,2023,1,166680940763.5238,38643954776.468925,7100599447.140171,48450507.0,49721049.0,17044791.0,7478158,468585.0,115216347.0,212425494987.1329,1843.7096863271745,0.42051764581635276,0.43154509142700037,0.14793726275664684,18.676202141418365,130.31433546300553,23.226440718690977,92.46021424810738,6.845451134598135,34.7150794834602,9.385358793594477,83.90883544224307,114.17231686668252,192.56528563701863,63.75631915474764,15.407049035337312,28406.125544169154,70.96403486981775
123,assam,2023,2,182933328397.1992,44075550342.92614,8252664463.368139,57867509.0,62198937.0,19532756.0,7935267,498188.0,139599202.0,235261543203.49347,1685.2642410054284,0.4145260730072082,0.4455536715747129,0.13992025541807895,21.162669738175268,115.42994638742053,10.750144759104273,85.10724724410903,6.112588153392862,31.779647928513555,6.317530437380614,59.253008042758324,106.25887362124158,153.06443895631512,60.54922609423969,17.592250141047554,29647.590081530147,63.4774032059068
124,assam,2023,3,185012014050.4341,48800811274.30323,9655216302.232512,66738687.0,80789947.0,20749479.0,8451423,538577.0,168278113.0,243468041626.96985,1446.8194186784697,0.3965975480126759,0.4800977712413497,0.12330468074597438,20.543749956393007,99.51991257259043,3.4882447474120504,61.586849675878064,6.5045826435329746,29.663681426557442,8.10718042184877,43.34073222403203,89.68927552079384,131.00777443607217,46.27220679334791,19.91121648981479,28807.934666974998,53.87494044398249
125,assam,2023,4,217119731090.9958,58068704894.25728,10630010056.444412,79931097.0,93896583.0,20524429.0,9011333,574112.0,194352109.0,285818446041.69745,1470.6217880131028,0.4112695118734215,0.48312613371229224,0.10560435441428628,15.494585442611907,100.18834805008159,17.394646185068872,65.80114265285806,6.625038174044784,28.750949058456854,6.597942355503483,34.01932863345627,96.42838720598105,128.1680611506825,34.67459841739,21.567520476715266,31717.665526476212,55.48494944234545
126,assam,2024,1,244371165918.07275,65698909312.36518,11136799999.924507,91156112.0,108690485.0,22782397.0,9619049,611691.0,222628994.0,321206875230.3624,1442.789950487592,0.4094530113180137,0.4882135208318823,0.10233346785010401,14.549307000316624,93.22691596879042,12.381436425381098,51.20919230990548,6.7439079212809006,28.628587414173378,6.545586923805802,30.540030090591898,88.14274121011778,118.60054682273496,33.661932258365624,23.14459506339972,33392.789165577844,50.22081782381376
127,assam,2024,2,258569727206.37756,74215013284.72882,12452241395.65348,105567953.0,143706811.0,25314244.0,10259479,645880.0,274589008.0,345236981886.7599,1257.2862417229749,0.3844580442928728,0.5233523805148093,0.09218957519231796,23.33928437012116,96.69812152651131,7.481193121773511,46.74603302595073,6.6579346877222445,29.289650871230922,5.589259936798152,29.645836511517732,82.43044296238844,131.04383761413803,29.598936268901333,26.764420298535626,33650.537409039964,52.137561050742896
128,assam,2024,3,244189815253.5426,74579926884.107,14550390591.36288,112086581.0,159283968.0,26379142.0,10865707,683854.0,297749691.0,333320132729.01245,1119.4642439746897,0.3764456669075099,0.534959305801597,0.08859502729089314,8.43467230123065,76.93904792003461,-3.451788129018063,36.9050863931085,5.908955025883866,28.566597601374344,5.879420325757101,26.974230240058517,67.94843596488495,97.15815384802767,27.13158725575713,27.40269832418636,30676.340962351776,37.624430622828584
129,assam,2024,4,282407857879.87585,84627619470.64844,15246699935.912266,129253234.0,178000773.0,25832036.0,11341543,725330.0,333086043.0,382282177286.4366,1147.6979757042434,0.38804758324863226,0.5343987739528312,0.07755364279853659,11.867804759535417,71.38277773975688,14.68919508598361,33.75000199625542,4.379245639515217,25.85866042238145,6.065037274038021,26.339459896326844,61.70581769946182,89.5710869478605,25.8599496239335,29.368670823714197,33706.36405350106,36.1708261986871
130,assam,2025,1,336788696063.1076,95393470156.00005,17080344941.693253,148257710.0,202129241.0,31062214.0,11808496,761966.0,381449165.0,449262511160.8009,1177.7782005652075,0.3886696409467825,0.5298982395203303,0.08143211953288716,14.519708350553739,71.3384937633056,17.521176202828116,39.867028325156426,4.117191108828844,22.761574455021496,5.050942329698205,24.56714256054118,62.64154618617346,85.9677422545313,36.343045905134574,32.30294230526902,38045.701261261456,39.570133833760956
131,assam,2025,2,325697337347.401,100513227584.14102,17809295161.74906,152460784.0,228314633.0,31747436.0,12266826,794454.0,412522853.0,444019860093.2911,1076.3521508305166,0.3695814253471189,0.5534593570746976,0.07695921757818348,8.146219955678768,50.23283561299729,-1.1669460365085649,28.613063892133273,3.8813579646383323,19.56577911997286,4.263707304525388,23.00334427447823,44.41957020801568,58.875304107889505,25.413328559209592,33.62914359427614,36196.80103828742,25.64869038510842
132,assam,2025,3,319860884865.33484,104826606769.10976,19790239992.761154,163168524.0,257785154.0,33608696.0,12771675,832239.0,454562374.0,444477731627.20575,977.8146125820914,0.35895739140081134,0.5671062295182399,0.07393637908094874,10.190834445722219,52.66594315290154,0.10311960681634869,33.34860033449101,4.115563390236399,17.541131930025355,4.7560966399565086,21.698344968370442,45.573647214736624,61.83998756233897,27.406327317241775,35.59144544470479,34801.835438750655,29.882995548985104
133,assam,2025,4,335697694598.261,111962613632.69649,20583065177.83132,173912850.0,262799498.0,32082813.0,13282617,886076.0,468795161.0,468243373408.78876,998.8229665382335,0.37097833866079516,0.560584920372077,0.06843674096712786,3.1310965918177835,40.742961421532755,5.3468689408979975,22.48632063690039,4.000587236991238,17.114725923977005,6.468935005449161,22.161774640508458,34.552029854819736,47.639526262057295,24.197771325496763,35.293885308896584,35252.34322489226,20.175289922886066
134,assam,2026,1,375451797905.4099,125154947189.45412,22357986842.442986,187964652.0,280234793.0,35281902.0,13764766,925132.0,503481347.0,522964731937.307,1038.6973321919452,0.37332992199212495,0.5565941909661253,0.07007588704174973,7.399006834031718,31.99172870125433,11.686520650607267,16.40515710649324,3.629924735464396,16.566631347463723,4.4077483195572364,21.413816364509696,26.78237914237309,38.64139182118633,13.584633728941542,36.57754494337208,37992.998350811555,13.232858473718112
135,assam,2026,2,365913888391.6631,129968718141.15704,23813472820.048767,196477566.0,314710936.0,37936564.0,14095525,984328.0,549125066.0,519696079352.8689,946.407497181833,0.3578011243070809,0.5731134043697069,0.06908547132321219,9.065622643613057,33.11385345238074,-0.6250235216301303,17.04343117528073,2.4029395051103686,14.907678644826294,6.398654462282138,23.899936308458393,28.870887873697406,37.8408960760741,19.49489086299756,38.95740428256486,36869.57948376303,15.844175970022679
136,bihar,2018,1,6370984464.352457,878752827.2044792,69031817.00032617,2402724.0,4816218.0,48864.0,2173873,2.0,7267806.0,7318769108.557262,1007.0121723883744,0.3305982575759452,0.6626783929015166,0.006723349522538164,,,,,,,,,,,,3.3432523427081526,3366.695804473059,
137,bihar,2018,2,14329235091.554424,1439734180.0352306,219294866.52948177,3988478.0,6197442.0,248659.0,3075993,4.0,10434579.0,15988264138.119137,1532.2385443743476,0.3822366000583253,0.5939331141198892,0.02383028582178543,43.57261324806964,,118.45564330517426,,41.498284398398624,,100.0,,,,,3.3922635714710663,5197.756996884953,
138,bihar,2018,3,21483849895.333675,1384699523.9629416,307233790.0564733,9964049.0,6195903.0,347261.0,3846555,79.0,16507213.0,23175783209.35309,1403.9791701574995,0.6036178851027124,0.37534519000875555,0.021036924888532062,58.19721140642089,,44.954968276371574,,25.050837241827285,,1875.0,,,,,4.291427784082121,6025.075219086452,
139,bihar,2018,4,30021762375.033607,2143327258.5340884,398007100.2584014,9133500.0,8778363.0,412736.0,4894391,780.0,18324599.0,32563096733.826096,1777.0155152549912,0.49842836942843877,0.4790480271901175,0.02252360338144371,11.009647721877712,,40.50483834645362,,27.240894774674995,,887.3417721518987,,,,,3.743999815298778,6653.145760897749,
140,bihar,2019,1,41437276300.44496,2409638845.0327177,536622839.36429393,17822554.0,10134940.0,620729.0,5903371,47091.0,28578223.0,44383537984.84197,1553.054505342826,0.6236410850317741,0.35463856517600834,0.021720349792217663,55.9555164072076,293.216646124016,36.30011404516378,506.434460856919,20.615026466009766,171.56006813645507,5937.307692307692,2354450.0,641.764513943341,110.43358087196218,1170.3196627373936,4.8410006757156205,7518.33790978781,44.799141060176105
141,bihar,2019,2,56462296825.01355,3855638879.111592,752248711.4583571,15127981.0,13444865.0,639972.0,6750778,136642.0,29212818.0,61070184415.5835,2090.5269876936727,0.5178542172822903,0.46023855007757214,0.021907232640137626,2.220554441051137,179.9616352514078,37.59647650541156,281.9688234320591,14.35462890609449,119.46662427385237,190.1658491006774,3415950.0,279.2920758244122,116.94216742972343,157.3693290811915,4.327326124485207,9046.392047788197,27.56456075164726
142,bihar,2019,3,58447436871.49278,4427535078.475287,1163842307.2254095,14075183.0,14352593.0,1264920.0,7595450,192625.0,29692696.0,64038814257.19348,2156.719425450403,0.4740284614101731,0.48337116306313177,0.04260037552669518,1.6426967093691625,79.87709978662055,4.861013389788393,176.3177998288715,12.512217110383418,97.46110480676866,40.970565419124426,243729.11392405062,41.259672649140924,131.64650899150615,264.2562798586654,3.9092741048917445,8431.207401430262,-8.905047420531476
143,bihar,2019,4,82407463586.30508,4988365052.794287,1712347482.1001818,23834576.0,13833728.0,3299582.0,8557982,237558.0,40967886.0,89108176121.19955,2175.073815651595,0.581786817118169,0.3376724881532818,0.08054069472854909,37.97294122433341,123.56770808463531,39.14713624040913,173.6477333515863,12.67248155145515,74.85284686082497,23.326670992861786,30356.153846153848,160.95774894618714,57.58892631803902,699.4412893471856,4.787096537478111,10412.288331665053,27.8604907488782
144,bihar,2020,1,97441114523.99834,6907458254.761826,2267465203.175734,22185121.0,16415988.0,5455724.0,9579162,287792.0,44056833.0,106616037981.9359,2419.9660012315435,0.5035568716434974,0.3726093521066301,0.12383377624987252,7.539922855672865,54.162254944962804,19.64787365518874,140.21527535355065,11.932485952880011,62.26596634363655,21.145993820456475,511.14013293410625,24.477788088059647,61.974200143266756,778.9220416639145,4.599236655565487,11129.996338086348,-4.994091848879878
145,bihar,2020,2,117745201602.22449,9577383483.204472,3006920750.9022727,26487666.0,18443012.0,9024105.0,10810307,310562.0,53954783.0,130329505836.33122,2415.532017547568,0.49092340895894254,0.34182348578809035,0.1672531052529671,22.46632207993706,84.69557781108279,22.241933111801735,113.40938640276082,12.852324660549641,60.134239342487625,7.911964196364041,127.2815093455892,75.0905557060126,37.17513712484284,1310.0780971667511,4.991050022908692,12056.04113151747,15.337968050708085
146,bihar,2020,3,155556544704.2381,15672547616.252895,4198252862.295013,37372584.0,26489558.0,8917471.0,11972054,376344.0,72779613.0,175427345182.786,2410.3912888735204,0.5135034724628172,0.3639694813985889,0.12252704613859379,34.890011512047046,145.10948079622005,34.60293895619384,173.93909024959854,10.746660571249267,57.621391754273944,21.181599809377836,95.37650876054511,165.52112324223424,84.56287306412158,604.9830028776523,6.079125018981705,14653.069989726575,55.505212882739215
147,bihar,2020,4,209052295431.7222,24616828774.88288,5759957132.904346,49315343.0,37187582.0,11193683.0,13128377,527212.0,97696608.0,239429081339.50943,2450.740985188651,0.5047805037407235,0.38064353268027484,0.11457596357900164,34.23622903848087,138.47119668317765,36.48332937492555,168.69485131628377,9.65851807885263,53.40505507022566,40.087792020066736,121.92980240614926,106.90673498869879,168.81822455956922,239.2454862464397,7.441636388107989,18237.523293207487,55.45198075383531
148,bihar,2021,1,239577613158.9112,29297805888.26821,8506895122.171409,57601479.0,33189718.0,20899510.0,14274751,734157.0,111690707.0,277382314169.3508,2483.486062715592,0.5157231120401091,0.2971573812313678,0.1871195067285231,14.324037739365526,153.51506087602803,15.851555131694251,160.16940736097146,8.732031385143802,49.01878682080958,39.25271048458685,155.0998637905154,159.64013899225523,102.17922917584978,283.0749136136652,7.824354134093127,19431.674441771407,70.12288603642433
149,bihar,2021,2,321380940326.9004,40395565631.2697,12529720268.875004,78237915.0,42188486.0,32501986.0,15401467,873547.0,152928387.0,374306226227.0451,2447.591539869214,0.5115983797043514,0.27587086235337066,0.2125307579422779,36.92131700804795,183.43805404610745,34.942354687588015,187.19991211898073,7.893069378232931,42.47020921792508,18.986402091105848,181.2794224663674,195.37489260095623,128.75052079345824,260.168526407882,9.929468861635064,24303.28398113278,98.9454887460405
150,bihar,2021,3,334131286277.5516,50504254398.76271,13533659575.163368,92724849.0,60516429.0,31570844.0,16692841,1100249.0,184812122.0,398169200251.47766,2154.453917538362,0.5017249301428399,0.32744837484199224,0.1708266950151679,20.848800948904266,153.93391690609843,6.375254364579508,126.97100035151672,8.384746725750226,39.43172157425951,25.951894975313294,192.35194396615861,148.10927978648732,128.453902477346,254.03360437056648,11.071340223033335,23852.69231591421,82.12062078775703
151,bihar,2021,4,373714846467.3999,66786278846.14114,15371985351.970598,102626865.0,80117478.0,28850796.0,17989043,1305682.0,211595139.0,455873110665.5116,2154.459279263082,0.48501522995762203,0.3786357209274075,0.13634904911497045,14.492023959337462,116.5839155848686,14.492308892196837,90.40005838684459,7.765017350851178,37.02411958462193,18.671500723927046,147.6578681820596,108.1033178660037,115.44148258953757,157.7417638144657,11.76244556200127,25341.709987880487,58.06262155993127
152,bihar,2022,1,500204764163.7777,87869366377.00702,19706154912.055637,137367506.0,110204201.0,31793367.0,19351497,1548974.0,279365074.0,607780285452.8403,2175.5771999360245,0.49171324114767473,0.39448095433719105,0.1138058045151342,32.02811525835667,150.1238299082483,33.322249378903976,119.1128469285792,7.573799228786093,35.56451527595823,18.633327257326048,110.98675079036227,138.47913002372735,232.04319783614915,52.124939771315205,14.436354665481435,31407.404060411467,84.5053843176369
153,bihar,2022,2,605277701199.921,114722978468.8818,21818765294.43192,161392512.0,149362668.0,40232225.0,20671708,1703453.0,350987405.0,741819444963.2347,2113.5215520432557,0.4598242264562171,0.4255499367562776,0.11462583678750524,25.63753942985729,129.51095730840345,22.053884062811548,98.18517379223744,6.8222680653594825,34.21908445474706,9.972988571790097,95.00416119567694,106.28427022882705,254.03656817644512,23.783897390147168,16.97911972247286,35885.73546816909,70.99726036783144
154,bihar,2022,3,603785799739.7572,119740151961.8884,24206844158.26044,180096829.0,172516214.0,45468409.0,22066926,1848624.0,398081452.0,747732795859.9061,1878.3412090747352,0.45241200788224617,0.4333691337118616,0.11421885840589227,13.417588873310148,115.3979120482151,0.7971415331347265,87.79272615452159,6.749408418501268,32.19395068820221,8.522160576194349,68.01869395018765,94.22714724507128,185.07335421262218,44.0202517233939,18.039732946945126,33884.77379495024,62.940823635917354
155,bihar,2022,4,703266663443.4142,150801875020.0727,27078717991.826057,211334089.0,219181745.0,48045808.0,23466284,1983316.0,478561642.0,881147256455.3129,1841.2408749953947,0.4416026493824175,0.45800107188699424,0.10039627873058828,20.217015788015157,126.16854255805943,17.842531628157055,93.2878329166991,6.341426984438159,30.447650828340333,7.286067907806015,51.89885439180444,105.92472448612749,173.57544255199846,66.5320014047446,20.393584344244704,37549.501082289506,73.37877771036354
156,bihar,2023,1,835873300629.263,170297462830.0274,31718089340.77512,245637029.0,256728191.0,54933265.0,24855994,1998018.0,557298485.0,1037888852800.0654,1862.357212042422,0.4407638556562737,0.46066551033240294,0.09857063401132339,16.452811109336672,99.48752971174915,17.78835435240349,70.76711397882262,5.922156230615805,28.444812305735322,0.7412837893709279,28.98977000259526,78.81741916461671,132.9568098769665,72.78215610193158,22.42109026096482,41756.07914936194,55.30991569897887
157,bihar,2023,2,979563951429.0673,207204687598.18292,38143622722.929184,293573878.0,339365938.0,65606677.0,26174400,2036559.0,698546493.0,1224912261750.1794,1753.5157273349585,0.4202639064712905,0.4858172525389802,0.09391884098972923,25.34512685782737,99.02323646057897,18.0195989624085,65.12269529560353,5.3041773344489895,26.619435607352806,1.9289616009465327,19.5547514372278,81.90055682385066,127.20934390379259,63.069969408850746,26.68815686319457,46798.10279319409,57.1822173317456
158,bihar,2023,3,907924136837.0789,198372125582.7665,41707905164.77739,311733910.0,364225692.0,68033312.0,27578408,2114351.0,743992914.0,1148004167584.6228,1543.0310504067822,0.41900118150856475,0.48955532390998013,0.0914434945814551,6.505854865124916,86.89464436539484,-6.278661465570501,53.53133819206064,5.3640503698270114,24.97621100465013,3.819776397344743,14.374313002535931,73.09239242629863,111.12548412406036,49.627650265924196,26.97736990474577,41626.91942133218,49.54417553788766
159,bihar,2023,4,1121244267620.5176,262945529835.2564,52673563122.33756,394950650.0,471333078.0,73025892.0,29113524,2194129.0,939309620.0,1436863360578.1116,1529.7015275731037,0.42046907812995676,0.5017867037282127,0.07774421814183059,26.252495463955448,96.27766573067717,25.16185926408634,63.06733636762809,5.566369168227547,24.065335610870477,3.7731672744969913,10.629319785651914,86.88449737041712,115.0421231476189,51.992223754463666,32.26368680067724,49353.81098413616,58.205081833897495
160,bihar,2024,1,1274304847819.7268,296927855143.96936,62609586033.82802,455919236.0,544022949.0,86165652.0,30849769,2272717.0,1086107837.0,1633842288997.5244,1504.309455597386,0.41977345201680927,0.5008922046844599,0.07933434329873085,15.628309757968829,94.88799381896757,13.708953392767963,57.41977424554352,5.963706076942121,24.11400244142319,3.5817401802719973,13.748574837664119,85.6068842128847,111.90619810038704,56.85514414626547,35.20635233929953,52961.24872110142,57.02337366079777
161,bihar,2024,2,1451226076429.3994,355302105832.3967,71685317876.41507,529175031.0,693433446.0,99126252.0,32631512,2362109.0,1321734729.0,1878213500138.2112,1421.0215249161477,0.4003640211529919,0.5246388937095108,0.07499708513749737,21.694613000016496,89.21213437399649,14.956842088511824,53.334533320336085,5.775547298263395,24.669570267131235,3.933265778361328,15.98529676773419,80.25276451878325,104.33207000285338,51.09171281453564,40.50485705351318,57558.27373669388,51.77090445452646
162,bihar,2024,3,1357964976036.6426,340257852548.96,76702732721.01842,547856063.0,710563604.0,96191519.0,34194093,2458579.0,1354611186.0,1774925561306.6208,1310.284146218929,0.4044378701889739,0.5245517026167537,0.0710104271942724,2.487371806056249,82.07313006747266,-5.499265063529235,54.609679252387025,4.7885645017000655,23.988639953401236,4.084062166479185,16.280551337029657,75.74477637033456,95.08881981889405,41.38885227283953,39.61535654710888,51907.37363048702,46.84662250985363
163,bihar,2024,4,1591638531150.502,416639776317.45056,84640201531.41452,641897466.0,820470734.0,97440319.0,35663071,2553973.0,1559808519.0,2092918508999.3672,1341.7791244922462,0.4115232467197469,0.5260073425717712,0.06246941070848197,15.148061312406735,66.05903801985973,17.91584698676907,45.65884038947841,4.295999311927945,22.49657925299595,3.8800461567433775,16.40031192331901,62.52599305761366,74.07450745478977,33.432562521797074,43.73735842883525,58685.87450024613,35.56218388506414
164,bihar,2025,1,1596209863563.3354,399494365621.0236,88342692239.44046,629038929.0,800286778.0,101340524.0,37257833,2640021.0,1530666231.0,2084046921423.7996,1361.5292996058784,0.4109576054271756,0.522835587401157,0.06620680717166746,-1.8683247106948242,40.931331020310104,-0.4238859533909456,27.55496264590549,4.471746137622312,20.771837870163633,3.369182054782871,16.1614490497497,37.971570254166686,47.10533433765125,17.611277403204696,41.083071873772155,55935.80607395496,16.692213603488447
165,bihar,2025,2,1784030089259.2131,475999343673.4948,96248269257.37694,703844449.0,980327979.0,109613379.0,38792069,2722198.0,1793785807.0,2356277702190.085,1313.578072139404,0.392379316556829,0.5465133993001875,0.06110728414298352,17.18987266270984,35.71450970022896,13.062603244091076,25.45313416268675,4.117888445095552,18.87916502306115,3.1127403910802265,15.244385419978501,33.00787221005521,41.373045193438784,10.57956574409773,46.24104496720709,60741.22270173537,14.161728570268806
166,bihar,2025,3,1587177059609.07,444266986063.6959,98658066519.544,695549121.0,1002602349.0,105850547.0,40492727,2811281.0,1804002017.0,2130102112192.31,1180.7648174000406,0.38555894862949036,0.5557656474615793,0.05867540390893033,0.5695334392842533,33.17489443793799,-9.598851179024948,20.010785726936287,4.384035303711187,18.420240010460276,3.272465852961459,14.34576639595473,26.958368807903476,41.09959240186469,10.04145490206887,44.551260205320325,52604.56062127675,12.459571460228759
167,bihar,2025,4,1789270748413.2866,543812835365.7327,109631875930.94054,793555664.0,1119034346.0,109996353.0,42344157,2921494.0,2022586363.0,2442715459709.96,1207.718742890565,0.39234698627304054,0.5532690057003019,0.0543840080266575,12.11663534409453,29.66888809510342,14.675979415649088,16.713357410070984,4.572253185121378,18.733905445215292,3.920383625827517,14.390167789557683,23.626545676377543,36.38930672693561,12.885871196706567,47.76541809534666,57687.19069575432,9.209654654991194
168,bihar,2026,1,1860846794464.4944,560405282325.375,116086816003.76756,833487914.0,1152850594.0,112264306.0,43855409,2994241.0,2098602814.0,2537338892793.6367,1209.0610361650056,0.3971632499678903,0.5493419651918946,0.05349478484021512,3.7583784994599023,37.10388140130074,3.87369853936701,21.750564572708985,3.5689741089898197,17.707889774480435,2.4900615917746283,13.417317513762207,32.501801649226714,44.05468460707218,10.779283122712101,47.852770316199766,57856.920061870514,16.4780726797342
169,bihar,2026,2,1942426119648.5984,614969202086.779,120745993670.78493,879874401.0,1295213536.0,113963936.0,44813491,3076811.0,2289051873.0,2678141315406.1626,1169.9784294954518,0.3843837753868149,0.5658297006185845,0.04978652399460062,9.075040676086687,27.61010060773661,5.5492162679736,13.659833597581294,2.1846381594571307,15.522301736470933,2.757627058075829,13.026715911186471,25.009780534619242,32.12042946292366,3.9690018131819382,51.07952587313495,59761.94346042272,10.463606324985042
170,chandigarh,2018,1,339914689.7657925,42316968.442861766,11275457.639460469,86598.0,135274.0,2103.0,84504,,223975.0,393507115.8481147,1756.9242810497365,0.38664136622390893,0.6039691929902891,0.009389440785801987,,,,,,,,,,,,2.650466250118338,4656.668510935751,
171,chandigarh,2018,2,575310533.109709,62003528.70183264,26748395.741251618,139093.0,171635.0,8832.0,113150,2.0,319560.0,664062457.5527933,2078.0525020427876,0.43526411315558894,0.537097884591313,0.02763800225309801,42.6766380176359,,68.75487908816041,,33.898987030199756,,,,,,,2.8242156429518337,5868.868383144439,
172,chandigarh,2018,3,862647077.1949478,68954230.23926513,39996396.65390888,205970.0,197262.0,14687.0,141119,6.0,417919.0,971597704.0881218,2324.846929879048,0.4928466999586044,0.47201012636419976,0.03514317367719582,30.77950932532232,,46.311193026731125,,24.718515245249662,,200.0,,,,,2.9614651464366952,6884.953153637156,
173,chandigarh,2018,4,1191865813.3336225,108100774.93100084,54073641.9071966,304514.0,279421.0,19324.0,175644,17.0,603259.0,1354040230.17182,2244.542112379293,0.5047815283319437,0.4631857958190429,0.03203267584901344,44.34830672929444,,39.36223032171877,,24.465167695349322,,183.33333333333334,,,,,3.434555122862153,7709.003610552139,
174,chandigarh,2019,1,1480680717.8389728,126326146.01049124,71856077.18053569,485410.0,360000.0,31410.0,207673,6750.0,876820.0,1678862941.0299997,1914.7178908213768,0.5536027919071189,0.41057457630984695,0.035822631783034145,45.347189184081806,291.48119209733227,23.98914770921996,326.64106274459465,18.23518025096218,145.75523052163214,39605.882352941175,,460.5325758100649,166.1265283794373,1393.5805991440798,4.2221184265648395,8084.165688510301,59.29719634710801
175,chandigarh,2019,2,1895639275.9360216,221376962.5012315,97468444.3676894,506704.0,534131.0,40446.0,240155,15994.0,1081281.0,2214484682.8049426,2048.0196015697516,0.46861454145592124,0.4939798257807175,0.037405632763361236,23.318469013024345,238.36556515208414,31.903839717036895,233.4753617853619,15.640935509189923,112.24480777728681,136.94814814814814,799600.0,264.29151718634296,211.2016779794331,357.9483695652174,4.5024296808311295,9221.064241031594,59.42230516524043
176,chandigarh,2019,3,2241110281.9264026,269774788.339832,185451786.9993528,607651.0,746995.0,73559.0,268117,18880.0,1428205.0,2696336857.2655873,1887.9200515791413,0.4254648317293386,0.5230306573636138,0.051504510907047656,32.08453676703835,241.74206006427085,21.759110740396448,177.51577076812808,11.643313693239786,89.99355154160673,18.044266599975,314566.6666666666,195.01917755012866,278.68165181332444,400.84428406073397,5.3267976293931385,10056.56805523554,79.87034680460337
177,chandigarh,2019,4,2684657340.6272664,321178087.0470257,240810758.0573164,722134.0,812438.0,128746.0,292017,21146.0,1663318.0,3246646185.7316084,1951.909487982219,0.43415269960404446,0.488444182050576,0.07740311834537954,16.462132536995732,175.7220364718968,20.40951697052058,139.77472111885683,8.914018879817398,66.25503860080617,12.002118644067794,124288.23529411765,137.14311985655834,190.75767390425202,566.249223763196,5.6959629062691555,11118.00403994154,65.84281522674998
178,chandigarh,2020,1,2717041595.868698,366826188.0603478,250966118.6034816,707916.0,890041.0,178573.0,316683,24121.0,1776530.0,3334833902.5325274,1877.1616029746344,0.3984824348589666,0.5009997016656066,0.10051786347542682,6.8063954096570844,102.61057001437011,2.7162712459549043,98.63645929825411,8.446768510052504,52.4911760315496,14.068854629717208,257.34814814814814,45.83877546816093,147.23361111111112,468.52276345113023,5.609805388985199,10530.5112763632,32.86707813995158
179,chandigarh,2020,2,1774896899.1678374,286535721.0136777,171682123.1455306,425584.0,500782.0,172129.0,341687,25176.0,1098495.0,2233114743.327046,2032.8856693267114,0.38742461276564755,0.45588009048743966,0.15669529674691282,-38.16625669141529,1.5920005992891673,-33.03670261864671,0.8412819771011382,7.895592753636915,42.27769565488955,4.373782181501595,57.40902838564461,-16.00934667971834,-6.243599416622514,325.57731296049053,3.2149159903654514,6535.5566449032185,-28.59597554509743
180,chandigarh,2020,3,2816928522.6994805,549357858.1400183,265701568.9659497,675369.0,925689.0,186053.0,368783,28162.0,1787111.0,3631987949.8054485,2032.3236496252603,0.37791105309071454,0.5179806962186456,0.10410825069063981,62.68722206291335,25.12986581058041,62.64224490293169,34.70082345307273,7.930064649811075,37.54554914458985,11.860502065459166,49.16313559322034,11.144225879657888,23.92171299674026,152.9303008469392,4.845969038702977,9848.57748270785,-9.02659766980749
181,chandigarh,2020,4,3662517297.1404943,854438415.7777212,343882965.9423818,902711.0,1450083.0,258048.0,396747,31497.0,2610842.0,4860838678.860598,1861.7896750782306,0.34575474119077293,0.555408178664201,0.09883708014502601,46.09288398985849,56.96589587799807,33.834108098320485,49.718768254547044,7.582779032656051,35.8643503631638,11.842198707478158,48.95015605788329,25.00602381275496,78.485373653128,100.43185807714417,6.580621907664078,12251.733923282589,15.531333612113919
182,chandigarh,2021,1,4217268590.859275,1003312488.0297464,418658391.555456,1088211.0,1728889.0,473914.0,420246,34879.0,3291014.0,5639239470.444477,1713.5264299831229,0.33066130985769127,0.5253362641422978,0.14400242600001095,26.051825426433318,85.24955953459835,16.013713743866532,69.10105976078589,5.92291813170609,32.70241850683491,10.737530558465892,44.60014095601343,53.7203566524842,94.24824249669396,165.38950457235978,7.831160796295503,13418.901001900023,39.597726717435044
183,chandigarh,2021,2,4241118229.067565,1017650749.5868504,429650023.8854281,1110497.0,1673769.0,552658.0,442163,37747.0,3336924.0,5688419002.539844,1704.6894093302226,0.3327906179463482,0.501590386835301,0.1656189952183508,1.3950107778332166,203.7723430693813,0.8720951176682368,154.7302604820409,5.215278670112267,29.40585974883445,8.222712807133226,49.93247537337147,160.9348565735554,234.23106261806535,221.0719867076437,7.5468187071283666,12864.98192417693,134.74388536885192
184,chandigarh,2021,3,5383339567.766507,1588989846.2549834,526492969.37902594,1505884.0,2650201.0,639374.0,465065,39808.0,4795459.0,7498822383.4005165,1563.7340207476525,0.3140229120924608,0.5526480364027718,0.13332905150476732,43.708966701069606,168.3358224531101,31.826125678371064,106.46605900226622,5.179537862733885,26.10803643334969,5.460036559196757,41.35359704566437,122.9720345470402,186.29496515568405,243.65154015253717,10.311373678948105,16124.245822413031,112.7824919349452
185,chandigarh,2021,4,5431221967.852525,1838714388.3902788,490801523.3477371,1508876.0,2956450.0,547261.0,487572,41069.0,5012587.0,7760737879.590541,1548.250011339562,0.3010174187500387,0.589805224328276,0.10917735692168536,4.527783471821989,91.99120437008443,3.492755032707584,59.65841272086183,4.839538559126133,22.892422627014184,3.1677049839228255,30.39019589167222,67.14939775852959,103.88143299383552,112.07721044146824,10.28071136160403,15917.111482182203,56.22704823127229
186,chandigarh,2022,1,6356058064.018999,2167855282.648013,537124807.4863007,1784924.0,3654287.0,586867.0,509170,42930.0,6026078.0,9061038154.153313,1503.6377149703858,0.2961999496189727,0.6064121639314991,0.0973878864495282,20.218920888555147,83.10703023445055,16.754853658726798,60.67837164288989,4.429704741043383,21.15998724556569,4.531398378338891,23.082657186272538,64.02370496162968,111.36620106901023,23.83407116059031,11.83510026120942,17795.703113210348,51.12830101519512
187,chandigarh,2022,2,7372023314.410317,2648100493.855604,604357369.8837402,2128206.0,4970069.0,663607.0,529517,44644.0,7761882.0,10624481178.149662,1368.8022026294218,0.27418685313690677,0.6403175157777456,0.0854956310853476,28.804871095262953,132.60589692782935,17.254568377241775,86.77388521144272,3.99611131842017,19.75606280941644,3.9925460051246198,18.27165072721011,91.64446189408886,196.93876514620595,20.075525912951587,14.658418898732242,20064.476075649436,94.23308638495047
188,chandigarh,2022,3,8246525664.07631,3216191511.090807,726798154.8095758,2527240.0,5882444.0,765462.0,550651,46291.0,9175146.0,12189515329.976694,1328.5363884102437,0.2754441182734313,0.6411281084791457,0.08342777324742298,18.207749100024962,91.32988103954179,14.730452485959367,62.55239431940076,3.9911844190082757,18.403018932837355,3.689185556849739,16.285671221864952,67.82434769211972,121.96218324572361,19.720539152358405,16.662361459436195,22136.5535157054,61.59206307743834
189,chandigarh,2022,4,8456540349.229464,3544847686.9348154,719124736.3785231,2607319.0,6381514.0,755871.0,569949,47980.0,9744704.0,12720512772.542803,1305.3770306971667,0.2675626678860641,0.6548699683438307,0.07756736377010529,6.207617840631641,94.40468564435889,4.356181752856658,63.908548000257184,3.504579125435159,16.895350840491254,3.6486574064072963,16.82777764250407,72.79875881119455,115.85056402103872,38.11892314635978,17.09750170629302,22318.686009700523,66.30660179944408
190,chandigarh,2023,1,8927943692.791168,3667239924.6274543,725557091.7358154,2723528.0,6679868.0,779399.0,587987,47270.0,10182795.0,13320740709.154438,1308.1615321878166,0.2674636973443932,0.6559955297145823,0.07654077294102454,4.495682988421201,68.97881175782989,4.718582869609045,47.011197641283566,3.1648445738127418,15.479505862482078,-1.4797832430179292,10.10948054973213,52.58509606011237,82.7953852557284,32.80675178532786,17.318061453739624,22654.821805846794,46.32796572498072
191,chandigarh,2023,2,10084884453.212473,4086069502.708396,830780665.177249,3155761.0,8001836.0,845048.0,605280,48825.0,12002645.0,15001734621.098118,1249.8690597862485,0.26292213091364447,0.666672720887771,0.07040514819858457,17.87181220873051,54.635757152711165,12.619372665879203,41.19969125599026,2.941051417803453,14.30794478741948,3.289612862280511,9.365200250873574,48.28268504082782,61.00050120028515,27.341634431222083,19.8299051678562,24784.7849277989,35.27997326895347
192,chandigarh,2023,3,10539566293.451569,4554364963.48314,884647955.6154056,3525766.0,9100188.0,888688.0,622265,49865.0,13514642.0,15978579212.550114,1182.3161288734184,0.26088489802393583,0.6733576812467544,0.06575742072930973,12.597198367526484,47.29620651268112,6.511544272208236,31.084614769344277,2.8061393074279684,13.005333686854282,2.130056323604701,7.7207232507398915,39.51053322992672,54.70080123159693,16.098251774745176,21.718467212521997,25678.09407977327,30.344472873155915
193,chandigarh,2023,4,10911551521.56141,5031119046.243446,972499572.4324952,3600977.0,9344696.0,839308.0,639168,50833.0,13784981.0,16915170140.237352,1227.0724305124072,0.26122466182579435,0.6778896539647026,0.060885684209503084,2.000341555477392,41.46125936713931,5.861540724169068,32.9755367782713,2.716366821209615,12.144770847917963,1.9412413516494587,5.946227594831188,38.11033479217541,46.433839994709714,11.038523769267506,21.567070003504554,26464.357008231564,26.141645568992324
194,chandigarh,2024,1,10568202027.870966,5032455928.731865,940432433.4457154,3544955.0,9276490.0,845616.0,660057,52271.0,13667061.0,16541090390.048546,1210.2887658179434,0.259379467172935,0.6787479766132601,0.06187255621380486,-0.8554237397933262,34.2171869314859,-2.2115045080093876,24.17545503817953,3.2681548513066927,12.257073710813327,2.8288710089902303,10.579648825893795,30.160402242973095,38.87235496270285,8.495905178220653,20.705879946731873,25060.093885904622,19.562342482972838
195,chandigarh,2024,2,11567654688.03838,5702157482.674397,1028691922.7154292,4105222.0,11519996.0,945062.0,682073,53545.0,16570280.0,18298504093.428204,1104.2966137825192,0.24774608515969554,0.6952203583765634,0.05703355646374111,21.242452931175173,38.05523699151312,10.624533582362595,21.97592182235766,3.3354695124814926,12.68718609569126,2.437297928105453,9.667178699436763,30.08659401012941,43.966909594248115,11.83530403006694,24.293997856534418,26827.77956821074,22.51192151899144
196,chandigarh,2024,3,12144478726.642738,6052898655.770284,1201087569.8867035,4542561.0,12269851.0,1018070.0,703169,54821.0,17830482.0,19398464952.299725,1087.9383379708818,0.254763780362191,0.6881390531114078,0.05709716652640125,7.605194360022893,31.93454920966461,6.011206453026752,21.402940112870095,3.092924071177139,13.00153471591685,2.383042300868432,9.938834854106094,28.838981373125726,34.830741958298006,14.558765280953502,25.357320928539227,27587.201586389223,16.754652528697854
197,chandigarh,2024,4,12855331546.098246,6559129601.997088,1217379577.9737787,4741956.0,12890043.0,1013894.0,721374,56177.0,18645893.0,20631840726.06911,1106.5085874980143,0.254316379483675,0.6913073565315428,0.05437626398478206,4.573129318657787,35.26237722054169,6.358110174192766,21.972410298082924,2.58899354209301,12.861407329528385,2.473504678863936,10.512855822005385,31.685262083040232,37.93967187375598,20.801183832395264,25.847747492978677,28600.754568461172,19.84821066922178
198,chandigarh,2025,1,13333109998.462858,6587677932.307805,1318754234.4457016,5030048.0,13786138.0,1115029.0,739749,57875.0,19931215.0,21239542165.216366,1065.642117914857,0.2523703647770595,0.6916857803199654,0.05594385490297506,6.893324980466198,45.833950693569015,2.9454542966658392,28.404728251739098,2.5472223839506203,12.07350274294492,3.0225893159122164,10.721049912953639,41.89314109770081,48.61373213359794,31.859969537000254,26.943213170953932,28711.822746926817,30.123487822146554
199,chandigarh,2025,2,13338519899.8829,6497659997.024847,1349478931.145965,4978557.0,14246760.0,1030151.0,757963,59143.0,20255468.0,21185658828.05371,1045.9229492033317,0.2457882977574253,0.7033537808161233,0.05085792142645137,1.6268601788701709,22.23974489266325,-0.2536934965147175,15.778091585434083,2.4621864983933817,11.126375036103164,2.190928725701946,10.454757680455696,21.27375815485739,23.669834607581453,9.003536275926871,26.72355774622244,27950.782331134516,10.000659027120706
200,chandigarh,2025,3,13843269054.567312,7025275261.373009,1529166754.252012,5537474.0,15506364.0,1105728.0,776162,60176.0,22149566.0,22397711070.192333,1011.2031572172716,0.2500037246779463,0.7000752971864099,0.049920978135643834,9.3510453572339,24.223035585914054,5.721097710370193,15.461254925416368,2.4010406840439424,10.380577073221374,1.7466141386131895,9.768154539318875,21.902028393234563,26.377769379595573,8.610213443083481,28.537297626011064,28857.00545787134,12.54066510588201
201,chandigarh,2025,4,14648607139.925442,7601505237.964993,1611624290.3428206,5748592.0,15785608.0,1093710.0,794106,61497.0,22627910.0,23861736668.233253,1054.526762225643,0.2540487389246289,0.6976167043266479,0.04833455674872315,2.1596089061067802,21.35600048761408,6.536496490435129,15.654909249483717,2.3118884975043885,10.082426036979442,2.195227333156069,9.47006782135038,21.228286386461615,22.4635790586579,7.872223329065964,28.494823109257453,30048.5535535977,10.241030159389442
202,chandigarh,2026,1,14513993367.764397,7582428441.866196,1688034953.3708043,5753972.0,15927532.0,1138785.0,811491,62840.0,22820289.0,23784456763.001396,1042.250462428473,0.2521428190501882,0.6979548769080006,0.049902304041811216,0.8501845729455448,14.495222694652576,-0.32386538459600045,11.981965420859186,2.1892543312857393,9.698154373983602,2.183846366489428,8.578833693304544,14.391989897511914,15.532950562369251,2.1305275468171736,28.12143203066947,29309.57553811613,4.372970856296066
203,chandigarh,2026,2,15289686888.9889,8132749166.987701,1810855672.715648,6189470.0,17838348.0,1109237.0,829123,64346.0,25137055.0,25233291728.69225,1003.8284806510648,0.24622892379397665,0.7096435123366679,0.04412756386935542,10.152220245764632,24.10009484846265,6.091520105452353,19.105532348508913,2.1727905793163416,9.388321065804007,2.396562698917881,8.797321745599639,24.32256977272731,25.209858241452785,7.6771269454672275,30.3176428587797,30433.713367850425,13.449126597169903
204,chhattisgarh,2018,1,2199424450.7202754,338270442.4517413,62719577.66367968,639043.0,1589599.0,79932.0,686395,10.0,2308574.0,2600414470.835696,1126.4159047254695,0.2768128723618996,0.688563156303415,0.034623971334685394,,,,,,,,,,,,3.3633316093503014,3788.510217638089,
205,chhattisgarh,2018,2,4345256541.86434,537558773.7104872,137572759.6219744,1072278.0,2124217.0,183975.0,967619,17.0,3380470.0,5020388075.196801,1485.1154056083328,0.3171979044334072,0.628379189875964,0.05442290569062882,46.43108689606659,,93.06107282134133,,40.971160920461244,,70.0,,,,,3.493596136495873,5188.393443283773,
206,chhattisgarh,2018,3,6451134637.324331,580296706.685226,188357371.07276103,1798955.0,2435063.0,278528.0,1229445,27.0,4512546.0,7219788715.082318,1599.936868251829,0.3986563239466146,0.5396206487424172,0.06172302731096813,33.48871606610915,,43.80937503121807,,27.058790701712134,,58.823529411764696,,,,,3.670392738186743,5872.396662788753,
207,chhattisgarh,2018,4,9626783124.04478,872005328.5120766,256482611.80247933,2623941.0,3372461.0,356824.0,1584333,828.0,6353226.0,10755271064.359337,1692.883436597303,0.41300923341936835,0.5308265438692091,0.05616422271142251,40.79027670853661,,48.96933260513991,,28.86570769737564,,2966.666666666667,,,,,4.010031981912893,6788.516722405793,
208,chhattisgarh,2019,1,12633669608.33778,980947178.8722672,309540800.2896508,4296607.0,4062272.0,447231.0,1925189,23858.0,8806110.0,13924157587.499697,1581.1927840442258,0.4879120292615014,0.4613015281435276,0.05078644259497099,38.60848016425042,281.45235976841116,29.463567251609035,435.4591640549087,21.514164004663172,180.47829602488363,2781.400966183575,238480.00000000003,572.3502174345075,155.55325588403113,459.51433718660866,4.574153498695453,7232.618505247899,36.000669276231356
209,chhattisgarh,2019,2,16503405313.262173,1361661066.5028129,381191794.5758914,4418365.0,5256226.0,467315.0,2212185,48515.0,10141906.0,18246258174.340874,1799.0955718127218,0.43565430403318667,0.5182680651940572,0.046077630772756124,15.168967909780818,200.0146725159519,31.04030214884461,263.4431821015273,14.907419479334227,128.62149255027032,103.34898147371949,285282.3529411765,312.0540568770412,147.4429872277644,154.01005571409158,4.584565034117852,8248.070651568867,31.22767643990574
210,chhattisgarh,2019,3,19119241933.42723,1726263827.0973592,571122195.3147383,5228457.0,6394057.0,837626.0,2488075,65116.0,12460140.0,21416627955.83933,1718.811181562914,0.4196146271229697,0.5131609275658219,0.06722444531120839,22.857971667258603,176.12217138617535,17.375451729367963,196.6378768273296,12.471380106094209,102.37383534847027,34.21828300525611,241070.3703703704,190.63856516699974,162.58281613247786,200.73313993566177,5.007943892366589,8607.709958839396,36.44163580272954
211,chhattisgarh,2019,4,25385146250.63431,2241189830.883694,836791021.5801977,7300968.0,7244686.0,1811639.0,2780915,82700.0,16357293.0,28463127103.0982,1740.087868029154,0.4463432916436723,0.44290250226611455,0.1107542060902131,31.276959969952188,157.46436534762026,32.902001014298875,164.64351230922395,11.769741667755195,75.52591532209453,27.00411573192456,9887.92270531401,178.24436601280289,114.81897047882836,407.712205457032,5.8819823691123245,10235.166160453737,46.681682232031996
212,chhattisgarh,2020,1,28456900970.186348,3076920516.1918325,1057074133.2345296,7781097.0,8600738.0,2711559.0,3094859,99397.0,19093394.0,32590895619.612713,1706.9199755482296,0.4075282267783297,0.45045621538004194,0.14201555784162836,16.72710148311216,116.81984440348802,14.502160994338542,134.0600888406415,11.289233939189081,60.75611277645987,20.189842805320435,316.6191633833515,81.09864365067598,111.72235635624594,506.2994291540614,6.169390592592425,10530.65603945534,34.87502320050984
213,chhattisgarh,2020,2,32203052810.64556,3971217616.4122953,1450120869.071852,8442089.0,8614241.0,3952782.0,3484888,105658.0,21009112.0,37624391296.12971,1790.8606178181024,0.4018298821958777,0.4100240409970683,0.188146076807054,10.033407365919334,107.15151570128927,15.444484052435525,106.20332638414425,12.60248043610388,57.53149035907936,6.298982866686109,117.78419045655983,91.06816661819475,63.88642725788427,745.8495875373142,6.028633344887985,10796.442036624909,31.498480227099577
214,chhattisgarh,2020,3,42839534553.48503,6020586808.801028,1857405996.4025807,12041208.0,12030721.0,4210764.0,3897665,120657.0,28282693.0,50717527358.68864,1793.2354376115682,0.42574474785693145,0.4253739557262104,0.14888129641685818,34.62107774950223,126.98535489970419,34.7995957183918,136.8137853599885,11.84477090798901,56.653838811129084,14.195801548391973,85.29547269488297,130.30136807092418,88.15473493589438,402.7021606301619,7.256317051362803,13012.28488304886,44.89613317000858
215,chhattisgarh,2020,4,58558268200.87431,10151551263.97302,2378291823.7794766,16417563.0,18163320.0,5223775.0,4302482,153533.0,39804658.0,71088111288.62682,1785.9244334828054,0.4124533113687348,0.4563114196333504,0.13123526899791477,40.738571111315316,143.34502047496488,40.16478127151522,149.75509904844188,10.386141446224851,54.71461731120873,27.2474866771095,85.65054413542926,124.86830513433289,150.71231520593162,188.345249798663,9.251557124469086,16522.581916351264,57.286379725501945
216,chhattisgarh,2021,1,68390611332.8906,13086702723.98989,3560607742.1868725,19316584.0,19091610.0,10222266.0,4682835,185878.0,48630460.0,85037921799.06737,1748.655509305636,0.3972116241549021,0.3925854289677704,0.2102029468773275,22.172786913531574,154.69782899781984,19.623267882026774,160.9253909177409,8.840315892082762,51.31012430614772,21.067132147486213,87.00564403352213,148.25013748061488,121.97641644240295,276.9885147252927,10.384833119253615,18159.495647202468,68.32834561849049
217,chhattisgarh,2021,2,78058194775.76451,15979624167.123646,4749198822.971389,23437224.0,19178737.0,14858951.0,5078626,198995.0,57474912.0,98787017765.85954,1718.7850199032848,0.4077818161774654,0.3336888449694364,0.2585293388530982,18.18706218283768,173.57135322996996,16.16819376098977,162.561105609226,8.451952716676981,45.73283273379229,7.0567791777402356,88.33879119423045,177.6235123794596,122.6398936365955,275.91121898450257,11.317019997140958,19451.524441031794,87.72115253513124
218,chhattisgarh,2021,3,99499740606.44696,23693485284.03457,5663499446.814711,31909232.0,33321770.0,15486870.0,5517110,234841.0,80717872.0,128856725337.29625,1596.3840738677582,0.39531805298335915,0.41281774623592654,0.19186420078071434,40.44018371006815,185.39669825642133,30.438926340206507,154.06744383649698,8.63391003787244,41.5491069653241,18.013517927586122,94.63520558276768,165.0002557882897,176.9723443840149,267.792400618985,14.630462687892756,23355.83762826847,101.62380701302212
219,chhattisgarh,2021,4,107259337940.64284,29698463598.03321,5939746042.620514,35131434.0,42220296.0,13634340.0,5951381,278371.0,90986070.0,142897547581.29657,1570.5431345841905,0.3861188201666475,0.46403032903828023,0.14985085079507227,12.721096017001043,128.581464008559,10.89646055124167,101.0146914736759,7.871349311505482,38.32436719084473,18.535945597233884,81.31020692619828,113.98689927366199,132.44812071801852,161.00549889687053,15.288228060008256,24010.821619603343,65.25032331663405
220,chhattisgarh,2022,1,141720336371.81226,39195901284.53504,7269784033.518572,45584964.0,57726019.0,15340629.0,6380734,321437.0,118651612.0,188186021689.86588,1586.0384744698274,0.3841916956003935,0.4865169383455153,0.1292913660540912,30.406349015843848,143.98620124095066,31.692968056574955,121.29659063696656,7.214342351800362,36.25792922449755,15.47072072881155,72.92901795801548,135.98874417961272,202.3632841860901,50.07072795796941,18.595292014993888,29492.84857978187,79.06202055878948
221,chhattisgarh,2022,2,160672636405.20227,48154530023.61329,8313919806.111185,52204431.0,73440835.0,18004384.0,6782654,353970.0,143649650.0,217141086234.92673,1511.6019164329794,0.36341495436988536,0.5112496619379163,0.12533538369219835,21.06843521013435,149.9345279554321,15.386405581589546,119.80730985278308,6.298961843574746,33.552933411517216,10.121112379719822,77.878841176914,122.74152860424086,282.9284222417774,21.1686073936175,21.178973599419933,32014.177080966645,87.14267187625735
222,chhattisgarh,2022,3,170314587802.615,52183614996.599335,9836928176.518215,61107108.0,87352711.0,20317816.0,7211969,390945.0,168777635.0,232335130975.73254,1376.5753440953983,0.36205690404418805,0.5175609375021756,0.12038215845363635,17.492548711396093,109.09574400078337,6.997314513001585,80.30500958919336,6.329601952274144,30.72005089621197,10.445800491567091,66.47220885620484,91.50291050564927,162.14907251325482,31.193817730761598,23.40243489676675,32215.214870686847,59.956902225198405
223,chhattisgarh,2022,4,194665962701.7144,61778156867.15517,10718672750.324043,69413479.0,102175844.0,21052451.0,7618238,425290.0,192641774.0,267162792319.1936,1386.837271957398,0.3603241267909005,0.5303929769666677,0.10928289624243182,14.139396490536193,111.72666760966817,14.990269098433862,86.96107584855552,5.633260486837921,28.007902703590993,8.785123227052406,52.77812703191065,97.5822535453577,142.00646058947575,54.407554747791245,25.286919888824688,35068.842994822895,65.40124721825372
224,chhattisgarh,2023,1,221276268653.86865,66166419693.63317,12101372198.62404,76789266.0,113977816.0,23918375.0,8004123,443733.0,214685457.0,299544060546.12585,1395.2694548197824,0.35768266315309843,0.5309060874114077,0.1114112494354939,11.442836380856836,80.93766564250302,12.120425881851338,59.174447632343345,5.065278874196366,25.442041620916967,4.3365703402384215,38.04664677681786,68.45305833739388,97.4461741420277,55.91521703575519,26.821858809516044,37423.72031840663,44.24005166409246
225,chhattisgarh,2023,2,243309053293.7799,74406227375.2309,13743470449.964737,86943045.0,136171929.0,27053139.0,8375641,457643.0,250168113.0,331458751118.9755,1324.9440432041613,0.3475384770560267,0.5443216857937446,0.10813983715022865,16.527740861366304,74.15156458787055,10.654422763269999,52.64672239889578,4.641582844241654,23.486189919167334,3.1347679798437333,29.288640280249734,66.54342042345027,85.41718513957528,50.258620344911556,29.86853340538354,39574.13541470742,41.02918285993616
226,chhattisgarh,2023,3,251762398611.28284,82148157995.35437,15323574495.4424,97126941.0,158512662.0,27931179.0,8766380,476302.0,283570782.0,349234131102.0796,1231.558937909476,0.34251392303174594,0.5589879919292955,0.09849808503895863,13.352088961073939,68.01443034795457,5.362772870861288,50.31481878586721,4.66518323791576,21.553212444479453,4.077195543250967,21.833505991891442,58.94540615471444,81.46278482415961,37.471365032540895,32.3475347863086,39837.89558541605,38.22294530035288
227,chhattisgarh,2023,4,287921577367.01697,99469897291.3698,16872123833.62812,110933299.0,183166600.0,28461939.0,9160798,494172.0,322561838.0,404263598492.0149,1253.2902249025965,0.343913277800705,0.5678495668790181,0.08823715532027691,13.750025910638431,67.44127262864596,15.757184790695744,51.31732790433618,4.499211761297128,20.24825162983881,3.7518213234460474,16.196477697571066,59.815212546831134,79.2660503983701,35.19536988828522,35.21110693631712,44129.736131286256,39.24632612878383
228,chhattisgarh,2024,1,330275902030.3138,113386320406.94304,19367928537.40054,124650369.0,209330663.0,32670030.0,9676480,518348.0,366651062.0,463030150974.65735,1262.8632478218688,0.3399700203241195,0.5709261057588318,0.08910387391704869,13.668456341075297,70.78523488435455,14.536691579913107,54.57831149463128,5.62922575085707,20.89369441224229,4.892223760148284,16.81529207879513,62.327855822974,83.65912801838562,36.58967216627384,37.89095435530275,47851.09368020782,41.26893525313593
229,chhattisgarh,2024,2,347372864362.28,126772976226.53365,21193685393.288822,134770237.0,241644172.0,36083364.0,10160209,542535.0,412497773.0,495339525982.1025,1200.8295763141066,0.32671748993903055,0.5858072159822303,0.08747529407873918,12.504180609737325,64.8882297801079,6.977812338880174,49.44228333386278,4.999018238036967,21.30664387358532,4.666170217691579,18.549830326258675,55.009796355763704,77.45520223922216,33.379583049493824,40.59933934429892,48752.88746344711,35.926792230720125
230,chhattisgarh,2024,3,342222461356.3998,128573992754.84366,25131241007.308952,146277797.0,260777393.0,36086655.0,10587536,566499.0,443141845.0,495927695118.55237,1119.1172774905795,0.3300924944246689,0.5884738621332409,0.0814336434420902,7.4289060464818535,56.27203969131065,0.1187406022735038,42.004360671607685,4.205887890692006,20.77432189797841,4.417042218474387,18.936934969830066,50.60476062970005,64.5151811279278,29.198466702748217,41.85504965461274,46840.70921870323,29.39177569824667
231,chhattisgarh,2024,4,398333402706.46814,149840330219.5924,27198344082.406624,166440802.0,296276945.0,37316174.0,10962228,593346.0,500033921.0,575372077008.4672,1150.6660905280207,0.3328590221782174,0.5925136926860608,0.07462728513572182,12.838344345477015,55.01955349101155,16.01934771376772,42.325967303195625,3.538991508505851,19.664553240885784,4.739108100808642,20.06872101211723,50.03682708471511,61.75271310380823,31.109036527694055,45.614260258042435,52486.78252344935,29.5450902482006
232,chhattisgarh,2025,1,412319347410.806,144381936256.64523,28935560914.55092,164285124.0,292745236.0,41684435.0,11341270,617762.0,498714795.0,585636844582.0022,1174.2921013241692,0.32941698471167274,0.5869993008729568,0.08358371441537041,-0.26380730278496856,36.0189146267903,1.7840225453596315,26.47920299558535,3.4577095094172394,17.20449998346507,4.114968332136737,19.17900715349534,31.796741010850926,39.84823427421142,27.59227646867788,43.973452267691364,51637.677665905336,16.05263846181637
233,chhattisgarh,2025,2,402008315155.8189,153727687156.20544,29221148058.36684,166802677.0,320942200.0,42493171.0,11716582,639801.0,530238048.0,584957150370.3912,1103.1972386304335,0.3145807390268606,0.6052794611977751,0.08013979977536428,6.320897899169009,28.54325106865485,-0.11606069834900756,18.09216096991355,3.3092590159655932,15.318316778719797,3.567555142595369,17.928059940833307,23.768185552719622,32.81603166493914,17.763884209909044,45.25535245688546,49925.579863683044,11.468199206646347
234,chhattisgarh,2025,3,390633327973.0759,156299005139.77493,32498032996.62561,179010025.0,346929895.0,41810158.0,12105416,662495.0,567750078.0,579430366109.4764,1020.5729396825841,0.31529722660821896,0.6110609376261503,0.07364183576563066,7.0745639890406276,28.119265739844536,-0.944818651659407,16.837670453343524,3.318664095040691,14.336480178201993,3.5470404078768336,16.945484458048465,22.37675756082107,33.036798554083255,15.860442038753654,46.900501230193164,47865.38241308489,12.054582702004701
235,chhattisgarh,2025,4,429735402767.8016,174934922143.60156,34633663697.192986,194816642.0,369466099.0,41418377.0,12478219,687021.0,605701118.0,639303988608.5961,1055.4776433623754,0.32163824072717,0.609980876739937,0.06838088253289307,6.684462313715445,21.132005762465056,10.333186867843104,11.111403238845053,3.079638072743629,13.82922340239594,3.7020656759673587,15.787584309997872,17.048608069071914,24.70295284028934,10.993096451956742,48.54067058768563,51233.5925991198,6.415560206585247
236,chhattisgarh,2026,1,462304732500.98254,182176255365.5952,37502090879.16752,199909355.0,381331900.0,44200445.0,12825130,701882.0,625441700.0,681983078745.7452,1090.4023168678157,0.3196290797367684,0.6097001527080782,0.07067076755515342,3.259129199758215,25.410696909442997,6.675867959159376,16.451532217463203,2.7801323249736276,13.083719900857659,2.163107095707417,13.616894532198476,21.68439243470395,30.26066801647287,6.035850072095261,48.7668896923462,53175.529506971485,10.900753016784904
237,chhattisgarh,2026,2,449961160989.9793,191348370115.37585,37091821355.91428,199041865.0,402505854.0,44653852.0,13192734,715816.0,646201571.0,678401352461.2695,1049.8293147313775,0.30801823135771983,0.6228797206065598,0.06910204803572043,3.3192335912364035,21.870087112269985,-0.525192837784616,15.974537969441016,2.8662789383031573,12.59882788342197,1.9852339851997858,11.881038010256306,19.32774016570489,25.41381407617944,5.084772327299358,48.98162662871851,51422.347518055736,8.233886091999953
238,dadra-&-nagar-haveli-&-daman-&-diu,2018,1,173922810.93770158,24948334.23040723,4867363.158124156,48727.0,124310.0,2712.0,46505,,175749.0,203738508.32623297,1159.2584215343072,0.2772533556378699,0.7073155466033946,0.01543109775873547,,,,,,,,,,,,3.7791420277389527,4381.002221830619,
239,dadra-&-nagar-haveli-&-daman-&-diu,2018,2,293723370.6416336,33572404.964676365,12424637.82031374,75693.0,150355.0,7282.0,62632,1.0,233330.0,339720413.42662376,1455.9654284773658,0.3244032057600823,0.6443877769682425,0.03120901727167531,32.76320206658359,,66.74334970719033,,34.67799161380496,,,,,,,3.725411930003832,5424.07097692272,
240,dadra-&-nagar-haveli-&-daman-&-diu,2018,3,435737334.31896126,42424847.55864592,16566104.203027183,125652.0,190778.0,10687.0,79851,5.0,327117.0,494728286.08063436,1512.3894083176183,0.38411944350186633,0.5832102886734716,0.032670267824662126,40.19500278575408,,45.6280713574166,,27.49233618597522,,400.0,,,,,4.0965924033512415,6195.642961022834,
241,dadra-&-nagar-haveli-&-daman-&-diu,2018,4,631929303.1922213,62916164.34445451,24102879.206641648,207646.0,240461.0,12612.0,101702,9.0,460719.0,718948346.7433175,1560.4920716170107,0.4506998843112613,0.5219255120800315,0.02737460360870726,40.84226744559285,,45.32185989182316,,27.36471678501209,,80.0,,,,,4.53008790387603,7069.166257726667,
242,dadra-&-nagar-haveli-&-daman-&-diu,2019,1,873419568.1768848,68511994.70455506,30647048.735031884,463399.0,285372.0,16689.0,122413,139.0,765460.0,972578611.6164716,1270.5805811100145,0.605386303660544,0.37281112011078305,0.021802576228672956,66.14465650429003,335.54159625374825,35.27795369751458,377.36611974165726,20.364397946943026,163.225459627997,1444.4444444444446,,851.0107332690294,129.5647976832113,515.3761061946904,6.253094034130362,7945.059851620919,65.46332443270373
243,dadra-&-nagar-haveli-&-daman-&-diu,2019,2,967478586.1172,85245153.88679248,34573296.7171056,320409.0,324440.0,15630.0,139004,1779.0,660479.0,1087297036.7210982,1646.2249923481263,0.4851161051297619,0.49121925148263607,0.02366464338760203,-13.714759752305806,183.06647237817683,11.795285618502248,220.05643280424877,13.553299077712344,121.9376676459318,1179.8561151079136,177800.0,323.3007015179739,115.7826477336969,114.63883548475695,4.751510747892147,7822.05574459079,27.543231115579193
244,dadra-&-nagar-haveli-&-daman-&-diu,2019,3,1127757512.0271516,93514062.99208686,57540452.12475542,340048.0,371757.0,42282.0,155873,3393.0,754087.0,1278812027.1439939,1695.841497259592,0.450940010900599,0.492989535690179,0.05607045340922201,14.172744326466091,130.52516377932056,17.61386115798098,158.48775239335393,12.135621996489299,95.20481897534157,90.72512647554807,67760.0,170.62681055613916,94.86366352514442,295.6395620847759,4.837829515053922,8204.192048295688,18.093992243316848
245,dadra-&-nagar-haveli-&-daman-&-diu,2019,4,1425683989.9855833,102520282.2244871,87165323.30676733,439004.0,375567.0,102306.0,174634,4426.0,916877.0,1615369595.5168376,1761.81711998102,0.478803590885146,0.4096154664147972,0.11158094270005682,21.587694788532353,99.01002563384623,26.31798585164131,124.68506991275757,12.036080655405357,71.71147076753653,30.44503389330975,49077.777777777774,111.41943499995186,56.18624225965958,711.1798287345385,5.250277723696416,9250.029178263325,15.897921521659164
246,dadra-&-nagar-haveli-&-daman-&-diu,2020,1,1534425694.1009822,145900422.44347167,102741983.0691592,449715.0,459843.0,149809.0,193453,5118.0,1059367.0,1783068099.6136131,1683.1448399030867,0.4245129402747112,0.4340733664537408,0.141413693271548,15.540797729684574,38.396127818566605,10.381432494593934,83.33408511318892,10.776252047138591,58.03305204512592,15.634884771802993,3582.014388489208,-2.952962781533841,61.138093435936256,797.6511474624004,5.4760949688037925,9217.060989561356,-12.425833692658184
247,dadra-&-nagar-haveli-&-daman-&-diu,2020,2,1386584598.5423698,172035286.74727154,107254586.61550689,427476.0,483124.0,218092.0,217392,5435.0,1128692.0,1665874471.9051483,1475.9336221973294,0.3787357401310544,0.4280388272442792,0.19322543262466643,6.544002220193756,70.8899147436936,-6.572582826974493,53.212453970152836,12.374581939799324,56.392621795056264,6.193825713169199,205.5087127599775,33.415728022621096,48.91012205646652,1295.3422904670506,5.1919665857069255,7662.998049169924,9.269806198169128
248,dadra-&-nagar-haveli-&-daman-&-diu,2020,3,1842684104.4258575,267066774.948902,136803066.4370658,553718.0,633739.0,194133.0,239161,7224.0,1381590.0,2246553945.8118253,1626.0641332173982,0.4007831556395168,0.4587026541882903,0.1405141901721929,22.406289758410615,83.21360797892021,34.857336714127875,75.67507171707761,10.013707956134542,53.43324373047289,32.916283348666056,112.90893015030944,62.83524678868866,70.47130249060542,359.1386405562651,5.7768197992147545,9393.479479563246,19.40932976738776
249,dadra-&-nagar-haveli-&-daman-&-diu,2020,4,2519992787.534582,425716810.3837665,172047228.28510273,780882.0,1023837.0,269757.0,264058,9628.0,2074476.0,3117756826.2034516,1502.9129410045966,0.37642373302944937,0.49354005541640394,0.13003621155414669,50.15134736064968,126.25455759060378,38.77952194363197,93.0057885734766,10.410142121834243,51.206523357421815,33.2779623477298,117.53276095797558,77.87582801067872,172.61101214962977,163.6766172072019,7.8561376667247345,11807.090965634261,49.63280192335584
250,dadra-&-nagar-haveli-&-daman-&-diu,2021,1,2987393172.6444125,488662440.7362417,243676339.24685007,981563.0,969125.0,517520.0,284780,11346.0,2468208.0,3719731952.6275043,1507.0577328278266,0.3976824481567194,0.3926431645955284,0.20967438724775223,18.97982912311349,132.98894528525054,19.30795632823901,108.61412715720516,7.847518348241667,47.20888277772897,17.843788948899043,121.68815943728019,118.26334456266747,110.75127815363071,245.45321042126974,8.667069316665495,13061.773834635524,58.27098262612389
251,dadra-&-nagar-haveli-&-daman-&-diu,2021,2,3233341875.2592144,549028863.815704,275842453.28669035,1108625.0,1065450.0,640807.0,304287,11960.0,2814882.0,4058213192.3616085,1441.6992230443793,0.3938442179814287,0.37850609723604756,0.22764968478252373,14.045574765173763,149.39328000907244,9.09961373681809,143.60858280759317,6.84984900625043,39.97157209096931,5.411598801339679,120.05519779208834,159.34204493351675,120.53344482989874,193.8241659483154,9.250746827830305,13336.794514263207,78.17423658497498
252,dadra-&-nagar-haveli-&-daman-&-diu,2021,3,4233929473.387965,902103260.824644,351769262.772539,1642468.0,1727177.0,761155.0,326668,13043.0,4130800.0,5487801996.985148,1328.5082785380914,0.39761498983247795,0.4181216713469546,0.18426333882056745,46.74860260572202,198.98884618446863,35.22705035098501,144.2764397986468,7.355227137537912,36.58915960378155,9.055183946488299,80.55094130675526,196.62535803423404,172.5375903960463,292.0791416194052,12.64525450916527,16799.32529964719,118.89646810316195
253,dadra-&-nagar-haveli-&-daman-&-diu,2021,4,4558102365.961362,1177490391.8723516,337606420.1573523,1752030.0,2297983.0,668701.0,349265,14300.0,4718714.0,6073199177.991066,1287.0454064372339,0.3712939584810607,0.4869934901755012,0.14171255134343808,14.232448920305995,127.4653454655537,10.66724312078897,94.79386996921468,6.917420745221459,32.268289542449004,9.637353369623547,48.52513502285003,124.36552513696051,124.44812992693173,147.89013816138228,13.510411864916325,17388.51352981566,71.97269750173416
254,dadra-&-nagar-haveli-&-daman-&-diu,2022,1,5756569583.282944,1494674837.551186,378839231.5065365,2194931.0,3219540.0,685309.0,369790,15792.0,6099780.0,7630083652.340666,1250.878499280411,0.3598377318526242,0.5278124784828305,0.11234978966454529,29.267847129535717,147.13395305419965,25.635327094024206,105.12455600331658,5.8766266302091585,29.851113139967687,10.433566433566433,39.18561607615019,123.61590646754208,232.21101509093253,32.42174215489258,16.495254063116903,20633.558647720776,90.32101233341892
255,dadra-&-nagar-haveli-&-daman-&-diu,2022,2,6266782101.437123,1849919115.1206656,432198480.7992408,2354655.0,4326687.0,750002.0,390083,16607.0,7431344.0,8548899697.35703,1150.3840620696647,0.31685452860209407,0.5822213316998917,0.10092413969801425,21.829705333634976,164.00197237397518,12.0420179762315,110.65674207180187,5.487709240379668,28.19574940763161,5.1608409321175275,38.854515050167215,112.39418198218516,306.09010277347596,17.040232082358653,19.050673830953926,21915.591546817035,105.9366036657834
256,dadra-&-nagar-haveli-&-daman-&-diu,2022,3,7163400206.38326,2321778789.2197475,531749624.9640998,2905787.0,5333300.0,928626.0,410533,17115.0,9167713.0,10016928620.567108,1092.6311306393545,0.31695876605212225,0.5817481415484974,0.10129309239938031,23.365477361833875,121.93553306865499,17.17213881529027,82.53079513565066,5.242474037576628,25.672854396512655,3.0589510447401658,31.219811393084406,76.91589729602038,208.78711330685854,22.002220309923736,22.33124499126745,24399.813463392973,76.59782944725852
257,dadra-&-nagar-haveli-&-daman-&-diu,2022,4,7949488605.452898,2695242971.231616,565651690.9761795,3196176.0,6545310.0,926056.0,431261,17526.0,10667542.0,11210383267.660692,1050.8871929129216,0.2996169126871026,0.6135724612099019,0.08681062610299542,16.35990350046952,126.06883994240805,11.914377074057825,84.58777555471084,5.049045996302359,23.476729703806566,2.401402278702891,22.559440559440567,82.42701323607473,184.8284778433957,38.4858105491094,24.735698335810564,25994.42858886079,83.08618999280051
258,dadra-&-nagar-haveli-&-daman-&-diu,2023,1,8690839834.769295,2895571914.906807,598150735.936276,3455321.0,7186722.0,985895.0,449889,17162.0,11627938.0,12184562485.612377,1047.8695780466303,0.2971568131856224,0.61805644302541,0.08478674378896757,9.002973693471272,90.6288095636236,8.689972454036976,59.69107339831776,4.319426055219466,21.660672273452498,-2.0769142987561384,8.675278622087124,57.42276180891335,123.22201308261427,43.86138223779346,25.846237627503672,27083.48611682521,56.68893324471676
259,dadra-&-nagar-haveli-&-daman-&-diu,2023,2,9403111214.955456,3192629793.2630506,698237300.1023753,3776627.0,8303022.0,1059690.0,467310,17453.0,13139339.0,13293978308.32088,1011.7691847604267,0.28742899471579203,0.6319208295029148,0.0806501757812931,12.998013921298867,76.80972647747164,9.105093629898576,55.50513842653735,3.872288497829457,19.79758154033886,1.695606572660524,5.094237369783827,60.38982356226283,91.90253420226608,41.29162322233808,28.116965183711027,28447.878941860607,47.5903972384746
260,dadra-&-nagar-haveli-&-daman-&-diu,2023,3,10186035993.268154,3610567625.778575,785693398.5544412,4410140.0,9373489.0,1162740.0,484521,18026.0,14946369.0,14582297017.601171,975.6414429217673,0.29506430625391356,0.6271415485593859,0.07779414518670053,13.752822725709413,63.03268874145602,9.690994519480412,45.57652919339257,3.682994158053532,18.022424506677904,3.283103191428416,5.322816243061634,51.77093159271482,75.75401721260758,25.21079530402983,30.84772177057341,30096.315779091456,38.13704422944757
261,dadra-&-nagar-haveli-&-daman-&-diu,2023,4,11696943827.101442,4394972815.938164,891618537.391061,5097316.0,11546558.0,1206838.0,502992,18911.0,17850712.0,16983535180.430668,951.4206033031437,0.28555253146205034,0.6468401932651202,0.06760727527282945,19.431762992068503,67.33669293263623,16.46680327475942,51.49825634797123,3.812218665444833,16.632851104087788,4.909575058249205,7.902544790596822,59.48170563823769,76.40964293517037,30.320196618778983,35.48905748003944,33765.02047831907,43.4730364117553
262,dadra-&-nagar-haveli-&-daman-&-diu,2024,1,12927838666.14984,4904448704.477424,933179220.2111424,5816338.0,13145056.0,1392162.0,522738,20267.0,20353556.0,18765466590.838406,921.9748426682004,0.28576519994835303,0.6458358431322763,0.06839895691937074,14.020975745953447,75.04011459297426,10.49211127999412,54.01017979100038,3.9257085599770924,16.192660856344567,7.1704299085188605,18.09229693508916,68.32988888731322,82.90753419987583,41.20793796499627,38.93643852178338,35898.41678018129,50.64644643036971
263,dadra-&-nagar-haveli-&-daman-&-diu,2024,2,13396294280.088585,5091943194.875149,982288600.9738746,6167656.0,14877323.0,1482566.0,542235,21337.0,22527545.0,19470526075.937607,864.2986209077645,0.27378287336680496,0.6604058720113533,0.06581125462184184,10.681126187482914,71.45112855372709,3.757217981691019,46.461244515125635,3.7297843279042286,16.033254156769594,5.279518428973207,22.254053744341952,63.31122983551196,79.17961677085765,39.90563277939776,41.54572279546691,35907.91091673833,47.76033801662047
264,dadra-&-nagar-haveli-&-daman-&-diu,2024,3,14166475339.182072,5312801024.847244,1119430849.1581168,6931855.0,15976900.0,1543426.0,560853,22497.0,24452181.0,20598707213.18743,842.40776776466,0.2834861642812148,0.6533936584225349,0.06312017729625018,8.543478661345482,63.599473557758415,5.794302284641772,41.258316082331284,3.4335666270159715,15.754115920672174,5.436565590289177,24.803062243426165,57.17993079584775,70.44773829680709,32.74042348246384,43.59819952821862,36727.4619431249,41.33361242193347
265,dadra-&-nagar-haveli-&-daman-&-diu,2024,4,15714527912.616549,6005434215.304943,1185286200.916429,7537976.0,18263646.0,1552401.0,579259,23494.0,27354023.0,22905248328.83792,837.3630573037802,0.2755710192976002,0.6676767801211544,0.0567522005812454,11.867415835012828,53.23771399146431,11.197504250042577,34.8673764648868,3.281786849673618,15.16266660304737,4.431702004711746,24.234572471048587,47.88127712702135,58.17394239911149,28.6337520031686,47.22243935786928,39542.326194047775,33.061970959440636
266,dadra-&-nagar-haveli-&-daman-&-diu,2025,1,15381613050.452007,5748924506.022295,1216433795.741664,7221487.0,18323342.0,1562980.0,597015,24269.0,27107809.0,22346971352.21597,824.3739415537408,0.26639877092243053,0.6759433047503027,0.05765792432726673,-0.9001016047986754,33.18463368268425,-2.437332128458425,19.085615292540137,3.065295489582387,14.209221445542507,3.298714565420968,19.746385750234374,24.15865446609189,39.39341148489592,12.269980074158028,45.4055743993032,37431.1723360652,16.61460606855605
267,dadra-&-nagar-haveli-&-daman-&-diu,2025,2,15697142321.501778,6173896051.839803,1275098641.2109911,7216216.0,19481392.0,1527743.0,613335,24909.0,28225351.0,23146137014.55257,820.0478008068906,0.2556643493999419,0.6902090252128308,0.05412662538722725,4.122583274804681,25.292618436673852,3.5761698967647915,18.877820374650376,2.7335996583000455,13.1123959168995,2.637109069182908,16.74087266251114,17.00094817220674,30.946891453522916,3.0472167849525666,46.019468968834325,37738.16432219353,10.768247300431021
268,dadra-&-nagar-haveli-&-daman-&-diu,2025,3,16656596145.799404,6601960167.100299,1414797727.6914208,8208256.0,21544940.0,1690805.0,630853,25741.0,31444001.0,24673354040.591125,784.676035361757,0.2610436248236985,0.6851844331133305,0.05377194206297093,11.40340114813807,28.59385017639122,6.598150806237579,19.78108036214563,2.856187890793782,12.480988779591096,3.3401581757597665,14.419700404498382,18.413555967342067,34.85056550394632,9.548821906589634,49.84362601113096,39111.09884646839,14.324964219841307
269,dadra-&-nagar-haveli-&-daman-&-diu,2025,4,17843302200.57017,6864792130.831701,1487016855.6618056,8706241.0,22194792.0,1645644.0,647249,26635.0,32546677.0,26195111187.063675,804.847486797613,0.26750015062981697,0.68193726812725,0.05056258124293304,3.5067929173516976,18.983145550473512,6.167613628730995,14.362921593317912,2.5990206910326163,11.737409345387807,3.4730585447340756,13.369370903209333,15.498391080045891,21.524431649627896,6.006373353276628,50.284630798966084,40471.4587230937,6.484610881471786
270,dadra-&-nagar-haveli-&-daman-&-diu,2026,1,18365631011.367126,6982981705.038947,1595154558.746837,9026170.0,23012051.0,1680935.0,661947,27377.0,33719156.0,26943767275.152912,799.0641069175311,0.26768671196871,0.6824622478688375,0.04985104016245247,3.6024537927481726,24.38908655435783,2.8579992760594086,20.570107020256746,2.2708416698982825,10.876108640486425,2.785808147174773,12.806460917219509,24.990462490620004,25.588721751741584,7.546801622541555,50.93935919340974,40703.81356083329,12.187456864748892
271,dadra-&-nagar-haveli-&-daman-&-diu,2026,2,17760169467.527782,7135173536.138385,1657169648.0755792,8616843.0,22891864.0,1527516.0,685445,27992.0,33036223.0,26552512651.74175,803.7393576057938,0.26083014998415527,0.6929322398628923,0.04623761015295241,-2.0253561506699658,17.04450725874056,-1.4521155093704108,14.716821364392274,3.549831028768158,11.757033268931337,2.2464112210980103,12.37705247099441,19.409438409271562,17.506305504247344,-0.014858520052130064,48.19675247466974,38737.626872676505,4.731222577361627
272,delhi,2018,1,6613992284.600445,1148984698.5722213,508394810.21996593,1615875.0,2985448.0,260065.0,1954765,35.0,4861388.0,8271371793.3926325,1701.4424261944598,0.3323896385147616,0.6141143229053102,0.0534960385799282,,,,,,,,,,,,2.486942420188616,4231.389345211641,
273,delhi,2018,2,10705276058.98706,1674224616.104566,985088769.1934346,2449953.0,3933398.0,506635.0,2581867,1582.0,6889986.0,13364589444.28506,1939.7121335638506,0.3555817094548523,0.5708862107992673,0.07353207974588047,41.72878198572094,,61.57645645866157,,32.080684890511144,,4420.0,,,,,2.6686060900890713,5176.327612648158,
274,delhi,2018,3,15638095034.731195,2613651174.5518723,1706152494.9070094,3857294.0,7857195.0,860477.0,3271387,20830.0,12574966.0,19957898704.190075,1587.1135320914645,0.3067438909973991,0.6248283295557221,0.06842777944687882,82.5107627214337,,49.33416987773187,,26.70625558946298,,1216.6877370417194,,,,,3.8439249162511193,6100.745250925701,
275,delhi,2018,4,24140960272.660408,4622198284.567203,2261485270.585554,6896926.0,16093319.0,1860729.0,4336314,122312.0,24850974.0,31024643827.813164,1248.427680452813,0.27753141587126523,0.6475930883030983,0.07487549582563645,97.62259396963778,,55.45045241310736,,32.552767373594136,,487.1915506481037,,,,,5.7308981775766235,7154.611918743238,
276,delhi,2019,1,34913555078.46779,6224432708.54089,3162670528.154049,13271887.0,20659076.0,2963382.0,5182927,291072.0,36894345.0,44300658315.162735,1200.743862376815,0.3597268632902956,0.5599523721047223,0.08032076460498215,48.46237012682077,658.926154423387,42.79183529400523,435.590219152658,19.523793710510805,165.14322693520705,137.9750147164628,831534.2857142858,721.3436682911736,591.9924915791534,1039.4774383327244,7.118438094922039,8547.420852186946,186.2325254149696
277,delhi,2019,2,45424390322.526535,9314644671.152843,4229828493.402282,14006642.0,25329627.0,3677505.0,5845734,377636.0,43013774.0,58968863487.081665,1370.9297744271792,0.3256315523487895,0.5888724621094629,0.08549598554174763,16.58636032161569,524.2940696831605,33.110580586786575,341.2321361079881,12.788275814033256,126.41499349114417,29.739720756376432,23770.79646017699,471.71064097964324,543.9629806086239,625.8687220582865,7.358147668025948,10087.503722728688,175.7300035907642
278,delhi,2019,3,56924131935.82279,11239237226.551504,8305625997.148831,17777669.0,32091616.0,5872908.0,6463153,457771.0,55742193.0,76468995159.52313,1371.8332746528852,0.3189266163245497,0.575714988464842,0.10535839521060823,29.591495505602474,343.27907526747987,29.676901736922968,283.151534602532,10.561872982930808,97.56613937757899,21.22016968721203,2097.652424387902,360.88446978633203,308.436038560835,582.5177198228425,8.624612940464198,11831.53101273065,124.36996373164231
279,delhi,2019,4,73172930044.70358,10701074648.99632,9778026268.105232,22990805.0,31670633.0,7887397.0,6975942,535746.0,62548835.0,93652030961.80515,1497.2625942882094,0.36756567888114944,0.5063344984762705,0.12609982264258,12.21093328710623,151.695708184315,22.47059186070932,201.86335572963904,7.934037767634461,60.8726213092502,17.03362598329732,338.01589377984175,233.34858167247265,96.79366947240653,323.8874656115963,8.966363969195845,13425.001377850496,56.45652202090554
280,delhi,2020,1,79643697565.12839,12398014613.550798,9256207125.792095,23652153.0,33050230.0,8215685.0,7506500,620971.0,64918068.0,101297919304.47128,1560.3963954144674,0.3643385228284982,0.5091068021309568,0.12655467504054496,3.787813154313735,75.95668929750616,8.164145789624587,128.660076750598,7.605539151558305,44.831289346733996,15.907724929350842,113.339311235708,78.21243505162454,59.97922656366625,177.24016006036348,8.64824725238127,13494.693839268804,21.49079808041772
281,delhi,2020,2,62176284868.57231,11742361243.95334,7081687503.486639,19831287.0,25679771.0,6930252.0,8071753,662128.0,52441310.0,81000333616.01228,1544.5902021900727,0.3781615485959447,0.4896859174570582,0.13215253394699714,-19.219238009362815,21.917481595546583,-20.037514914250632,37.36119169696575,7.530180510224471,38.079375489887155,6.627845744809346,75.33497865669587,41.58487808855256,1.3823496098067212,88.44983215522481,6.4968923107533145,10035.03620787359,-11.70478490143827
282,delhi,2020,3,99923705586.27753,18161602168.056664,11694162769.293404,29703975.0,36733987.0,7424548.0,8702719,806650.0,73862510.0,129779470523.6276,1757.0411636922113,0.40215225558947293,0.49732925404240935,0.10051849036811773,40.847949831916864,32.50736295932957,60.220908643236214,69.71515089598428,7.816963675672439,34.65129171474046,21.826897518304623,76.21256042868596,67.08588173173884,14.465993236364284,26.420301492889052,8.487291155787059,14912.519928958707,-1.5922080866129673
283,delhi,2020,4,137657058710.51184,26604889258.919285,13477649399.133898,39937336.0,50818263.0,10505343.0,9361847,956264.0,101260942.0,177739597368.56503,1755.2631237478024,0.3944002022023457,0.5018545353844328,0.10374526241322148,37.093827436950086,61.89101203883334,36.95509517139372,89.78723210076885,7.573816872634853,34.201904201611775,18.547573296968945,78.49204660417438,73.71003755631871,60.45862739781678,33.191507920800746,10.816342330738795,18985.526826978163,20.63242545025603
284,delhi,2021,1,159960330930.0562,30330419267.65412,15377680320.739391,46702955.0,56615267.0,16835054.0,9968730,1076714.0,120153276.0,205668430518.4497,1711.7172112598055,0.3886948117835755,0.4711920380764316,0.14011315013999284,18.657079054231996,85.08449142386678,15.713343319874173,103.03322312107106,6.4825135467392325,32.801305535202815,12.595894020898001,73.39199415109563,97.45752109755081,71.30067476081103,104.91357689590095,12.053017385364033,20631.357306141275,39.36948185709272
285,delhi,2021,2,157762948535.56097,29794539964.782265,14943987143.104588,48255308.0,54742475.0,18473500.0,10538375,1126168.0,121471283.0,202501475643.4478,1667.0728310612133,0.3972569220331689,0.4506618654879936,0.1520812124788375,1.0969380476983481,131.63281580875838,-1.53983519348041,150.00079209972165,5.714318674495145,30.558690286979797,4.593048850483972,70.08312592127201,143.32917979554227,113.1735325832929,166.5631783663855,11.526566761953337,19215.626284265632,77.41662029513972
286,delhi,2021,3,221326121339.71637,45769301103.46325,21020350819.261585,67534917.0,82693069.0,22523596.0,11160288,1228686.0,172751582.0,288115773262.4412,1667.8039640901304,0.39093660514205886,0.4786819781482522,0.13038141670968895,42.21598532057984,133.88263139175746,42.2783574030531,122.00412137602842,5.901412694082331,28.23909401188296,9.10325990438372,52.319593380028515,127.3598634526187,125.1132418596435,203.366561843226,15.479132975779837,25816.15933768387,82.38013391617174
287,delhi,2021,4,238511455799.33383,54797023087.60566,18837003591.962708,69394557.0,91396064.0,19381497.0,11796958,1313333.0,180172118.0,312145482478.9022,1732.4849479701527,0.38515702523961004,0.5072708530850484,0.10757212167534158,4.295495250515269,77.92854228039869,8.340296313653273,75.61955079240445,5.704781095254896,26.011010434158987,6.889229632306382,37.34000234244937,73.75860272703217,79.84885473161489,84.49180574113572,15.272760825290723,26459.828243764387,41.200790047919455
288,delhi,2022,1,290358593974.25073,65920349212.4068,20096780828.37617,84352873.0,118196322.0,20602963.0,12414526,1422784.0,223152158.0,376375724015.0337,1686.6326877064469,0.37800608228937677,0.5296669459051344,0.09232697180548888,23.85498959389487,85.72290779653815,20.57702101790717,83.00121368469844,5.23497667788595,24.534679944185477,8.333834602496083,32.141311434605655,80.61570836363565,108.77111115628932,22.381330050975777,17.97508483207494,30317.365642073946,49.13348464843392
289,delhi,2022,2,337367962271.49725,81700616850.92065,23946955799.75454,97270927.0,159256415.0,24135356.0,12974749,1511233.0,280662698.0,443015534922.1724,1578.4624678630162,0.3465758994449629,0.567429929715847,0.08599417083919003,25.77189506722135,131.05271556240993,17.70566129936608,118.77150944924817,4.512641078684765,23.119067218617673,6.216614749673877,34.1925005860582,101.57560076085308,190.91928159989112,30.64852897393564,21.631454912923555,34144.43970532088,87.66607056252198
290,delhi,2022,3,376772418407.5957,98636196166.26532,31706088608.42137,114108021.0,193226144.0,28810329.0,13539000,1557751.0,336144494.0,507114703182.2824,1508.6211799806615,0.3394612228870838,0.5748306084109175,0.08570816870199872,19.768140331922556,94.58258506715151,14.468830821332412,76.01073951628385,4.348839426489093,21.31407361530455,3.078148769911726,26.78186290069229,68.96151808404531,133.6666740473739,27.911764178331033,24.827867198463696,37455.846309349465,60.395722662966975
291,delhi,2022,4,412210552611.6744,112404157621.94624,31422987101.984715,121689844.0,213906227.0,29427236.0,14081903,1593056.0,365023307.0,556037697335.6053,1523.2936819993397,0.33337554524977225,0.5860070381752363,0.08061741657499147,8.59119025165409,102.59700060805193,9.647323149243725,78.13414851300553,4.0099194918383985,19.368933923474163,2.266408431129241,21.298710989520565,75.35934986947174,134.04314982316964,51.83159484533108,25.921447335633545,39485.976954649195,69.72338945234624
292,delhi,2023,1,458028820879.5006,121313029656.01611,32173479383.219826,134544771.0,241528649.0,32210985.0,14595060,1500599.0,408284405.0,611515329918.7366,1497.7680323566035,0.3295368849564558,0.5915696167724065,0.07889349827113774,11.851598835029996,82.96233774266257,9.977315000217835,62.47470038591294,3.6440884445802624,17.564375796546727,-5.803750778378158,5.469206850793928,59.502298161201935,104.34531710724468,56.34151747979161,27.97415050023775,41898.78835158859,55.62736288354182
293,delhi,2023,2,495941983754.56287,129247536089.43744,36334755912.00261,150932258.0,293401714.0,35543813.0,15072030,1518643.0,479877785.0,661524275756.0028,1378.5265674592601,0.31452228612749805,0.6114092445433789,0.07406846932912303,17.53517379631484,70.98025082050626,8.177872800656004,49.32304255926765,3.2680235641374455,16.164328111472525,1.2024531537072836,0.4903280963292955,55.16687529872107,84.23227346917234,47.26865019103095,31.838961639540262,43890.854500422494,47.188257875887516
294,delhi,2023,3,520576287385.6996,144799573808.67517,42009041794.48242,166704530.0,339588954.0,38169781.0,15541397,1545075.0,544463265.0,707384902988.8572,1299.2334808646037,0.3061814096861062,0.6237132527205486,0.07010533759334525,13.45873512356901,61.972983261180524,6.93256905507269,39.492090950987006,3.1141591411375957,14.789844153925703,1.7405012237899253,-0.8137372404190435,46.09361247269375,75.7468978938999,32.486446093690915,35.03309676729833,45516.17225844351,41.103931671851846
295,delhi,2023,4,584988930790.5793,169985173073.26645,45059130526.547806,184185421.0,373762989.0,38030327.0,16011335,1569273.0,595978737.0,800033234390.3937,1342.3855327751294,0.30904696688868616,0.6271414830693868,0.06381155004192708,9.461698393921946,63.27142009044371,13.097301201944923,43.88111421652783,3.0237822249827406,13.701500429309865,1.566137566137571,-1.4929167587328984,51.3564443389376,74.73216850297678,29.23513101944062,37.22230138836019,49966.67888033032,43.59653960059418
296,delhi,2024,1,600721954771.1904,187508137199.01968,44796786305.64227,196018058.0,411667423.0,41003547.0,16600851,1610556.0,648689028.0,833026878275.8523,1284.1698291771513,0.30217569519304405,0.6346144380909738,0.06320986671598212,8.844324088696464,58.88165701553063,4.124034160980705,36.22338435678336,3.681866627611008,13.74294453054663,2.630708614753452,7.327540535479504,45.689837325599214,70.44248154594696,27.296780896330873,39.07564907365291,50179.76959589917,39.68484609861811
297,delhi,2024,2,637068836354.2264,207239240263.8697,51437891875.32538,219740879.0,509081017.0,45492460.0,17177363,1648369.0,774314356.0,895745968493.4216,1156.8246947153614,0.2837876855792145,0.6574603880907511,0.058751926330034364,19.366032502094367,61.35657457033565,7.529059608182331,35.40636395690024,3.4727858228472686,13.968476708180644,2.347822739476313,8.542231452685067,45.58907546457034,73.50989878675351,27.989813585841226,45.077603355066785,52146.884739725276,41.58000460381119
298,delhi,2024,3,671865064849.4386,223350915074.8234,65678830427.21243,242375284.0,552938672.0,49397556.0,17734636,1677600.0,844711512.0,960894810351.4744,1137.5419852825144,0.2869326161142693,0.6545887727880285,0.05847861109770219,9.091547309501259,55.145730906198054,7.273138160769865,35.83761913655239,3.2442290472641133,14.112238430045899,1.7733286660935654,8.577253531381967,45.39214021358629,62.82587094985428,29.415350850454193,47.630608939478655,54181.817453229625,35.95888840731738
299,delhi,2024,4,744703563662.6298,248904926072.356,65216051851.69355,261111396.0,597843647.0,51136394.0,18256126,1707724.0,910091437.0,1058824541586.6793,1163.426550937518,0.28690677154453875,0.6569050346970796,0.05618819375838167,7.739911682415901,52.70535347975007,10.191514219895147,32.34756958484086,2.940517076301985,14.020011448139712,1.7956604673342813,8.822620410852666,41.765507053894346,59.95260756008134,34.46214648640806,49.8512903011296,57998.31473482815,33.928554768831766
300,delhi,2025,1,762233475223.4039,246077008868.0781,67385225958.08297,270766003.0,618162326.0,58066232.0,18767127,1736526.0,946994561.0,1075695710049.5651,1135.9048450221933,0.28592139189699106,0.6527622770581044,0.06131633104490449,4.0548809163226895,45.98590697914502,1.5933866094191451,29.13097261350963,2.7990659135459506,13.049186454357065,1.6865723032527535,7.821522505271461,38.133193320382766,50.16061302475225,41.612704871605374,50.46028414471752,57318.08124118119,29.134858514073404
301,delhi,2025,2,740416272198.686,249841974687.52695,69139349365.76556,270015501.0,662259192.0,56078668.0,19263783,1766050.0,988353361.0,1059397596251.9785,1071.8814121096295,0.27319733169805044,0.6700631759171,0.05673949238484959,4.367374608395447,27.64239140621074,-1.5151230636436752,18.269870422504585,2.6464146589938897,12.146334684782524,1.7001760987166437,7.139238847612406,22.879048372242107,30.089154748427795,23.270247421221015,51.30629643201442,54994.26546966287,13.817711265360622
302,delhi,2025,3,758269517331.4297,269528345722.08527,82515676925.47958,293655235.0,714113988.0,61548053.0,19764135,1796474.0,1069317276.0,1110313539978.9944,1038.3387278024247,0.2746193684427109,0.6678223610781726,0.057558270479116436,8.191798418946238,26.589641647976016,4.806122262987045,15.5499569794602,2.5973714508723544,11.443702594177863,1.7227145324311355,7.085956127801629,21.157252568706642,29.148859387429503,24.597364695532708,54.103924912474035,56178.20056273621,13.590663896866474
303,delhi,2025,4,798960173880.069,286065578349.8772,85592900072.04367,299388404.0,727159498.0,61435469.0,20229290,1835425.0,1087983371.0,1170618652301.9897,1075.9527061760484,0.2751773712541421,0.6683553419861966,0.05646728675966133,1.7456086625500244,19.54660012914724,5.431358814568377,10.558322585513903,2.35353077683389,10.808229522517543,2.168191691057042,7.477847708411889,14.659263665382106,21.63037972368049,20.140401374410555,53.78257818242756,57867.510540507836,7.886030346558304
304,delhi,2026,1,786226510832.888,285358645173.2632,86140469828.58182,296399539.0,729639080.0,61742114.0,20688029,1864615.0,1087780733.0,1157725625834.733,1064.3005439541398,0.2724809605540237,0.6707593339953006,0.0567597054506756,-0.018625100842650788,14.866629418793465,-1.1013857025003904,7.625754664522,2.2676969878824282,10.235461187000006,1.5903673536102003,7.376163673909875,9.467043763245275,18.033572948604437,6.330498593399336,52.58020147786916,55961.137034114414,4.201160118464298
305,delhi,2026,2,788970305372.6831,297272270584.85706,90318390519.361,306838191.0,802878308.0,62188327.0,21250201,1893905.0,1171904826.0,1176560966476.9011,1003.9731387512019,0.26182859238434436,0.6851053858532365,0.053066021762419126,7.7335524015022195,18.57144137338549,1.6269261232416454,11.059433270325748,2.717378248067992,10.311671388740207,1.570833657350179,7.239602502760389,13.637250403635171,21.23324488337188,10.89480049704461,55.14794076536029,55367.05118586413,7.487666427913786
306,goa,2018,1,310536052.232868,34823549.82725595,3706755.8401621096,66717.0,115688.0,978.0,97236,,183383.0,349066357.9002861,1903.482645066806,0.36381234901817505,0.6308545503127334,0.005333100669091464,,,,,,,,,,,,1.885957875683903,3589.88808569137,
307,goa,2018,2,471809490.7501093,54220801.88759233,9572153.782816034,96965.0,155786.0,4759.0,128359,1.0,257510.0,535602446.4205177,2079.928726731069,0.37654848355403675,0.6049706807502622,0.018480835695701137,40.42195841490215,,53.43857530192506,,32.00769262413099,,,,,,,2.006170194532522,4172.691018319851,
308,goa,2018,3,705058399.8624825,66761711.43530022,12930494.776342005,161853.0,206471.0,8189.0,160129,4.0,376513.0,784750606.0741248,2084.258992582261,0.429873603301878,0.5483768156743591,0.02174958102376279,46.21296260339405,,46.517367745178916,,24.750893977048747,,300.0,,,,,2.3513105059046144,4900.740066284838,
309,goa,2018,4,1128994262.6471426,118946446.865731,19503060.33548076,268194.0,301078.0,10375.0,204229,231.0,579647.0,1267443769.8483543,2186.5786760707024,0.46268504796885,0.5194161274016772,0.017898824629472766,53.95139078863147,,61.50911640438237,,27.540295636642952,,5675.0,,,,,2.83822082074534,6205.9931246216465,
310,goa,2019,1,1540894595.8259363,154768961.85554752,33620208.430851,442149.0,405891.0,21039.0,248825,766.0,869079.0,1729283766.1123347,1989.7889215046443,0.5087558208172099,0.4670357930636916,0.024208386119098493,49.93245889308493,373.91470310770353,36.4386971044276,395.4025866354958,21.836272027968604,155.89802130898022,231.6017316017316,,562.7231440262601,250.8496991909273,2051.2269938650306,3.492731839646338,6949.7991203148185,85.1967047980736
311,goa,2019,2,1900979217.6254444,216078095.09677684,47971583.95144659,510080.0,527008.0,29378.0,290801,1863.0,1066466.0,2165028896.673668,2030.0965025361033,0.4782899783021681,0.4941629644076792,0.02754705729015271,22.71220452916247,314.1454700788319,25.198011980471403,304.2231156976154,16.86968753139757,126.55287124393304,143.21148825065274,186200.0,426.0454803279534,238.28970510828958,517.3145618827485,3.6673395208407125,7445.053134871159,82.8030109726197
312,goa,2019,3,2332499708.247799,255827932.74583995,95042983.35279098,649002.0,625843.0,77114.0,331094,3458.0,1351959.0,2683370624.34643,1984.8017760497396,0.4800456226853033,0.46291566534192236,0.057038711972774325,26.770004857163766,259.07365748327413,23.941561633155928,241.93928664426772,13.855867070608419,106.76704407071797,85.61460010735374,86350.0,300.9823728939223,203.11423880351236,841.6778605446331,4.083308667629132,8104.558295669598,73.66097150398134
313,goa,2019,4,3384078979.629251,358502884.4831424,172556157.06434244,959581.0,742233.0,199647.0,370015,4792.0,1901461.0,3915138021.176736,2059.0156838224584,0.5046545787686416,0.39034878969381964,0.10499663153753877,40.644871627024195,228.0377540123558,45.903737100435734,208.90033264711772,11.755271916736643,81.17652243315104,38.57721226142279,1974.4588744588743,257.793612086773,146.52515295039822,1824.3084337349399,5.13887545099523,10581.025150809388,81.05974748101946
314,goa,2020,1,3821555533.939994,473180121.1979971,197255866.45560712,1095516.0,920792.0,292336.0,410941,5584.0,2308644.0,4491991521.593598,1945.7272414428548,0.474527904692105,0.39884538283078724,0.12662671247710777,21.414217804099067,165.64259405646666,14.733925018650629,159.76023193071467,11.06063267705364,65.15261730131618,16.52754590984975,628.9817232375979,147.77077410556169,126.85696406178013,1289.4956984647558,5.617945155143926,10930.988929295443,60.84673582363482
315,goa,2020,2,2233504878.533367,332384440.0055257,149255751.01184732,629488.0,763049.0,347749.0,451839,6457.0,1740286.0,2715145069.5507402,1560.1717588664967,0.3617152582966248,0.4384618390310558,0.19982290267231936,-24.618693917295175,63.18251120992138,-39.5558727905278,25.409183855340967,9.952280254343071,55.37738866097435,15.633954154727792,246.59151905528716,23.409661229611032,44.7888836602101,1083.7054939070051,3.8515621714814348,6009.098527463854,5.02333229835481
316,goa,2020,3,3049124095.680682,520047755.9052976,196589249.12605613,847145.0,966368.0,319592.0,499358,7492.0,2133105.0,3765761100.712036,1765.3894678002425,0.39714172532528874,0.45303348874059174,0.14982478593411952,22.572094471828198,57.77882317437142,38.69465550638647,40.33697270682601,10.516799125352172,50.82061287730977,16.029115688400175,116.65702718334296,30.53041439009434,54.41061096792645,314.4409575433773,4.271694856195355,7541.205108783751,4.613567180450362
317,goa,2020,4,5930909081.452722,1319712025.886392,314574563.3806375,1695904.0,1953066.0,497313.0,553679,9461.0,4146283.0,7565195670.71975,1824.5729176517257,0.40901790832897805,0.4710402063727922,0.11994188529822976,94.37782012606037,118.05774612258676,100.89420089047367,93.22934797700826,10.878167567156227,49.636906611894105,26.281366791243997,97.43322203672788,76.73380360803309,163.13381377545863,149.09615471306856,7.488604407969238,13663.504793788008,45.72457494604085
318,goa,2021,1,8620518353.688997,2069116577.4787276,488842668.3224066,2574988.0,2615744.0,978889.0,596406,11748.0,6169621.0,11178477599.490131,1811.8580702915351,0.41736566962541133,0.4239715859369644,0.1586627444376243,48.798839828347454,167.24003354349998,47.761909751458084,148.8534883860245,7.716926233431276,45.1317829080087,24.172920410104638,110.38681948424069,135.04795913523856,184.07544809251166,234.85065130534727,10.344666217308344,18743.06697030233,84.13611973118887
319,goa,2021,2,6715796538.132618,1619857190.6634598,449071896.2735516,2032902.0,2174178.0,1136351.0,634949,12752.0,5343431.0,8784725625.06963,1644.0234046382614,0.38044881650011014,0.40688800884675036,0.21266317465313953,-13.39126017627339,207.04326760084263,-21.41393542292096,223.54535024985566,6.462543971723966,40.52549691372369,8.546135512427643,97.49109493572867,222.94531428716672,184.93294663907562,226.773333640068,8.415527861292796,13835.32476635073,118.4964823781077
320,goa,2021,3,8645137242.722237,2427523988.2154765,546148040.8793132,2861832.0,3288618.0,1267079.0,677726,14847.0,7417529.0,11618809271.817026,1566.398900741342,0.3858201295876295,0.4433576194983532,0.17082225091401732,38.81584697173033,247.7338902679427,32.261493047199565,208.53814039398634,6.737076521106422,35.719463791508296,16.428795483061485,98.17138280832889,237.82079809241628,240.30700519884763,296.46768379684096,10.944731351608173,17143.815158068344,156.2151960769092
321,goa,2021,4,13584946479.15039,4456412842.244863,702164625.7760279,4502621.0,5639629.0,1323738.0,720435,17696.0,11465988.0,18743523947.17128,1634.7063983645614,0.3926936780328045,0.491857221549508,0.11544910041768751,54.579618091145974,176.536550930074,61.320523546558256,147.75993593551067,6.301809285758542,30.117811945188457,19.18906176331918,87.0415389493711,165.4997570617205,188.7577275934351,166.178040791212,15.915367798621666,26016.95357273214,112.52782136127819
322,goa,2022,1,15875191370.21629,5294159342.066072,766596116.5166826,5223491.0,7310623.0,1394762.0,759279,20221.0,13928876.0,21935946828.799046,1574.8540534641163,0.37501166641156114,0.52485376422333,0.10013456936510885,21.4799457316718,125.76550488271482,17.032138090071136,96.233759325148,5.391742488912943,27.309081397571443,14.268761301989151,72.12291453864488,102.85496476100082,179.48541600401265,42.48418359997916,18.344871911379084,28890.49588991536,77.3365280813514
323,goa,2022,2,17676315842.617714,6258135771.36121,943735904.8004848,5658819.0,8797632.0,1565643.0,796871,21786.0,16022094.0,24878187518.779408,1552.7425765183632,0.3531884783599447,0.5490937701401577,0.09771775149989757,15.027903184722158,199.84655926126865,13.41287300221563,183.19823043513915,4.951012737083471,25.501575717104828,7.739478759705265,70.84378920953576,178.36162294099768,304.64175426299045,37.77811609265096,20.106258102001455,31219.84300944495,138.9185614188285
324,goa,2022,3,18067302313.098557,6700475073.702237,1044017318.8822618,6030389.0,10069731.0,1681161.0,835257,23829.0,17781281.0,25811794705.683056,1451.627399942842,0.33914255109066666,0.5663107736726055,0.09454667523672788,10.979757077944985,139.71973685576424,3.7527138429956475,122.15524931881801,4.817090846573668,23.244054381859325,9.377581933351697,60.49707011517478,110.71778497130511,206.19947345663135,32.68004599555354,21.288395068823128,30902.817582711734,94.50815543037609
325,goa,2022,4,23343772326.222736,8952887540.397871,1205798495.5616136,7786510.0,13577360.0,1856794.0,871837,25200.0,23220664.0,33502458362.18222,1442.7864062019166,0.33532675895917535,0.5847102391214997,0.07996300191932496,30.590501325523167,102.51777692423887,29.795152736147745,78.74151337074646,4.379490384396667,21.015358776294878,5.75349364220068,42.40506329113924,72.93283178841834,140.74916984787475,40.268995828479646,26.634180471808378,38427.433525053675,67.34882164718181
326,goa,2023,1,24782822186.65268,9321363838.650578,1166548793.948521,8076526.0,14541027.0,1908727.0,904953,25609.0,24526280.0,35270734819.25178,1438.0792692267958,0.3293008968339267,0.5928753565563143,0.077823746609759,5.622647138772607,76.08226248837306,5.278049861157652,60.789662258598696,3.798416447111097,19.185832875662314,1.6230158730158761,26.64556649028238,54.61931493707943,98.90270637673424,36.84965607035466,27.10226939962628,38975.211772602306,47.7375777304561
327,goa,2023,2,26989476119.05048,10305424527.268557,1320263326.4550257,8592814.0,16228200.0,2043786.0,935702,26285.0,26864800.0,38615163972.77406,1437.3888498248289,0.31985400970787053,0.6040692653583872,0.07607672493374229,9.534752110797061,67.67346390552946,9.48216466331402,55.21695036515517,3.3978560212519326,17.42201686345719,2.6396969815299265,20.650876709813648,51.84818599075178,84.46100041465702,30.539720740935184,28.710850249331518,41268.65601737953,42.795591818616565
328,goa,2023,3,25735977910.63273,10334137414.25667,1380265196.744306,8489626.0,16701945.0,2057103.0,967033,27362.0,27248674.0,37450380521.633705,1374.3927694108604,0.3115610689899993,0.6129452390967722,0.07549369191322851,1.4289106935469365,53.243593642100365,-3.0163887222170005,45.09018434656986,3.3483951086991315,15.776701063265563,4.09739395092259,14.826471945948217,40.78073570378295,65.86287160997648,22.362046228766896,28.177605107581645,38727.09671917474,32.36134061063049
329,goa,2023,4,30357599365.89698,12500698100.045464,1536909833.5859876,10436608.0,21043935.0,2163377.0,1001527,28389.0,33643920.0,44395207299.528435,1319.5610766976154,0.3102078473614252,0.6254899845202343,0.06430216811834055,23.469934720493193,44.887846445734716,18.544075336919374,32.51328251673022,3.5669930602161504,14.875487046317136,3.753380600833278,12.654761904761912,34.03447757724578,54.99283365838426,16.51141699079166,33.592624063055716,44327.51917774402,26.125990993463
330,goa,2024,1,31108151676.00746,12788395634.23257,1549138115.4228384,10733878.0,22126561.0,2285672.0,1039130,29320.0,35146111.0,45445685425.66287,1293.0501877053446,0.3054072753597119,0.6295592988936956,0.06503342574659256,4.464970193722961,43.299803313017705,2.3661971416126137,28.848138998389427,3.754566776532231,14.82695786411008,3.2794392194159805,14.490999258073334,32.90216610458507,52.16642538384668,19.748502535983413,33.82263143206336,43734.359921918214,24.796307399002337
331,goa,2024,2,32156518359.72537,13694370360.739586,1668520670.5833526,10934962.0,23876060.0,2371417.0,1078255,30281.0,37182439.0,47519409391.0483,1278.0067867804019,0.2940894221597459,0.6421327014077801,0.06377787643247394,5.793892815054269,38.405791221226295,4.563082162722565,23.058934631359463,3.76516893940122,15.234871786102833,3.2776261937244255,15.20258702682138,27.257054557447645,47.12697649770152,16.030592244002072,34.483901303494996,44070.659900532155,20.10755865475595
332,goa,2024,3,30760016491.36801,13437421733.723087,1793564569.9947011,10857503.0,23713527.0,2395328.0,1117049,31250.0,36966358.0,45991002795.08579,1244.1312935151955,0.2937130836638005,0.6414894050422819,0.06479751129391757,-0.5811372406204995,35.66296106738993,-3.216383821997648,22.80516821055658,3.597850230233113,15.51301765296531,3.2000264192067585,14.209487610554783,27.891417124853323,41.980631597098416,16.44181161565561,33.092870590278494,41171.87589361415,17.443872408355652
333,goa,2024,4,37718960190.53445,16806830557.782478,2111950444.7605383,13498885.0,30230530.0,2589479.0,1151724,32281.0,46318894.0,56637741193.07746,1222.7783589365813,0.29143366419759503,0.6526608774380493,0.05590545836435559,25.300128295029765,37.67389174626501,23.149611339044963,27.576251217727886,3.1041610529171093,14.996799886573209,3.299199999999991,13.709535383423166,29.34168841064071,43.65435932015566,19.69615097137485,40.2170085888633,49176.48776362867,19.71975905595571
334,goa,2025,1,39556762155.04491,17031672278.39053,2218777517.2146277,14131627.0,32194383.0,2867963.0,1185550,33494.0,49193973.0,58807211950.65007,1195.4149739166232,0.2872633808210612,0.6544375466482449,0.058299072530693954,6.2071408699871045,39.96989026751778,3.830433050246307,29.40108923396727,2.936988375687233,14.090633510725326,3.757628326260032,14.236016371077763,31.65444026846589,45.50106995840881,25.475702550497182,41.49464214921345,49603.31656248161,22.683068680094287
335,goa,2025,2,36764507637.62322,16381605082.804695,2223336859.926224,12632826.0,30469355.0,2669494.0,1218114,34446.0,45771675.0,55369449580.35414,1209.688078497327,0.2759965852243773,0.6656814503729653,0.05832196440265732,-6.956742444851938,23.100249018091578,-5.845817640837714,16.519650159592736,2.746742018472448,12.970864962369767,2.8423001134531667,13.754499521151885,15.526930957784767,27.614669254474975,12.569573381653253,37.57585496923933,45455.06379563337,8.966368504920187
336,goa,2025,3,35810476598.59219,16133449858.346573,2394937636.7766457,12865476.0,30620188.0,2665063.0,1252705,35183.0,46150727.0,54338864093.71541,1177.4216274797884,0.2787708197966199,0.6634822459026485,0.0577469343007316,0.8281366150572289,24.845209257563326,-1.861289022104351,18.151074756564345,2.8397177932443007,12.144140498760581,2.139580793125462,12.585599999999996,18.493874696603818,29.125405933921165,11.260879512116917,36.840857983324085,43377.2229644772,11.325664187459816
337,goa,2025,4,42411166200.74965,18707949941.26777,2694200725.86496,14936827.0,35239184.0,2775581.0,1289056,35734.0,52951592.0,63813316867.88238,1205.125558224621,0.2820845688643318,0.6654981024933112,0.052417328642356965,14.736203397185932,14.319638115711486,17.435868290928713,12.669247614136747,2.9018005037099615,11.924037356172136,1.5660972628826375,10.696694650103765,10.652302023463411,16.568197778867912,7.186851100163394,41.077805774147905,49503.91361421256,2.1403809370420745
338,goa,2026,1,45050668406.35262,19293193291.584454,2980145782.570072,15481410.0,36831929.0,2855777.0,1325289,36079.0,55169116.0,67324007480.50714,1220.3205771958924,0.2806173294493245,0.6676186183588658,0.051764052191809636,4.187832539576908,12.146087489213354,5.501501543781551,14.482569819844905,2.8108165975721855,11.786849985238913,0.9654670621816797,7.717800203021441,9.551504579055203,14.404829562970667,-0.4249008791257114,41.62798906502657,50799.49164333752,0.3213593584771912
339,goa,2026,2,45463068165.06054,20474518612.54481,3152221526.6400623,14983673.0,37488228.0,2736896.0,1347940,36404.0,55208797.0,69089808304.2454,1251.4275271066929,0.2714000995167491,0.6790263515432151,0.04957354894003577,0.07192611170350194,20.617820955864087,2.622839741454097,24.779655257327036,1.709136648685683,10.657951554616396,0.9008010199839322,5.6842594205422925,18.60903490636221,23.035843719041637,2.524897976919971,40.957903912637065,51255.84840886494,9.000590794717445
340,gujarat,2018,1,6762137481.102274,1134586522.8238597,300866206.4375081,1830544.0,4636584.0,168384.0,2813458,23.0,6635512.0,8197590210.363642,1235.4118582505225,0.2758707994198488,0.6987530125783813,0.02537618800176987,,,,,,,,,,,,2.358489801518274,2913.706268358597,
341,gujarat,2018,2,10651072387.829231,1684265079.149573,704278948.9668446,2611334.0,5503458.0,461319.0,3729318,112.0,8576111.0,13039616415.945648,1520.4579810062683,0.3044892959058016,0.641719539311,0.05379116478319835,29.245655798678392,,59.06645832894368,,32.5528228962366,,386.9565217391305,,,,,2.299645940625069,3496.5150239120526,
342,gujarat,2018,3,16038431059.0648,1874519965.284636,952518228.813018,5489933.0,6110333.0,641837.0,4601012,274.0,12242103.0,18865469253.162457,1541.0317372074435,0.44844688857788567,0.49912445598603444,0.0524286554360799,42.74655493614763,,44.678099810456054,,23.374086092953196,,144.64285714285717,,,,,2.6607413760277088,4100.286904959704,
343,gujarat,2018,4,22475442724.82301,2779154354.84725,1217540524.036415,6833499.0,8704983.0,769597.0,5796205,1087.0,16308079.0,26472137603.706673,1623.25296582796,0.4190253799972394,0.5337834701438471,0.047191149858913484,33.21305171178515,,40.32058915931336,,25.976741638578638,,296.71532846715326,,,,,2.8135787122781197,4567.149989295871,
344,gujarat,2019,1,31830456973.84762,3410640248.8722563,1606666130.13561,13774066.0,11548425.0,1132735.0,6920980,50733.0,26455226.0,36847763352.855484,1392.834948862485,0.5206557675976762,0.43652717236284433,0.042817060039479535,62.221595811499306,298.6915553765859,39.19451426429574,349.4950638819616,19.405369547833452,145.99549735592285,4567.249310027599,220478.2608695652,652.4575208244107,149.0718382326299,572.7094023185101,3.8224682053697596,5324.067307354664,62.07270444455819
345,gujarat,2019,2,38772998449.40402,5186350748.119178,2171195598.223165,11595434.0,15025058.0,1171086.0,7878532,218360.0,27791578.0,46130544795.74637,1659.874973481044,0.4172283416220554,0.5406334969536455,0.04213816142429912,5.051372458507819,224.05804915538056,25.19225211581675,253.7722531418569,13.835497285066566,111.25932409089275,330.41018666351295,194864.2857142857,344.04254683621474,173.01122312553306,153.85600853205702,3.527507154886215,5855.220845170949,53.393489518103806
346,gujarat,2019,3,45589287054.42612,6391485229.123528,3885402181.354837,13435353.0,21282425.0,2150621.0,8815169,379073.0,36868399.0,55866174464.90448,1515.286152374137,0.3644137897064638,0.5772538427828124,0.05833236751072375,32.66032968692889,201.1606665946202,21.104519168947288,196.12925984091027,11.88847110096145,91.59195846478991,73.60001831837333,138247.81021897812,144.72708501178428,248.30221200710335,235.07276769647123,4.182381415489595,6337.504642838326,57.18857357469229
347,gujarat,2019,4,60844661776.39328,6496668606.27363,5735741429.003649,17984643.0,18884739.0,4541135.0,9739656,479820.0,41410517.0,73077071811.67056,1764.698369056116,0.4343013394399302,0.45603726705464703,0.10966139350542278,12.31981350749729,153.92639439629892,30.80736691140018,176.05278011790855,10.487456338046375,68.0350505201248,26.577202807902435,44041.674333026676,163.18351696546674,116.94171028248994,490.06661928255954,4.251743285389135,7503.044441371499,51.115135568627856
348,gujarat,2020,1,69446094217.86783,8816943803.388903,5914243267.884684,18268400.0,22371270.0,6372515.0,10722212,575783.0,47012185.0,84177281289.14142,1790.5417773954011,0.3885886180359411,0.47586109856412756,0.1355502833999313,13.52716267705616,77.7047189088462,15.189729421668119,128.44610806647015,10.08820024033703,54.923320107845996,19.999791588512352,1034.9279561626554,32.628956475161374,93.71706531410126,462.577743249745,4.384560294088571,7850.738382074652,14.704951317297832
349,gujarat,2020,2,55751777854.7558,9521225109.131428,5693366756.681842,15009269.0,21301458.0,8469098.0,11915415,623195.0,44779825.0,70966369720.56906,1584.784436307401,0.33517926878901383,0.47569319442405145,0.18912753678693475,-4.748471061279114,61.12732065807851,-15.694153299147384,53.83813487308471,11.128328744106163,51.23902523972741,8.234352177816984,185.3979666605605,29.441200734702978,41.772883672063024,623.183267497007,3.758142288791452,5955.845408705367,6.538190392775456
350,gujarat,2020,3,85200104694.16922,14551839048.062368,8196745783.242428,22093055.0,28750957.0,7929243.0,13038677,757523.0,58773255.0,107948689525.47401,1836.6974829873557,0.3759032063138242,0.4891843577491157,0.13491243593706015,31.249407517782846,59.41363496689942,52.11245826794195,93.22728029872196,9.42696498611253,47.91182108930641,21.554730060414485,99.83565170824617,64.43970619901091,35.09248593616563,268.6955070186704,4.507608785768679,8279.113711113023,7.776128907674296
351,gujarat,2020,4,113092134669.80682,21857512542.228,10093579035.79671,28915624.0,37351915.0,11083263.0,14183614,915535.0,77350802.0,145043226247.83154,1875.1353896476928,0.3738244885941842,0.48288982187928703,0.14328568952652876,31.60884487340372,86.79023495408182,34.363119075756686,98.47980036970752,8.781082620575686,45.62746363937289,20.859036623310455,90.80801133758494,60.77952728892089,97.7888865713209,144.06371975288118,5.453532646898033,10226.112064797557,28.265802538896835
352,gujarat,2021,1,140133012341.4268,25497393739.66584,13063048886.273935,35155051.0,36594813.0,21245003.0,15212633,1057340.0,92994867.0,178693454967.36655,1921.5410563183723,0.37803216601191547,0.3935143323555697,0.22845350163251485,20.224825852484372,97.81013581904352,23.20013804852752,112.28228356956618,7.2549845194602725,41.87961401994289,15.488757939346943,83.63515421608487,92.43639837095749,63.57950621489079,233.3849037624862,6.11300272608956,11746.385715567223,39.42111217700302
353,gujarat,2021,2,156153025527.05435,31203447408.70721,15704035068.243153,39949396.0,41144828.0,27647135.0,16194721,1139225.0,108741359.0,203060508004.00473,1867.3714387182224,0.36737995889861924,0.3783733105634628,0.25424673053791796,16.932646400795438,142.83560509671486,13.636231411546751,186.13624848439892,6.455739778906122,35.914032368994285,7.744434146064649,82.80393777228636,166.16483454324126,93.15498497802356,226.44722023526,6.7146176213841535,12538.685168086855,78.6685310295542
354,gujarat,2021,3,202343821553.0212,45832164206.23178,18698965906.86972,54390293.0,61450401.0,30725112.0,17323185,1237105.0,146565806.0,266874951666.1227,1820.8541197264165,0.3710981059251979,0.41926833193275653,0.2096335621420456,34.78386452757134,149.37500228632902,31.426319321952768,147.22389205396036,6.96809781409633,32.85999031957001,8.591805832912724,63.30923285497603,146.18728826773847,113.73341068264268,287.49111359054075,8.460673138340322,15405.651539605604,87.69759179306264
355,gujarat,2021,4,214167319546.482,57984242783.6033,18612406225.751488,56399845.0,71950994.0,27265731.0,18430583,1293971.0,155616570.0,290763968555.8368,1868.464062379969,0.362428274829602,0.46236074988672476,0.1752109752836732,6.175222070555808,101.18287849168004,8.951389682910648,100.46711320321573,6.392577346486794,29.94278468097058,4.59669955258446,41.334957156198286,95.04972467479864,92.63000036276587,146.0081566231894,8.443388361616124,15776.167718397013,54.82420127105539
356,gujarat,2022,1,280237976815.8032,73854424688.61642,21083579862.536137,74150580.0,98716618.0,29300212.0,19483483,1418981.0,202167410.0,375175981366.9558,1855.7688470508467,0.3667781073121528,0.48829145112953665,0.1449304415583105,29.91380673664765,117.39631070175088,29.031111808789678,109.95507722175466,5.712787273196951,28.074364247135918,9.660958398603992,34.202905404127335,110.9243988865213,169.75576566001308,37.91578188998137,10.376348520436515,19256.10433036823,69.74225246377708
357,gujarat,2022,2,312466795978.4444,88015554298.54364,24709677454.09206,82061815.0,126999953.0,33804215.0,20492610,1508860.0,242865983.0,425192027731.0801,1750.7269749303675,0.3378892918074904,0.5229219482746581,0.13918875991785148,20.13112449726688,123.34278809224739,13.331356176344379,109.39178765508385,5.179397338761249,26.53882706593094,6.334052393936207,32.446180517457044,105.41440726663302,208.6656553771473,22.270228000116465,11.851393404744442,20748.554124197948,76.50138955048034
358,gujarat,2022,3,353341748102.84106,108862452440.2586,30256767842.84704,100513268.0,157589389.0,40067690.0,21579615,1575338.0,298170347.0,492460968385.9467,1651.6094686838417,0.3371001476548572,0.5285213321363577,0.1343785202087852,22.77155627842702,103.43786530945698,15.820837708041878,84.52873351787854,5.3043755773422685,24.570712602792156,4.405842821732975,27.34068652216264,84.80001201685015,156.44973252493503,30.406977849258944,13.817222735438051,22820.655900763137,63.31115160121279
359,gujarat,2022,4,393365591191.5841,122421777096.2709,32252120001.519684,108856133.0,179290320.0,40928065.0,22608675,1624532.0,329074518.0,548039488289.37463,1665.396310902975,0.3307947806520832,0.5448319763245844,0.12437324302333248,10.364602419703385,111.46496031881439,11.285873088701415,88.48260016926135,4.768667096238732,22.66934258129545,3.1227584175586465,25.54624485401913,93.00785844358259,149.18393761175835,50.10807889214486,14.55523236102956,24240.23027839423,72.38615278195715
360,gujarat,2023,1,436812018987.6222,133026414972.74902,33024222004.80917,121055664.0,204120466.0,43825872.0,23551635,1582606.0,369002002.0,602862655965.1804,1633.7652714555745,0.32806235018746593,0.5531689933758137,0.11876865643672037,12.133265207730236,82.5229902287416,10.003506836145748,60.6879666892979,4.170788425239436,20.880003847361372,-2.580804810246895,11.531162150867424,63.25653015795696,106.77416845864798,49.575272697685605,15.667787055972973,25597.48637260982,50.995188963774865
361,gujarat,2023,2,470670264353.2255,141708353851.60684,38210355596.72904,132213776.0,245264196.0,47973734.0,24442139,1606526.0,425451706.0,650588973801.5614,1529.1723235011812,0.3107609492110016,0.5764795217438851,0.11275952904511329,15.297939765649282,75.17961994702237,7.916615395586479,53.01062375822283,3.78107082586836,19.272942782788526,1.5114311458442664,6.47283379505057,61.114857135441135,93.12148564338445,41.91642669412676,17.4064841870018,26617.513868224112,46.872891587865965
362,gujarat,2023,3,508855967473.9337,161827076541.3655,42653648567.88261,151993907.0,282686065.0,50932042.0,25381367,1639176.0,485612014.0,713336692583.1818,1468.9436669974598,0.3129945360042101,0.5821232935970979,0.10488217039869199,14.140337704980311,62.86395306774084,9.644755953204843,44.851417346061105,3.8426587787590893,17.617330058946834,2.0323356111261237,4.052336704884918,51.217754655037176,79.3814080972165,27.114994650303025,19.132618585909892,28104.73890485023,38.469350550737325
363,gujarat,2023,4,568262112287.967,186803414836.132,48329716059.65257,167346113.0,323807182.0,51225825.0,26346004,1672361.0,542379120.0,803395243183.7516,1481.242941623106,0.3085408468526591,0.5970126246747847,0.09444652847255625,11.689806751774467,64.81954400370799,12.624971004147255,46.59440794885652,3.8005714979811867,16.53050875383011,2.024492793940369,2.9441709981705477,53.73145121736045,80.6049439813594,25.16063244133335,20.58676981905871,30494.0074853003,41.438963723987634
364,gujarat,2024,1,619601605795.4789,211956788762.37775,49461711883.96463,188201304.0,369258483.0,56638527.0,27405423,1734621.0,614098314.0,881020106441.8213,1434.6564489050547,0.30646770998951156,0.6013019000081475,0.0922303900023409,13.223074295337911,66.42140440202814,9.662101427244263,46.139439509868474,4.021175279560429,16.363144214828406,3.7228804068021093,9.605359767371024,55.466747925152845,80.9022339778511,29.23536809490066,22.40791225882556,32147.655828622726,43.01899929309465
365,gujarat,2024,2,639387141728.2634,226554987061.83627,53086503357.79835,199975569.0,441428904.0,60516982.0,28470147,1790863.0,701921455.0,919028632147.8981,1309.3040903670599,0.2848973593491312,0.6288864670762914,0.08621617357457752,14.301153251497123,64.98263965123223,4.314149634970521,41.26102180579139,3.885085079693895,16.47976881237767,3.242322098026018,11.47426185446112,51.25168878014647,79.9809801835079,26.146074016252307,24.654648077510803,32280.43157444526,41.64059676061136
366,gujarat,2024,3,672681661804.3927,236324174541.7253,61250489615.300446,225932859.0,473594132.0,64160595.0,29515495,1845568.0,763687586.0,970256325961.4185,1270.48853974879,0.29584461387329664,0.6201411947529025,0.08401419137380085,8.799578722095047,57.26291030353296,5.574112929843555,36.016601423917,3.6717337637912406,16.28804311446266,3.054672523805557,12.591204361215635,48.64599736882873,67.53359667728935,25.972948424098142,25.874124286243546,32872.77838170827,35.23566661856938
367,gujarat,2024,4,751713713924.8728,263381399652.86072,67135355895.28967,244412869.0,522588190.0,64354451.0,30455926,1897442.0,831355510.0,1082230469473.0232,1301.7661595495088,0.2939932027394634,0.628597734319461,0.0774090629410756,8.86068141482137,53.279409059847296,11.540676470277123,34.70710446134628,3.186228115096834,15.599792666849964,2.8107336061310217,13.458876402881902,46.052313148139866,61.38869643725198,25.628920568873227,27.297003217042228,35534.315045059644,32.594882329579235
368,gujarat,2025,1,777747496706.7205,262523109769.7559,70587121960.1921,261049938.0,569309965.0,71901303.0,31378561,1942361.0,902261206.0,1110857728436.6685,1231.193052576693,0.2893285627975897,0.6309813180641173,0.07969011913829309,8.528925970551393,46.92455351701226,2.6452091094408825,26.087670453185584,3.0294104339497085,14.49763428209081,2.3673450888090475,11.976103137227101,38.70782638147927,54.17654331857287,26.94769233670218,28.754065745717273,35401.80597946058,28.321038629523464
369,gujarat,2025,2,738410752728.0293,265781701670.59943,70059869954.2934,251082446.0,602292300.0,66134130.0,32256294,1982430.0,919508876.0,1074252324352.9221,1168.2892383008623,0.2730614706975379,0.6550152105328889,0.07192331876957325,1.9116049637625698,30.998827497016745,-3.2952378280936,16.889973475825727,2.797237897556859,13.298656308307777,2.062901798378358,10.696909813871859,25.556560361630964,36.44151856444815,9.281936762808174,28.50633975496379,33303.64995907224,15.622578206526416
370,gujarat,2025,3,788243563657.4872,288971222650.20703,78417731943.17357,289978000.0,684049224.0,71326567.0,33195778,2020150.0,1045353791.0,1155632518250.8677,1105.4941668555805,0.27739699467928747,0.6543710176299538,0.06823198769075875,13.686101166031595,36.882386222263406,7.575519461590652,19.105898856754333,2.9125602587823707,12.468986205381283,1.9027153543883069,9.459526823178566,28.346979400636883,44.437858871106116,11.168805401508507,31.490564583243085,34812.63545776417,21.706784101619327
371,gujarat,2025,4,848179638521.8336,301650891249.64813,85033852619.73384,305349338.0,672395110.0,70450414.0,34132806,2064443.0,1048194862.0,1234864382391.2156,1178.0866584625708,0.29130970687776564,0.6414791126881139,0.06721118043412047,0.27178080994780807,26.082626432583567,6.856146992148582,14.103642174528241,2.822732457121502,12.072790037643255,2.192559958418938,8.801375746926654,24.93177599416829,28.66634242155377,9.472480776815262,30.70930828247757,36178.22637820095,12.500658179594426
372,gujarat,2026,1,889541066017.2048,316078132789.7389,88769378212.81226,333335610.0,720203459.0,73998228.0,34953549,2100808.0,1127537297.0,1294388577019.756,1147.9785018763384,0.29563155993765766,0.6387402535740687,0.06562818648827366,7.569435596031382,24.967946034022436,4.820302170613799,16.52154401818622,2.404557656349726,11.39309097061525,1.7614920828523672,8.157443441255264,27.690361680913323,26.50462898537178,2.9163936013788305,32.25816345573378,37031.67815719531,12.186442574780632
373,gujarat,2026,2,875847066384.0886,330648008438.8225,91193812865.43332,330324037.0,757197417.0,70381232.0,36083882,2136458.0,1157902686.0,1297688887688.3445,1120.723618123073,0.28527789165176876,0.653938734364418,0.06078337398381335,2.693071801774738,25.92621085258562,0.2549706268412111,20.799262730942637,3.2338146835962256,11.866174086830927,1.6969661197025143,7.769656431752958,31.55998846689585,25.719259070720323,6.421951872656373,32.08919389549051,35963.11748520695,12.568622177818668
374,haryana,2018,1,6466324259.880962,921962662.2857672,192412980.3611545,1735441.0,3258301.0,50655.0,1988481,4.0,5044397.0,7580699902.5278845,1502.7960532305217,0.344033389917566,0.6459247755479991,0.010041834534434938,,,,,,,,,,,,2.5368092528920316,3812.306933044814,
375,haryana,2018,2,10756226947.410044,1283102502.2169936,482200088.3174615,2579978.0,4054740.0,232435.0,2621706,168.0,6867153.0,12521529537.944498,1823.3945767546606,0.37569834253001205,0.5904542974359244,0.033847360034063606,36.13426936856874,,65.17643092254619,,31.84465931532663,,4100.0,,,,,2.6193451897352333,4776.099813611632,
376,haryana,2018,3,15697762780.228771,1435055516.3517344,732026846.6028346,3891786.0,4806047.0,337486.0,3194626,3949.0,9035319.0,17864845143.18334,1977.223509561017,0.4307303372465322,0.5319177994711642,0.03735186328230359,31.572996844543866,,42.67302639862627,,21.85294613507387,,2250.595238095238,,,,,2.8282869418830248,5592.15543327555,
377,haryana,2018,4,24320375715.1224,2323379573.2382464,1006500206.0911402,6368684.0,7602117.0,555261.0,3994128,29642.0,14526062.0,27650255494.451786,1903.4928733232575,0.43843155839483544,0.5233432846424585,0.038225156962706064,60.76977470302931,,54.77467211632816,,25.026466321879305,,650.6204102304381,,,,,3.6368544022625215,6922.726436021026,
378,haryana,2019,1,34271499920.528263,2967221795.985728,1353273188.0664718,14454322.0,10298565.0,883953.0,4759566,120132.0,25636840.0,38591994904.58047,1505.3335319243895,0.5638105944414367,0.40170961007674894,0.03447979548181445,76.48857618809556,408.22407514713854,39.571928774127294,409.08221405402765,19.16408287365854,139.356875926901,305.27629714594156,3003200.0,732.8904295795708,216.07162751384848,1645.0458987266807,5.3863818675904485,8108.3012410334195,112.32900587420306
379,haryana,2019,2,44489556337.047264,4791865213.642747,1813305597.8687367,12805219.0,14367720.0,1125662.0,5414773,192408.0,28298601.0,51094727148.55875,1805.556647431396,0.45250360609699397,0.5077183850890721,0.039778008813933945,10.382562749543233,312.0863624270495,32.39721676708227,308.0549983428488,13.766108086325524,106.53624014286879,60.163819798221965,114428.57142857142,396.330550105466,254.34380502818925,384.29109213328456,5.226184181682224,9436.171589937148,99.52254487735131
380,haryana,2019,3,53165539846.18116,5946595828.171164,3768014081.9824142,14597118.0,19464332.0,2072737.0,6054463,260991.0,36134187.0,62880149756.33474,1740.1844341021078,0.4039697364714474,0.5386680486266372,0.05736221490191546,27.688951831929785,299.9215412316931,23.065829422103935,251.97702108449468,11.813791640018877,89.5202443102886,35.64456779343894,6509.040263357812,275.07504266678586,304.99670519243773,514.1697729683601,5.96819024247072,10385.751759707631,111.01784808641804
381,haryana,2019,4,70114406431.91519,6949531617.42273,5365266370.777965,19453976.0,21364196.0,3922821.0,6642686,318003.0,44740993.0,82429204420.11589,1842.3642144043583,0.4348132371581471,0.4775083110023955,0.08767845183945738,23.819011065614948,208.00497065205974,31.08938948067903,198.11371702028532,9.715527206954611,66.31129498103216,21.844431417175315,972.8122258956885,205.4630438564702,181.0295605816117,606.4823569456526,6.735376773793011,12409.017138566522,85.19786685996746
382,haryana,2020,1,79202979083.63593,9261885732.042034,5787254726.734303,21051976.0,25036070.0,5251155.0,7305629,376341.0,51339201.0,94252119542.41226,1835.870401302355,0.4100565569768022,0.4876599072899479,0.10228353573324991,14.747567180728428,100.2555736198377,14.343114440409588,144.2271247585222,9.980044217053162,53.493595844663155,18.345109951792903,213.27289981020877,45.644852799045154,143.1025099127888,494.0536431235597,7.027348500724578,12901.301112116735,30.46510020033544
383,haryana,2020,2,74100532066.87581,10065412913.467943,5066979862.667367,19749837.0,20771849.0,5978008.0,7982067,404251.0,46499694.0,89232924843.01112,1919.000259292268,0.42473047241988304,0.4467093697433794,0.1285601578367376,-9.426533537208726,64.3179957906753,-5.325285758844467,74.6421398504878,9.259134292201265,47.41277242831787,7.416146526687228,110.10093135420567,54.23271558260738,44.5730359444644,431.06598605975864,5.825520382126585,11179.17512381331,11.467950221598278
384,haryana,2020,3,105267409721.62672,15493827672.955091,7587338414.735865,29036906.0,32099499.0,6230451.0,8695590,495270.0,67366856.0,128348575809.31769,1905.218432775276,0.4310265867238928,0.4764880076932787,0.09248540558282844,44.875912516757644,86.43523375799211,43.83544642868464,104.11620568124911,8.939075555241516,43.62281180015471,22.51546687577768,89.7651643160109,98.92218450244768,64.9144650841344,200.59052354447283,7.747243832793404,14760.191753442572,29.808928972515282
385,haryana,2020,4,142624913100.8062,23379747026.02908,10134267689.14429,37925384.0,44510568.0,8902670.0,9406195,596567.0,91338622.0,176138927815.97958,1928.4167415617414,0.41521738744865233,0.48731376744440047,0.0974688451069472,35.58391681511752,104.14974249677473,37.234812856561874,113.68509990494937,8.1720159299139,41.60228257063483,20.452884285339312,87.59791574293325,94.94926898234068,108.3418819037234,126.94560878510642,9.710475064571806,18725.842683038103,44.1712229426384
386,haryana,2021,1,156973368055.86383,25524850909.49852,12184611186.093536,43022006.0,46819759.0,15942911.0,10053988,689584.0,105784676.0,194682830151.4559,1840.3689221627517,0.4066941226912677,0.44259490854800176,0.15071096876073053,15.815931622003232,106.05049151427193,10.527997737586992,106.55538686729598,6.886876149176158,37.61974499389444,15.592045822179234,83.23382251734463,104.36089229818614,87.00921909868443,203.60770154375564,10.521663244475725,19363.74204459523,49.724511932073014
387,haryana,2021,2,187026471885.18204,31013340907.454784,14272764619.079763,51942602.0,52047541.0,20392290.0,10686682,752220.0,124382433.0,232312577411.71658,1867.7281976926483,0.4176040036135971,0.41844768384615855,0.16394831254024433,17.580766613115117,167.49086348826293,19.328744723397627,160.34401295309743,6.292965537655304,33.883641918816274,9.0831573818418,86.07746177498635,163.00268706015143,150.56768417679137,241.12182519662068,11.63901321289433,21738.513171040046,99.79353687619495
388,haryana,2021,3,218968089449.37064,43049444164.4685,17320036008.685314,66050125.0,77143949.0,22571715.0,11374312,835658.0,165765789.0,279337569622.5245,1685.1340153336735,0.3984545025753173,0.4653791923253839,0.13616630509929886,33.27106167797827,146.0643094283634,20.242120652584262,117.63978903632326,6.434457392855886,30.80552325949131,11.092233655047723,68.72776465362327,127.46956924405102,140.32757956751908,262.28059573857496,14.573698083892898,24558.634370371103,88.11461725528389
389,haryana,2021,4,239058815319.4356,52811212051.51834,17724691591.464275,67543542.0,85064659.0,20117157.0,12047369,918155.0,172725358.0,309594718962.4183,1792.4103475438637,0.39104589379400795,0.4924850640633786,0.11646904214261347,4.198435058273686,89.10440536315514,10.831750766923687,75.76734615182062,5.91734251706828,28.079090429233066,9.8721007876428,53.90643465025722,78.09586845580785,91.11115140116837,125.96768160563067,14.337184990349344,25698.118731352737,47.64658675308135
390,haryana,2022,1,297357808870.6456,65206757033.41636,20118029167.213238,85153388.0,112255341.0,23133103.0,12718254,1026068.0,220541832.0,382682595071.27527,1735.1927822530977,0.3861099149661548,0.5089979528237527,0.10489213221009246,27.683528668674118,108.48183341791393,23.607597814912708,96.56720357597158,5.5687262505199175,26.499593991956228,11.753244277926921,48.79521566625675,97.92984083540874,139.76061260802305,45.09961825666593,17.34057457886908,30089.23984937518,64.80830241334272
391,haryana,2022,2,340396093513.9016,80785604379.00717,23025729214.80062,96613876.0,148317828.0,26335681.0,13329477,1106393.0,271267385.0,444207427107.7094,1637.5261150827603,0.35615736112175816,0.5467587929894336,0.0970838458888082,23.000422432330204,118.09139639518067,16.077248568092052,91.21109672872407,4.8058719380820625,24.72979920240912,7.828428525204956,47.08369891786977,86.0012249675132,184.9660620854307,29.145284811073214,20.350939875585517,33325.19551275038,74.85107631839134
392,haryana,2022,3,372378622091.2698,97921218155.96616,28823462125.875374,113184007.0,182189584.0,30545383.0,13974131,1171324.0,325918974.0,499123302373.1113,1531.4337065049529,0.3472765197156027,0.5590026924912939,0.09372078779310344,20.146759994755726,96.61413610500777,12.362664807962819,78.68104997390381,4.83630377996076,22.856934116103012,5.8687103045662825,40.16786771621883,71.36077638005985,136.1683403062501,35.32592893362334,23.323022662375212,35717.663042740285,60.03503385425706
393,haryana,2022,4,408014744751.1925,111365543602.20192,30808783385.03018,117778439.0,197287674.0,31355451.0,14567786,1231301.0,346421564.0,550189071738.4246,1588.2067657266987,0.3399858762833829,0.569501712658973,0.09051241105764421,6.290701565598322,100.5620761254986,10.231093023010152,77.71267984878388,4.248242699313476,20.92089152411618,5.120444898251897,34.106006066513814,74.3740933811259,131.92672059027473,55.86422574521836,23.779973429044055,37767.51468880889,65.86222082682791
394,haryana,2023,1,443905213421.02246,117590247541.95135,31542557725.365276,128988482.0,219069526.0,34370284.0,15150515,1205359.0,382428292.0,593038018688.3391,1550.716908487354,0.33728802156719095,0.5728381779871036,0.08987380044570552,10.393904924463659,73.40396990988994,7.788040357567505,54.968641460656144,4.000120539936547,19.124173805618284,-2.1068771973709155,17.473598241052258,51.47780379566343,95.1528756213034,48.57619403674467,25.24193349202981,39143.093069003866,45.56572723252887
395,haryana,2023,2,496357889909.42505,129880209803.29527,36901020459.149445,147501959.0,273061935.0,37873831.0,15685619,1231314.0,458437725.0,663139120171.8698,1446.5195249188312,0.32174917323830626,0.5956358303627827,0.08261499639891111,19.87547328219117,68.9984680613189,11.820675787123713,49.28591457591158,3.5319195420089766,17.676177392406323,2.15330038602608,11.290834269558836,52.67160899330858,84.10594240902718,43.81185358373683,29.226626312930335,42276.8856091602,43.61315247161013
396,haryana,2023,3,499108718474.3445,140711814331.11206,39667739543.445526,156895804.0,306428250.0,38692273.0,16228788,1272783.0,502016327.0,679488272348.9021,1353.5182738168237,0.31253127749369,0.6103949882092181,0.0770737342970919,9.505893521306529,54.031022139877,2.4654181422436805,36.13635530904584,3.462847083051046,16.134505966775325,3.367865548511584,8.661907380024658,38.62011794652225,68.19196974509805,26.67142854289959,30.933691844394048,41869.31718800579,32.631573069199106
397,haryana,2023,4,572357451608.4054,168323942142.4078,45771027288.82871,175660164.0,339854772.0,40280339.0,16779114,1309518.0,555795275.0,786452421039.642,1415.0037908106397,0.3160519203766171,0.6114747413064999,0.07247333831688296,10.712589433371168,60.43899478497823,15.741868262270199,42.94221049405789,3.391048056084034,15.179574988265209,2.886195054459395,6.352386621955142,49.144584943938675,72.26356067232057,28.463593140471822,33.124232602508094,46870.914700242334,39.294657756224716
398,haryana,2024,1,584426895622.0225,181462515046.18692,45965151754.14655,188138732.0,373122494.0,44836765.0,17427671,1349876.0,606097991.0,811854562422.356,1339.4774021324151,0.3104097601273851,0.6156141408493796,0.07397609902323533,9.050583598430206,58.48670291370597,3.229965437595572,36.89755746486332,3.8652636843637955,15.030221744937379,3.08189730878079,11.989540045745706,45.857001402652365,70.32149601674857,30.452122537014816,34.777911001418374,46584.22587977223,37.778316436811664
399,haryana,2024,2,648072244216.3668,209196597270.4304,51930503266.71114,214631303.0,476635703.0,49105924.0,18087186,1395864.0,740372930.0,909199344753.5084,1228.0288864066226,0.28989620541637035,0.6437778634072966,0.06632593117633298,22.15399836228793,61.499128371252596,11.99042129426504,37.10537006440908,3.7842979707386037,15.310629437065892,3.4068314422954327,13.36377236025903,45.5108152156813,74.55223226188595,29.656606430968125,40.9335609198689,50267.59523308426,40.055716597571255
400,haryana,2024,3,649710907772.4258,216424879926.3836,61077871545.91739,231883044.0,513982387.0,51465693.0,18729218,1436920.0,797331124.0,927213659244.7267,1162.8966076140866,0.29082402156422027,0.6446285257516173,0.06454745268416237,7.693176194326834,58.825735562182224,1.9813382615340602,36.45763981171748,3.549651117647601,15.407373612866216,2.941260753196584,12.895913914626455,47.79429282888916,67.73335585083946,33.01284470932995,42.57151174170753,49506.26658543495,37.62182656973272
401,haryana,2024,4,725783034449.5459,244242746239.3102,65913669150.53643,245119637.0,546237947.0,52743722.0,19313789,1480933.0,844101306.0,1035939449839.3925,1227.2690996634858,0.2903912542933561,0.6471236842275422,0.062485061479101656,5.865841755350809,51.87270276811906,11.7260773189245,31.72309247518672,3.121171423174207,15.106131348770857,3.0630097708988613,13.089930798965721,39.54196069178211,60.72687277140838,30.941604041614458,43.70459395616262,53637.297675737915,31.94145349907187
402,haryana,2025,1,736915658946.1289,236889312633.46997,68579591176.21408,248265982.0,552381807.0,56985955.0,19907909,1522080.0,857633744.0,1042384562755.813,1215.4192509895145,0.28947786130952424,0.6440765779850192,0.06644556070545657,1.603177000652578,41.50083925950516,0.6221515087025287,28.39548005317818,3.076144199359332,14.231609031407588,2.7784511520777766,12.757023608094364,31.958996088056967,48.04301962025372,27.096491015799206,43.08005145090828,52360.323867052684,23.871877897298987
403,haryana,2025,2,767096768188.8385,255449802151.29465,71055112742.08694,259001315.0,627408882.0,55088912.0,20473762,1559622.0,941499109.0,1093601683082.2201,1161.553603851812,0.27509459384947754,0.6663934952274075,0.05851191092311485,9.778692313207294,27.1655230560631,4.9134572936308185,20.2818380141601,2.8423527553797845,13.19484412887666,2.4664932198044776,11.731658671618428,20.672665813336643,31.632791679476856,12.183841607379176,45.985642941438904,53414.789284071005,12.34215130088463
404,haryana,2025,3,750328852718.9094,267785248240.76047,80329829878.9602,276948829.0,676587870.0,58279648.0,21056009,1596852.0,1011816347.0,1098443930838.6301,1085.615916461004,0.2737145232147549,0.6686864390025515,0.05759903778269358,7.4686462608219095,26.900395148753773,0.44277983760618866,18.467186056488984,2.843869143345512,12.423321678459832,2.3871168783205166,11.13019513960416,19.43470476435525,31.636392046251196,13.239800346222875,48.053567368820936,52167.717578323136,12.877286717874782
405,haryana,2025,4,817881389400.7981,292681917669.33057,86780875715.30179,286824452.0,679431344.0,58933440.0,21615414,1643434.0,1025189236.0,1197344182785.4304,1167.9250432409247,0.27977708107735144,0.6627374928856549,0.05748542603699362,1.3216715701075632,21.453340814994547,9.003668659837082,15.580518047754754,2.6567475346348957,11.91700396022759,2.917114422626521,10.972879934473735,17.014065258264075,24.38376859965754,11.735459245746815,47.428619040097956,55393.07194326375,8.520900772286488
406,haryana,2026,1,804919583028.2795,290668993975.4584,87933257046.6683,288242452.0,682240539.0,60386295.0,22159437,1672054.0,1030869286.0,1183521834050.4062,1148.0813815326012,0.2796110582733959,0.6618109087789817,0.05857803294762242,0.5540489307283458,20.199245098732966,-1.1544173290981896,13.539846649441966,2.5168289628873186,11.30971615351466,1.7414754714822678,9.853227162829814,16.102274535542293,23.508872007437432,5.9669790565061165,46.52055401949066,53409.38192835884,7.986300973904337
407,haryana,2026,2,851905761320.7651,317501866545.9623,94101050589.26192,302949383.0,768184781.0,59580774.0,22839223,1706826.0,1130714938.0,1263508678455.9895,1117.4422800948169,0.26792728460442433,0.6793797049844936,0.052693010411082056,9.68557831298118,20.0972924128386,6.758375055223231,15.536460669564956,3.0677042923066944,11.5536216548771,2.079597907723074,9.438440852975916,16.968279871474778,22.437664342788178,8.153840467932994,49.50759218034694,55321.87668801121,7.658801777313662
408,himachal-pradesh,2018,1,561321896.1156349,84556046.93619494,7696953.607353948,155307.0,374817.0,2024.0,232961,,532148.0,653574896.6591837,1228.1825669911073,0.29184925998030625,0.704347286845013,0.003803453174680728,,,,,,,,,,,,2.2842793428943042,2805.5120670806864,
409,himachal-pradesh,2018,2,1071983164.9170972,129464954.27247986,20007344.649603996,244789.0,495410.0,12426.0,321663,2.0,752625.0,1221455463.8391812,1622.9270404772378,0.3252469689420362,0.6582428168078392,0.016510214250124566,41.43151905109106,,86.88836888974443,,38.0759011164959,,,,,,,2.339793510599603,3797.31415748526,
410,himachal-pradesh,2018,3,1580813699.1562047,141976210.16565654,31748139.919863,359835.0,591381.0,31853.0,411528,1.0,983069.0,1754538049.2417243,1784.7557488250818,0.3660322927485253,0.6015661159084459,0.03240159134302882,30.618701212423183,,43.64322737785302,,27.937624159446383,,-50.0,,,,,2.388826519702183,4263.471863984284,
411,himachal-pradesh,2018,4,2501862226.075375,234311245.43838388,46419338.22722897,614646.0,826781.0,45038.0,536663,17.0,1486465.0,2782592809.7409883,1871.9531302391838,0.41349510415650553,0.55620616698005,0.03029872886344448,51.20657858197135,,58.59404194417832,,30.40740848739332,,1600.0,,,,,2.7698294833070287,5184.990971505374,
412,himachal-pradesh,2019,1,3083347062.265048,265620861.79734063,74477319.3078519,1174821.0,1063259.0,77081.0,664582,358.0,2315161.0,3423445243.37024,1478.7072015165427,0.5074467823188107,0.4592592048673937,0.033294012813795675,55.74944583289885,335.059607477619,23.03076581617791,423.8030500971714,23.836001363984472,185.27607625310677,2005.8823529411764,,656.4507716973478,183.67416632650068,3708.3498023715415,3.4836348261012184,5151.2759048097005,52.50476422411923
413,himachal-pradesh,2019,2,4295404468.075302,377548268.3627628,98863842.10231984,1109932.0,1399651.0,85275.0,782863,3990.0,2594858.0,4771816578.540384,1838.950947813092,0.42774286685437124,0.5393940631818774,0.032863069963751386,12.081103646787405,244.77435641919948,39.38638533160028,290.6664401452667,17.7978037322708,143.3798727239378,1014.5251396648044,199400.0,353.42396921430293,182.5237681920026,586.2626750362143,3.3145748362101672,6095.340536646111,41.660997912621944
414,himachal-pradesh,2019,3,4862610349.346999,400398318.71187246,165445139.2825199,1136295.0,1483897.0,180023.0,895546,7828.0,2800215.0,5428453807.341392,1938.5846470151012,0.40578848409854246,0.5299225238062077,0.06428899209524983,7.913997606034706,184.84419710111902,13.760739081087259,209.39504615972618,14.393706178475663,117.61484030248246,96.19047619047618,782700.0,215.78223352369835,150.920641684464,465.1681160330267,3.1268243060657968,6061.613593652802,30.893737166632796
415,himachal-pradesh,2019,4,6211556102.768544,514787381.06128347,259053207.5027061,1525082.0,1623659.0,444274.0,1005852,11892.0,3593015.0,6985396691.332534,1944.1601806094698,0.424457454254992,0.4518931871979382,0.12364935854706981,28.312111748562163,141.715412068229,28.68114824677235,151.03912677697008,12.317178570391697,87.42711906727314,51.91619826264691,69852.94117647059,148.12363539338088,96.38320183942301,886.442559616324,3.5721110063906023,6944.7559793414275,28.965014919463282
416,himachal-pradesh,2020,1,6171762633.286866,691978382.2402248,332244004.07294416,1548749.0,1973218.0,713544.0,1132310,14466.0,4235511.0,7195985019.600035,1698.9650173497448,0.36565812247920026,0.4658748377704603,0.16846703975033944,17.881806783439536,82.94671515285546,3.0146939046253207,110.19717004487224,12.572227325690054,70.37927599603961,21.644803229061548,3940.782122905028,31.828508342973105,85.58206420072625,825.706724095432,3.740593123791188,6355.136861460232,7.376154807177349
417,himachal-pradesh,2020,2,6495509542.366001,928263508.4230182,418059450.2807702,1491543.0,2214649.0,1142256.0,1275538,15575.0,4848448.0,7841832501.06979,1617.39024551151,0.3076330817614214,0.4567748277386908,0.2355920904998878,14.471382555729395,86.8482976717801,8.975108754543415,64.33641930697324,12.649186176930339,62.93246711110374,7.666251901009269,290.35087719298247,34.381475621929994,58.228658429851436,1239.4969217238347,3.8011003984201177,6147.862706614613,14.678370115373118
418,himachal-pradesh,2020,3,9080365018.904428,1327209844.724596,498130968.6042366,2021110.0,2795882.0,1060966.0,1408247,18895.0,5877958.0,10905705832.233261,1855.3562023126503,0.34384560080218335,0.47565532111661907,0.18049907808119758,21.23380512691897,109.91095326608851,39.07088465286008,100.89893401108955,10.404158872569846,57.25010217230606,21.31621187800963,141.3771078180889,77.86842325276446,88.41482933114631,489.35024969031736,4.17395385894662,7744.171180363432,33.48859578868799
419,himachal-pradesh,2020,4,11608951266.52366,2043815974.2486672,660090587.7701017,2642942.0,3543029.0,1462519.0,1534598,24496.0,7648490.0,14312857828.542429,1871.331181519807,0.3455508211424739,0.4632324811825602,0.1912166976749659,30.121549014130423,112.871084590518,31.241920960667002,104.89685068711694,8.972218651983631,52.56697804448369,29.642762635617892,105.98721829801545,73.29835379343537,118.21262962235295,229.1930205233707,4.984034906861601,9326.779930993282,39.5263164539128
420,himachal-pradesh,2021,1,12224209415.950352,2167269258.322501,892579967.4199035,3080132.0,2729674.0,2606950.0,1638990,31399.0,8416756.0,15284058641.692757,1815.9084856080842,0.3659523930597489,0.32431426074368797,0.3097333461965631,10.044675484965015,98.7187850533265,6.785512891866907,112.3970325127535,6.802563277157936,44.74746315055065,28.180111038536904,117.05378128024333,98.87870791199865,38.33615951202554,265.35238191337885,5.135330905008573,9325.29096681051,37.286540798743204
421,himachal-pradesh,2021,2,14141846152.477749,2753643487.363762,1108344191.6402247,3654848.0,3324890.0,3693667.0,1741024,38403.0,10673405.0,18003833831.481735,1686.7938424037816,0.34242568327539336,0.3115116497500095,0.34606266697459714,26.811386714786558,120.14065119394908,17.794849218713505,129.58707456484993,6.225419313113556,36.49330713785086,22.30644288034651,146.5682182985554,145.0380579037949,50.13169129735682,223.3659529912734,6.130532950723253,10340.945231933469,61.28311036644378
422,himachal-pradesh,2021,3,17349224906.15679,3862750854.5476985,1247131497.025847,4692458.0,4599348.0,3705835.0,1846491,50357.0,12997641.0,22459107257.73034,1727.9371893507705,0.36102381963003904,0.3538602120184732,0.2851159683514878,21.775956220156555,121.12510841350006,24.746248315500765,105.93905248525472,6.057756814380499,31.11982486026954,31.127776475796164,166.50965863985184,132.172321150259,64.50436749476552,249.28876137406854,7.0391033587491085,12163.128473266503,68.64353552115132
423,himachal-pradesh,2021,4,17639778924.84311,4896690156.893055,1205572973.8866744,4865930.0,5779795.0,3104536.0,1950122,63178.0,13750261.0,23742042055.622837,1726.661192512843,0.3538791009130663,0.42034074844106595,0.22578015064586773,5.7904353566928135,79.77745934164784,5.712314310493882,65.87911610689592,5.612320883232025,27.07705861730565,25.460214071529276,157.91149575440892,84.11035883496498,63.13146180852598,112.27320807456178,7.050974759527866,12174.64448666434,41.47121541666321
424,himachal-pradesh,2022,1,19589779814.850983,5765581347.913996,1384593351.806942,5795846.0,7493598.0,3274250.0,2050007,75280.0,16563694.0,26739954514.57192,1614.3714387969205,0.3499126462973779,0.4524110382623586,0.1976763154402635,20.4609425232001,96.79427560927274,12.627020253462495,74.95323160844917,5.121987239772685,25.077456238293095,19.155402196967298,139.7528583712857,88.16875380665503,174.52355116398513,25.596961967049616,8.079823142067319,13043.835711083873,57.33792605627293
425,himachal-pradesh,2022,2,24425570779.70172,7860605916.809366,1594827169.4713552,7197331.0,11288487.0,3748312.0,2145736,86078.0,22234130.0,33881003865.98244,1523.8286303976113,0.32370643690578405,0.5077098586722305,0.16858370442198548,34.23412675940525,108.31337328621933,26.705540383470037,88.18771703356694,4.669691371785567,23.2456301578841,14.343783209351745,124.14394708746714,96.92559033918783,239.5146004830235,1.4794241061795832,10.362006323238273,15789.921903711565,69.0229284554422
426,himachal-pradesh,2022,3,25647862036.4685,8214388219.897854,1779480651.507576,7859922.0,12331466.0,4191848.0,2243636,94578.0,24383236.0,35641730907.87393,1461.7309576084951,0.32234942072496037,0.5057354159226446,0.17191516335239507,9.6657975823655,87.59739555816321,5.196797145846421,58.696116007042896,4.562537050224269,21.508092917864218,9.874764748251597,87.81500089361955,67.50116889698322,168.11334997917098,13.114804085988707,10.867732555548226,15885.701115454527,54.390864882533684
427,himachal-pradesh,2022,4,27184004891.39645,9696052501.8265,1801495423.492003,8530434.0,15080061.0,3996602.0,2334678,103146.0,27607097.0,38681552816.71495,1401.1452495970493,0.3089942415894,0.5462385632216238,0.14476719518897624,13.221628991328306,100.77507619673547,8.528827953665585,62.924287330010785,4.057788339998103,19.71958677457102,9.059189240626786,63.26252809522301,75.30942697490511,160.90996306962447,28.734277843774404,11.824798537528515,16568.260298300214,67.70445138170238
428,himachal-pradesh,2023,1,26985352018.79802,9482839429.315975,1820536706.883839,8712826.0,15826198.0,4052173.0,2420834,105878.0,28591197.0,38288728154.99784,1339.1789142300631,0.3047380632577223,0.5535339426327621,0.1417279941095156,3.5646631009410346,72.61365127851312,-1.0155348819072318,43.18920450718204,3.6902733481876338,18.089060183696937,2.6486727551238154,40.645589798087144,50.32880445753736,111.1962504527198,23.75881499580057,11.810473993673254,15816.337739389748,46.17243206948962
429,himachal-pradesh,2023,2,33341269752.11728,12096395116.427338,2154947681.15314,10883052.0,21622495.0,4460264.0,2502650,109661.0,36965811.0,47592612549.697754,1287.4764887397644,0.2944085820273225,0.5849322499647038,0.12065916800797363,29.290882784655704,66.25706065404853,24.299277732696044,40.4699008859126,3.3796617198866175,16.633639925880917,3.572980222520261,27.397244359766717,51.20955254107391,91.54466847505782,18.993936470603302,14.770667492457994,19016.887119532395,42.54640493060376
430,himachal-pradesh,2023,3,29579529036.302704,10965645791.664158,2014252641.1318164,10089367.0,20360373.0,4275412.0,2584543,113340.0,34725152.0,42559427469.09867,1225.608097240256,0.29054925375128665,0.5863292693434431,0.12312147690527028,-6.061436065882608,42.414042172253104,-10.575559547909386,19.408980386237328,3.2722514135016922,15.194398734910664,3.354884598900254,19.83759436655459,28.364721685533254,65.10910381620482,1.993488313507541,13.435702946323586,16466.90632312895,23.629311612608195
431,himachal-pradesh,2023,4,33528991383.4748,13376978324.14599,2249692751.4347525,11483554.0,25051506.0,4080214.0,2677484,116857.0,40615274.0,49155662459.05554,1210.2752885295208,0.28273978897692525,0.6168001230276078,0.10046008799546692,16.962120137011926,47.118960026836575,15.498880934773451,27.077790004889746,3.5960322579272175,14.683223982065186,3.103052761602254,13.292808252380128,34.618637222912696,66.12337310837137,2.092077219598054,15.169193914884271,18358.900542096813,28.28289519471816
432,himachal-pradesh,2024,1,33001710466.10124,13392856602.31936,2272654186.11398,11816852.0,24834607.0,4160326.0,2783894,120041.0,40811785.0,48667221254.534584,1192.4796049605422,0.2895450909584082,0.6085155795072428,0.10193932953434896,0.48383521923303086,42.74248468855642,-0.9936621338951679,27.105870577688627,3.9742534409169306,14.997310844114043,2.7246977074544043,13.376716598349049,35.625938128455694,56.920866275020686,2.6690124039620233,14.659963705514649,17481.707728287998,24.12680230588404
433,himachal-pradesh,2024,2,40678734821.93235,17190095164.614952,2775577075.796061,14982368.0,34599835.0,4924706.0,2904980,126235.0,54506909.0,60644407062.34336,1112.600368924669,0.2748709892905503,0.6347788864710711,0.09035012423837867,33.556787579862046,47.45222010684414,24.61037531846508,27.42399253459031,4.349519054964013,16.076159271172564,5.159903699569313,15.113850867674007,37.66697062551938,60.017773157075524,10.41288138998051,18.76326480733086,20876.01534686757,27.03058150155715
434,himachal-pradesh,2024,3,38147357695.79736,15766881950.078274,2837796990.2541637,14456119.0,31103167.0,4690964.0,3013084,130210.0,50250250.0,56752036636.12981,1129.388145056588,0.28768252894264207,0.618965418082497,0.09335205297486082,-7.809393484411309,44.70850984323984,-6.4183502069896425,33.347744579825545,3.7213337096985155,16.580919721591016,3.1488889769081485,14.88441856361391,43.28073307274876,52.763247510249435,9.71957790266762,16.677347860199053,18835.198964293664,24.1270957450163
435,himachal-pradesh,2024,4,42496725659.43588,18315553666.1071,2971431494.705592,15664730.0,33892927.0,4538144.0,3099424,133259.0,54095801.0,63783710820.24857,1179.08801868464,0.28957386174945443,0.6265352647241511,0.0838908735263944,7.652799737314742,33.19078187186426,12.390170645686084,29.75862317668394,2.8655025880460094,15.758824329108979,2.3416020274940497,14.035958479166855,36.41012181420491,35.29297200735157,11.223185842703343,17.453501360252744,20579.21433797008,15.05885848770825
436,himachal-pradesh,2025,1,42592601603.43727,17717002837.888096,3217993015.714382,16289890.0,36211260.0,5175278.0,3187150,136228.0,57676428.0,63527597457.03975,1101.4481940011915,0.28243583323155863,0.627834650231807,0.08972951653663434,6.619047936825995,41.322973253926534,-0.4015341219807511,30.53467163202901,2.830396873741692,14.485321639401505,2.227992105598875,13.48455944219058,37.853042417726826,45.809675989638166,24.395972815591847,18.0965527195143,19932.415310556375,23.442002197501388
437,himachal-pradesh,2025,2,45382170735.963005,19844869270.539185,3516434555.2784657,17252603.0,41619250.0,5031057.0,3270465,139315.0,63902910.0,68743474561.78065,1075.7487344751696,0.2699814922356431,0.6512888067225734,0.07872970104178355,10.795540250862977,17.238183511745262,8.210411401545791,13.355011437594456,2.6140909590072647,12.581325861107473,2.2660539683471814,10.361627124014738,15.152711507286432,20.28742333597833,2.1595400821896815,19.53939577399544,21019.48027628507,4.136438805475606
438,himachal-pradesh,2025,3,41808056337.83125,18148603326.679848,3518915180.0558405,16586359.0,38757665.0,4977567.0,3355425,142979.0,60321591.0,63475574844.56694,1052.2861514804365,0.2749655426031452,0.6425172870523259,0.08251717034452888,-5.604312855236171,20.042369938458027,-7.663126937931231,11.847219248792129,2.597795726295793,11.361814008504245,2.63001112586585,9.806466477229092,14.735905259219306,24.6100276540971,6.109682359532065,17.977332528666263,18917.298060474288,7.794912472681936
439,himachal-pradesh,2025,4,47073841034.50168,20891889990.09402,3850767177.126138,18434338.0,39612159.0,4856000.0,3444065,147497.0,62902497.0,71816498201.72185,1141.711404584175,0.2930621021292684,0.6297390547151093,0.07719884315562227,4.278577466565836,16.27981439816373,13.140366790815804,12.593791233173611,2.6416921850436204,11.119517691029035,3.15990460137503,10.684456584545888,17.68053455118601,16.874411584458304,7.004096829012041,18.26402724687252,20852.248201390463,4.643915681386446
440,himachal-pradesh,2026,1,45353944680.00855,19709400980.095886,4028460699.3053374,18652821.0,39046196.0,5034304.0,3529338,150358.0,62733321.0,69091806359.40977,1101.3573848483134,0.2973351434718401,0.6224155740136889,0.08024928251447105,-0.2689495776296402,8.76769449037309,-3.7939636581260427,8.758727112469188,2.4759404947351404,10.73648871248607,1.9397004684841068,10.372316997973986,14.505506175916484,7.828879746244666,-2.7239889335413436,17.77481244358007,19576.420949030606,-1.7779092013877396
441,himachal-pradesh,2026,2,53132098062.76816,24236863923.83679,4699185083.220638,21564394.0,47984389.0,5304226.0,3592809,154191.0,74853009.0,82068147069.82559,1096.3907552443964,0.2880898749173864,0.6410482309401884,0.07086189414242519,19.319378931014985,17.13552481412819,18.78130185642273,19.383181593577838,1.7983825861960456,9.856213107310419,2.5492491254206717,10.677960018662747,24.99211858059911,15.293737873700275,5.429654245618765,20.834118652007383,22842.33508372574,6.626217581073113
442,jammu-&-kashmir,2018,1,501607524.7098432,86001413.51644047,5014151.977096491,265236.0,389224.0,1703.0,256997,2.0,656163.0,592623090.2033801,903.1644426817423,0.4042227312420847,0.5931818770640832,0.002595391693832173,,,,,,,,,,,,2.553193227936513,2305.9533387680794,
443,jammu-&-kashmir,2018,2,1068705480.4685308,128482963.90845191,16078174.560985688,495778.0,571507.0,19492.0,380192,2.0,1086777.0,1213266618.9379685,1116.389672341215,0.45619110452282297,0.5258732932331104,0.01793560224406663,65.62607157063107,,104.72820566636915,,47.93635723374203,,0.0,,,,,2.8584951813820387,3191.1944989320355,
444,jammu-&-kashmir,2018,3,1983925360.5197096,132637661.4020693,24778061.86104199,757932.0,484480.0,34797.0,476825,8.0,1277209.0,2141341083.782821,1676.578448619467,0.5934283269222187,0.37932711091137,0.02724456216641129,17.522638038898506,,76.49385966435321,,25.416894621664852,,300.0,,,,,2.6785697058669324,4490.832241981484,
445,jammu-&-kashmir,2018,4,2848408678.830835,214362508.02118212,39044229.88585433,548498.0,673367.0,46651.0,601895,21.0,1268516.0,3101815416.737871,2445.231606647351,0.43239344241617766,0.5308305137656916,0.036776043818130794,-0.6806247059017001,,44.85386939190037,,26.22974885964453,,162.5,,,,,2.1075370288837756,5153.416155206259,
446,jammu-&-kashmir,2019,1,3211125512.7675858,230141843.18609935,57005229.83185772,969595.0,772422.0,86148.0,740329,1545.0,1828165.0,3498272585.785543,1913.5431352123812,0.530365147566002,0.4225121911862441,0.0471226612477539,44.11840292120872,178.61446012652343,12.781455882523773,490.3031190676327,22.999692637420143,188.06912142943304,7257.142857142857,77150.0,265.5593509176733,98.45179125644874,4958.602466236054,2.469395363412753,4725.294545783757,-3.2820807922746
447,jammu-&-kashmir,2019,2,4994337227.654128,331697489.23035085,77178459.87734668,1056876.0,989235.0,73051.0,864680,5604.0,2119162.0,5403213176.761826,2549.693311205951,0.4987235520455727,0.46680480303063193,0.03447164492379535,15.91743633643572,94.99510939226722,54.45374950815975,345.3442542984923,16.796721457622212,127.43245518054036,262.71844660194176,280100.0,113.17525182642231,73.09236807248205,274.77426636568845,2.4508049220520887,6248.800916826833,-14.262408486301458
448,jammu-&-kashmir,2019,3,2800678712.9868035,164208131.99504703,61620131.77652677,476173.0,432043.0,39568.0,911309,6323.0,947784.0,3026506976.7583776,3193.245482893125,0.5024066664978518,0.45584542469592226,0.04174790880622589,-55.27552872314623,-25.792568013535767,-43.98690413003139,41.33698735242366,5.3926307998334755,91.12022230378021,12.830121341898648,78937.5,-37.1747069657964,-10.823357001321,13.710952093571294,1.0400248433846258,3321.054633234586,-61.172380875262064
449,jammu-&-kashmir,2019,4,1052562776.278028,58100887.7867388,42767112.49940262,152003.0,75857.0,44221.0,934260,6435.0,272081.0,1153430776.5641694,4239.2918894159075,0.5586681907226156,0.2788030035173349,0.1625288057600494,-71.2929317228398,-78.55123624770992,-61.889042866189506,-62.814332202358656,2.5184651967664173,55.21976424459416,1.7713110865095638,30542.857142857145,-72.28741034607236,-88.73467217728222,-5.208891556451089,0.29122621111896047,1234.5929147819338,-86.18167998342578
450,jammu-&-kashmir,2020,1,2440975076.898938,176776820.44973338,99979675.74977964,392979.0,285108.0,174338.0,1010260,6711.0,852425.0,2717731573.098451,3188.2354143748144,0.46101299234536763,0.3344669619028067,0.20452004575182567,213.29824574299568,-53.372644154110816,135.6215585987751,-22.312183900667083,8.134780467963942,36.460951820069184,4.289044289044286,334.3689320388349,-59.469778618907895,-63.089088607004975,102.37033941588894,0.8437679409260982,2690.1308307747026,-65.8309903133537
451,jammu-&-kashmir,2020,2,6545452965.147438,614116904.3912461,226247234.55266383,1113996.0,830419.0,533819.0,1132400,7274.0,2478234.0,7385817104.091348,2980.274301817886,0.4495120315515,0.33508498390386054,0.21540298454463944,190.7275126844004,16.94405618824799,171.7640394364213,36.69305397492584,12.089957040761789,30.961743072581772,8.389211741916247,29.800142755174885,5.4046075414712735,-16.054425894757063,630.7483812678813,2.188479335923702,6522.268724912882,-10.703650207652526
452,jammu-&-kashmir,2020,3,9320837858.110071,845268732.8829591,282345337.0080956,1579112.0,1130325.0,554350.0,1249897,13647.0,3263787.0,10448451928.001125,3201.327760666099,0.4838281419712745,0.3463231516027241,0.16984870642600144,31.698096305675726,244.3597908384189,41.466431956638104,245.2313841745121,10.375927234192872,37.15402788735764,87.61341765191091,115.83109283567924,231.62569066284732,161.6232643510021,1301.005863323898,2.6112447665687655,8359.450361110656,151.07522990227892
453,jammu-&-kashmir,2020,4,12178153990.45664,1271207849.216887,412466362.2506673,2151666.0,2498216.0,1047336.0,1396218,21742.0,5697218.0,13861828201.924194,2433.0872018455666,0.37766959242212605,0.43849752633653827,0.18383288124133568,74.5585113244216,1993.941877602626,32.66872736214115,1101.7910813179183,11.706644627517315,49.44640678183803,59.317066021836304,237.87101787101784,1315.5417985171346,3193.322962943433,2268.4131973496756,4.080464511988816,9928.125981705001,1301.132300664387
454,jammu-&-kashmir,2021,1,12421126686.472548,1662421500.3014293,605909121.943563,2422378.0,1821330.0,2575293.0,1549842,37358.0,6819001.0,14689457308.71754,2154.194919273005,0.35523942583378415,0.2670963092687624,0.37766426489745347,19.69001361717244,699.9531923629645,5.970562430419246,440.5043476008294,11.002866314572657,53.41021123275196,71.82411921626345,456.6681567575622,516.4141086419377,538.8210783282125,1377.1839759547545,4.399803980018608,9478.035379553232,421.44716178591653
455,jammu-&-kashmir,2021,2,15896101169.61694,2252611794.311126,881596368.0871395,3376159.0,2461450.0,3921511.0,1701193,45615.0,9759120.0,19030309332.015205,1950.0025957274022,0.3459491224618613,0.2522204870930986,0.40183039044504015,43.11656502176786,293.79332218022995,29.550799134843196,157.66017576407938,9.765576103886708,50.22898269162841,22.102360940093146,527.0965081110805,203.0674257358195,196.41060717541387,634.6143543036122,5.736633056919468,11186.449351728585,162.12872850810717
456,jammu-&-kashmir,2021,3,20571759172.862503,3479814855.181258,1090177123.701365,4549759.0,3104332.0,4492677.0,1855715,60539.0,12146768.0,25141751151.74513,2069.8305221393157,0.3745653987957949,0.25556855947195173,0.3698660417322534,24.465812491290208,272.16791414390707,32.1142537050014,140.6265667392026,9.083155174045498,48.46943388135183,32.71730790310205,343.60665347695465,188.1213618793347,174.64065644836663,710.4405159195455,6.545599943956912,13548.282549715408,150.66971996493373
457,jammu-&-kashmir,2021,4,21208704855.39742,4614412955.432423,1215490492.018221,4805709.0,4460916.0,4185175.0,2040417,89313.0,13451800.0,27038608302.84806,2010.0364488654352,0.3572539734459329,0.3316222364293254,0.3111237901247417,10.743862070964072,136.11173032171143,7.544650090816241,95.05802487939337,9.953144744747977,46.138855107153766,47.52969160375955,310.7855763039279,123.34827989102396,78.56406331558199,299.601942452088,6.5926719881279165,13251.510991551266,61.56670322111568
458,jammu-&-kashmir,2022,1,24517948432.63209,6025424189.8015785,1373162877.985224,6090704.0,6333871.0,4507844.0,2232542,122511.0,16932419.0,31916535500.418896,1884.9365527996263,0.35970666683832947,0.3740676981829944,0.26622563497867613,25.87474538723442,148.3123114368219,18.040600103878223,117.27511663400834,9.415967422345538,44.04965151286389,37.17040072553828,227.93779110230741,151.43491230518111,247.76075724882367,75.04198551388133,7.584367505740094,14296.051541435232,72.3796682803132
459,jammu-&-kashmir,2022,2,33687817335.050552,8378249797.001965,1786911406.3604102,8551984.0,10304279.0,5709975.0,2422700,147683.0,24566238.0,43852978538.41293,1785.0913330080468,0.3481193986641341,0.41944879798038265,0.23243180335548325,45.08404262852223,151.72595479920318,37.39893083896082,130.43754977034388,8.51755532482703,42.41182511331753,20.546726416403427,223.75972815959662,153.3051316599722,318.6263787604867,45.606502187549644,10.140024765757213,18100.87032584015,76.75916631143802
460,jammu-&-kashmir,2022,3,39501037631.28801,10555402137.672558,2182159958.499691,10903528.0,13247341.0,6805168.0,2603073,167970.0,30956037.0,52238599727.460266,1687.5092805794316,0.3522262232727012,0.42794046925321866,0.2198333074740801,26.01049049512587,154.84998972566203,19.122124582032573,107.77629772950124,7.445123209642124,40.27331783167134,13.736855291401184,177.4575067311981,139.6506716070016,326.73724975292595,51.472451725329904,11.892112514708577,20068.050234265527,81.68101650770335
461,jammu-&-kashmir,2022,4,40417335880.73078,12060581099.540554,2472656857.3350334,11572484.0,18526673.0,7329984.0,2801460,191336.0,37429141.0,54950573837.60637,1468.122761289295,0.30918379879463437,0.49497991417970294,0.1958362870256627,20.910635298697965,178.24633877994023,5.191513793047742,103.23003766365542,7.621261485943731,37.298405178941366,13.910817407870457,114.23085105191855,140.80700683291477,315.31095855649374,75.14163684911624,13.36058376703576,19614.97713249747,102.65809964602362
462,jammu-&-kashmir,2023,1,41145105138.56743,13306091163.293957,2538183542.5112567,12550695.0,21801222.0,7886467.0,2995581,211380.0,42238384.0,56989379844.37264,1349.2320123888414,0.2971395638621023,0.5161471613118532,0.18671327482604447,12.848926989801868,149.45274505668684,3.7102542601128885,78.557537498469,6.929279732710802,34.17803562038251,10.475812183802313,72.53960868819942,106.06312505089726,244.20060023325388,74.94986516835986,14.100230973557384,19024.483011600303,85.9117581378523
463,jammu-&-kashmir,2023,2,56909261438.61043,17585065725.37503,3436497493.751874,18040047.0,31290114.0,9735287.0,3178196,227949.0,59065448.0,77930824657.73734,1319.3978425040868,0.30542470447358666,0.5297532662412041,0.16482202928520917,39.83832336009825,140.43342737296612,36.74622336749736,77.7093079081823,6.096146290152071,31.184050852354805,7.838489923360781,54.35019602797884,110.94575247100558,203.66136243011277,70.4961405260093,18.584583203804925,24520.45898293791,83.27946561397881
464,jammu-&-kashmir,2023,3,62711253072.31735,20941967941.063866,3947358294.661673,20679778.0,35773150.0,11048892.0,3356452,242043.0,67501820.0,87600579308.0429,1297.7513688970594,0.30635882113993373,0.5299583033464875,0.16368287551357874,14.283091529247361,118.05704651406121,12.408125658587533,67.69319959775623,5.608716391311308,28.941908275334583,6.182961978337254,44.098946240400075,89.6613463091946,170.04022920524199,62.36031204519858,20.111063706556806,26099.16045516006,69.1126255464094
465,jammu-&-kashmir,2023,4,65970583490.79892,24490842359.87243,4426942604.72126,21009113.0,41933534.0,10731946.0,3588585,250758.0,73674593.0,94888368455.39261,1287.9388211264718,0.2851608966472336,0.5691722518236375,0.14566685152912892,9.144602323315132,96.83752026262104,8.319338987157355,72.67948599738577,6.916023229290924,28.096956586922527,3.6005998934073746,31.056361583810688,81.54367722608214,126.34141596820973,46.411588347259695,20.530262763735568,26441.722421342285,53.66291714280764
466,jammu-&-kashmir,2024,1,63691038047.13582,26837353833.598625,4443780111.586679,21727328.0,45932216.0,10129715.0,3840608,264241.0,77789259.0,94972171992.32112,1220.8905601263166,0.27931012943573613,0.5904699002210575,0.13021997034320637,5.584918534941896,84.16722334831749,0.08831802916697828,66.6488953760725,7.0229073576353995,28.20911869850957,5.376897247545442,25.007569306462287,73.11653259042627,110.68642849469632,28.44427041918771,20.25441258259109,24728.42112298915,43.64596310922026
467,jammu-&-kashmir,2024,2,88033940273.91222,36618954376.72433,5577268514.706987,30644374.0,68626394.0,12818698.0,4103216,276715.0,112089466.0,130230163165.34352,1161.8412310514846,0.2733920955605231,0.6122465959468484,0.11436130849262856,44.09375721139084,89.77163434026608,37.12454967953471,67.10995134120354,6.837667369333178,29.105190491712918,4.7206905817038125,21.39338185295834,69.86859291441978,119.32292736293641,31.67252285423121,27.317466592058523,31738.559014525075,46.989934035570215
468,jammu-&-kashmir,2024,3,98910389303.8464,39359503548.41374,6576995594.31053,35392152.0,72576759.0,13248428.0,4334950,287841.0,121217339.0,144846888446.57065,1194.9353915991396,0.2919726855247994,0.5987324882622609,0.10929482621293972,8.143381644801483,79.57640105111238,11.22376331715822,65.34923580496435,5.647618843365798,29.152748199586952,4.02074336411109,18.921431315923208,71.14377146601865,102.88053749809562,19.907299302047665,27.962799801612476,33413.73913114815,39.04187371499286
469,jammu-&-kashmir,2024,4,109759252596.97556,44295555000.012566,6909982894.809712,37298358.0,77050079.0,12993535.0,4516651,298282.0,127341972.0,160964790491.79785,1264.0356354132623,0.29289917074631133,0.6050642831257552,0.10203654612793338,5.05260472678748,72.84380790539285,11.127544552793477,69.6359555043546,4.191536234558635,25.861613978768784,3.62734982160291,18.95213712025139,77.5341871881978,83.74334726951464,21.073428807785643,28.193892333058276,35638.08460999042,37.32845340323485
470,jammu-&-kashmir,2025,1,101510411389.74246,41368855219.211365,7315556925.585073,37620630.0,80196524.0,14639948.0,4699442,309405.0,132457102.0,150194823534.5389,1133.9129519422743,0.2840212373059468,0.605452805392043,0.11052595730201012,4.016845286485737,70.2768527464698,-6.690883717087026,58.14613942564435,4.047047248060576,22.361928111382355,3.7290215299615737,17.091972858110594,73.14890261701761,74.59755044259131,44.524776856999424,28.18570843091584,31960.139849484025,39.15836026339166
471,jammu-&-kashmir,2025,2,112065665276.00804,46616656530.26812,7670322718.838783,42511800.0,98320985.0,14916288.0,4865971,321443.0,155749073.0,166352644525.11493,1068.0811212604451,0.2729505812211158,0.6312781392926814,0.09577127948620279,17.58453918159859,38.95067802357093,10.757908035931973,27.737415420350352,3.5435909199432514,18.58919930123104,3.890693427708025,16.163923170048598,38.726279740614046,43.26992760249067,16.363518354204153,32.007809540993975,34186.937103635624,17.169758158682935
472,jammu-&-kashmir,2025,3,120355529642.49106,48502483361.10501,8507122327.955152,46404338.0,101539363.0,15255239.0,5026228,333554.0,163198940.0,177365135331.5512,1086.8032312682374,0.2843421532027108,0.6221815104926539,0.09347633630463531,4.78324965696586,34.63332997270301,6.619967381867298,22.45008314208661,3.293422833798232,15.946619914877914,3.767697538910486,15.881337266060092,31.114768042361483,39.90616886047502,15.14754052329832,32.469466168267736,35287.92074922809,16.116649257687655
473,jammu-&-kashmir,2025,4,127353369952.50586,51851353345.87701,8981159107.914436,47917355.0,98610091.0,14940519.0,5205677,348390.0,161467965.0,188185882406.2973,1165.4688433479503,0.2967607537507517,0.6107099386556336,0.09252930759361462,-1.0606533351258274,26.798699960449813,6.1008309522154525,16.911208862093673,3.570251886703102,15.25524110674037,4.4478555196459935,16.798868185140226,28.470414166757685,27.981816864847087,14.984251783675507,31.017668787364258,36150.12656495924,10.015560891516252
474,jammu-&-kashmir,2026,1,115885901146.25565,47766363367.79569,8982353424.504349,46503195.0,93587796.0,14375967.0,5380456,355982.0,154466958.0,172634617938.55566,1117.615185627956,0.30105593844866163,0.6058758275022157,0.09306823404912266,-4.335848909720264,16.616591838163576,-8.26377848799844,14.940457917217431,3.3574691629926434,14.49138004043884,2.1791670254599715,15.053732163345778,23.61088849389286,16.698070355268758,-1.8031553117538346,28.70889716410654,32085.499433236822,1.856219915398083
475,jammu-&-kashmir,2026,2,136514820551.84972,56421934928.14691,10091624645.520311,55206052.0,117475120.0,15060953.0,5645686,365134.0,187742125.0,203028380125.51697,1081.4215516390739,0.294052557464128,0.6257259525532696,0.08022148998260246,21.54193196450467,20.54140765255148,17.60583279871426,22.046980800996497,4.929507833536784,16.023831625794728,2.570916507014398,13.592145419250068,29.860537544869903,19.4812277358694,0.9698458490476902,33.25408550882922,35961.68474929654,3.8936621584150455
476,jharkhand,2018,1,2452023299.298234,392134689.8605241,15408827.424150135,947125.0,1726726.0,4149.0,880343,,2678000.0,2859566816.582908,1067.7994087314817,0.35366878267363705,0.6447819268110531,0.0015492905153099328,,,,,,,,,,,,3.0419961310534642,3248.2416701023444,
477,jharkhand,2018,2,4967608745.199921,551332234.8393849,43184968.29342497,1593567.0,2116672.0,45765.0,1238359,,3756004.0,5562125948.33273,1480.862626432967,0.4242719123834799,0.5635435958002175,0.012184491816302646,40.254070201643025,,94.50938918711103,,40.66778517009848,,,,,,,3.033049382287366,4491.5294743549575,
478,jharkhand,2018,3,9381208802.722609,519556414.03700095,72667172.6203115,6756488.0,2349945.0,93885.0,1545612,16.0,9200318.0,9973432389.379921,1084.031268199634,0.7343754857169067,0.2554199757008399,0.010204538582253352,144.9496326414988,,79.30971865837553,,24.811302699782534,,,,,,,5.952540482346151,6452.74000808736,
479,jharkhand,2018,4,10800006100.60848,820266987.4941114,115457433.89408234,3755791.0,3314423.0,125151.0,1954512,227.0,7195365.0,11735730521.996675,1631.012536820116,0.5219736594321484,0.46063306031035256,0.0173932802574991,-21.792214138685207,,17.66992609779272,,26.45553994146008,,1318.75,,,,,3.6814125469682457,6004.430017312084,
480,jharkhand,2019,1,14340772375.232405,912520586.3342454,169367603.4947598,6717237.0,3804061.0,202422.0,2344245,39115.0,10723720.0,15422660565.06141,1438.1819522573708,0.6263905622302708,0.3547333388040717,0.01887609896565744,49.03649780101495,300.4376400298731,31.416280700670463,439.3355551485593,19.94016920847761,166.28768559527364,17131.277533039647,,609.2239144780257,120.30484280655993,4778.81417208966,4.5744877348570645,6578.9457010941305,50.377828826261116
481,jharkhand,2019,2,19282849925.198223,1562246499.975954,234357887.3942786,5913940.0,5681873.0,217193.0,2680159,103275.0,11813006.0,21079454312.56846,1784.4276310846246,0.5006295603337542,0.4809845182504775,0.01838592141576835,10.157725117776284,214.5099419489436,36.67845585814151,278.98196675835993,14.329304317594783,116.42827322286995,164.02914482934935,,271.11335764357574,168.43426851207934,374.58319676608755,4.407576565420186,7865.001409456849,45.31832521949326
482,jharkhand,2019,3,21366686665.242023,2221164749.5063496,409525134.7001142,6510320.0,8952523.0,481640.0,3022018,147954.0,15944483.0,23997376549.44849,1505.0583044585699,0.40831176526702057,0.5614809210182606,0.030207313714718752,34.97396852249122,73.30360754921732,13.842494182310228,140.61301678850086,12.755176092164678,95.52242089217732,43.26216412490922,924612.5,-3.643431321124224,280.9673417888504,413.0105980721095,5.2761045764783665,7940.84500802063,-11.363818656486856
483,jharkhand,2019,4,28701416402.399197,2414812293.0156507,652553472.219305,11836414.0,7431278.0,1278276.0,3396614,175728.0,20545968.0,31768782167.634155,1546.2295165471958,0.5760942487596593,0.3616903326238997,0.06221541861644095,28.859418019386386,185.54448592948378,32.38439669508069,170.7013603293707,12.395558199851898,73.78322568497917,18.77205077253741,77313.21585903084,215.1510294369415,124.21030749545245,921.3869645468275,6.048955813053824,9353.074022433564,64.31072953329615
484,jharkhand,2020,1,33843066462.17089,3257873383.2413664,905044806.9040476,9481346.0,9031137.0,2178190.0,3782690,208858.0,20690673.0,38005984652.3163,1836.8655602607175,0.4582425134262187,0.4364834821950934,0.10527400437868792,0.7042987704448889,92.94305520845379,19.633117982837156,146.4294956890596,11.366496163532268,61.360693954770085,18.8530000910498,433.95883931995394,41.14949345988536,137.40778604759493,976.0638665757675,5.469830464563578,10047.343200821717,19.572524435558236
485,jharkhand,2020,2,35984010095.78927,4116331066.107876,1075470116.157989,9797276.0,8793799.0,3535284.0,4198053,223796.0,22126359.0,41175811278.05513,1860.9393112556445,0.4427875368016943,0.3974354298418461,0.1597770333564596,6.938807645357881,87.30506866753475,8.340335488573224,95.33622961721726,10.980624899211943,56.634475790428866,7.152227829434343,116.69910433309126,65.66410886819953,54.769369185126095,1527.7154420262164,5.270624024994444,9808.311442960612,19.580997556465164
486,jharkhand,2020,3,50652293501.946434,6955265134.085825,1557198134.167092,14261806.0,13724440.0,3380879.0,4625467,268769.0,31367125.0,59164756770.19935,1886.2027288187664,0.45467367506585316,0.4375421719395705,0.10778415299457633,41.76360873472225,96.72713753089393,43.688138578902816,146.54677001165396,10.181243543137741,53.05888317012011,20.095533432232937,81.65713667761602,119.06459283107434,53.302482439866395,601.9514575201395,6.781396343331387,12791.088287993267,28.530362600541093
487,jharkhand,2020,4,67613377100.42494,10904674737.36035,2197374126.447978,19241235.0,20202143.0,4346894.0,5079848,344805.0,43790272.0,80715425964.23328,1843.2273260196528,0.43939519261264237,0.46133860506735375,0.09926620232000385,39.60562850436564,113.13316559239261,36.42484203516369,154.0715144141272,9.823462149875883,49.5562345323902,28.290465046192082,96.21517344987708,62.55966545272918,171.8528764500534,240.05911086494623,8.620390216400176,15889.338807821272,42.510384979125185
488,jharkhand,2021,1,79348348517.35114,13348641740.763603,3357306383.04191,22330559.0,21235684.0,8783677.0,5505298,414090.0,52349920.0,96054296641.15666,1834.850877349128,0.4265633834779499,0.40564883384731054,0.1677877826747395,19.546916721595142,153.01216639980728,19.003642108907858,152.73466144838474,8.3752505980494,45.539232662470354,20.09396615478314,98.26389221384864,135.52097982712584,135.13854346357496,303.25577658514635,9.509007505134145,17447.61076351483,73.844647777266
489,jharkhand,2021,2,100796966118.43706,16761027987.247309,4692017598.45189,28958156.0,22645520.0,13484679.0,5909431,450674.0,65088355.0,122250011704.13626,1878.2163369182745,0.4449053290715367,0.34791968547983737,0.20717498544862595,24.3332463545312,194.16658655859288,27.271778545047876,196.89763943835166,7.34080153335932,40.765993187794436,8.834794368374022,101.37714704462995,195.57354513642363,157.51691618150468,281.4312796369401,11.014318468224776,20687.27288704044,108.97560546896318
490,jharkhand,2021,3,114854306403.21973,22712667091.08894,5572175646.474995,36049192.0,35362822.0,14028016.0,6377290,512007.0,85440030.0,143139149140.78366,1675.3171685541738,0.42192391552296976,0.4138905616020968,0.16418552287493346,31.267766714952305,172.38718881631644,17.0872273511125,141.93313207852367,7.917158183249784,37.87342986124429,13.60917204009995,90.50076459710756,152.76737041578045,157.66313233909725,314.9221548597273,13.397545038723345,22445.13721985101,97.56322091243158
491,jharkhand,2021,4,132563946825.5931,29741900220.26744,6266229835.453867,40807294.0,46792105.0,12830291.0,6872363,571098.0,100429690.0,168572076881.3144,1678.5083861287872,0.40632699354145174,0.465919042466426,0.12775396399212224,17.54407155521831,129.3424667469524,17.76797465486981,108.84741035252947,7.763062366616547,35.28678417149489,11.54105314966396,65.62926871710097,112.08250925681224,131.61951185079724,195.15996939423874,14.61356013935818,24528.983245110074,69.52318598705752
492,jharkhand,2022,1,175620166371.77444,39104523572.67117,7631546585.918781,53521439.0,62624486.0,14341518.0,7352042,638840.0,130487443.0,222356236530.3644,1704.0431739501894,0.41016543637842606,0.47992729844510784,0.10990726517646605,29.929150433502283,149.26006190649383,31.90573471246814,131.49015120172228,6.979826298465319,33.54485079645097,11.861712000392233,54.275640561230645,139.67800806061325,194.90213736463588,63.27465137891568,17.748462672003235,30244.146664336848,86.648950086751
493,jharkhand,2022,2,202210210936.61395,48937132561.11292,8506296599.675014,61327193.0,79513404.0,17487019.0,7783514,682752.0,158327616.0,259653640097.4019,1639.9769456353204,0.38734362677449774,0.5022080544685268,0.11044831875697542,21.335518851419288,143.2502956942144,16.77371597443107,112.39559528697916,5.868736876095104,31.713425539616246,6.873708596831762,51.49575968438383,111.7786539999301,251.1220055887434,29.680647199684906,20.341405694137634,33359.43638020075,84.68147396337402
494,jharkhand,2022,3,211088132430.6972,52817650633.19885,9887762977.467825,70952996.0,93843062.0,20077026.0,8271861,717981.0,184873084.0,273793546041.3639,1480.9811148136841,0.3837930025552016,0.5076080301662518,0.10859896727854662,16.76616415420542,116.37759724569383,5.445679844371831,91.27789125816017,6.274119889808127,29.708089172673667,5.159853065241848,40.22874687260136,96.82270825931411,165.37209615228105,43.12092315834257,22.34963619432193,33099.38912674716,66.81889204122156
495,jharkhand,2022,4,243160629101.58112,63402740634.48962,10913346373.778578,80680000.0,112033002.0,20742620.0,8761666,747878.0,213455622.0,317476716109.8493,1487.3195333775247,0.3779708364860964,0.524853835894751,0.09717532761915261,15.460627032110308,112.5423487815207,15.95478443523497,88.33292083918107,5.921339829090444,27.49131557806246,4.164037767016127,30.95440712452153,97.7097525751156,139.42714695139276,61.66913127691336,24.36244682232808,36234.74303971976,66.71123661860858
496,jharkhand,2023,1,284790034748.46924,70752914974.80884,12340668789.728622,92176742.0,127450739.0,23350115.0,9222109,732754.0,242977596.0,367883618513.0067,1514.06394897827,0.37936313272273875,0.5245369988762256,0.09609986840103563,13.83049728247494,86.2076460491298,15.877354100423613,65.44785262309001,5.255199182438597,25.436021720224122,-2.0222549667191725,14.70070753240249,72.22396057026792,103.51582446520999,62.81480802799258,26.34729170952111,39891.48453059996,48.448303362531966
497,jharkhand,2023,2,325664212811.4519,82789886410.25919,14432149319.43586,107804978.0,157909691.0,26784523.0,9650559,745398.0,292499192.0,422886248541.1469,1445.7689460596764,0.3685650454719889,0.5398636827687373,0.09157127175927378,20.381136703649005,84.74300276207028,14.951095199743335,62.86551899773591,4.645900411717108,23.987173402655927,1.7255449987308102,9.175513217097864,75.78658459062362,98.59505826212647,53.16803281336859,30.309041372629295,43819.87080138538,49.001705331329774
498,jharkhand,2023,3,318732251811.32385,85141550451.01242,15672213416.133211,116600180.0,177337898.0,27164590.0,10115548,766786.0,321102668.0,419546015678.46954,1306.579039942669,0.3631242951864853,0.552277871450137,0.08459783336337773,9.778993167270023,73.68816544435424,-0.7898655664969834,53.23444315779664,4.81825975054917,22.28866031477077,2.869339601125831,6.797533639469577,64.33439963549954,88.97283850350067,35.30186193911389,31.743477268853848,41475.362054380996,42.03129300564849
499,jharkhand,2023,4,377676528656.95776,105768169434.8736,18508101908.9752,139481501.0,211872201.0,28030186.0,10617881,786962.0,379383888.0,501952800000.8066,1323.0735829266598,0.3676526742748759,0.5584638876387918,0.07388343808633223,18.150338134219425,77.73431519175446,19.641894152914972,58.10696486703206,4.965949447326046,21.185639808684797,2.631242615279872,5.225986056549337,72.88237605354486,89.11588301454245,35.13329560103786,35.730659253009144,47274.291358210416,46.66285169789326
500,jharkhand,2024,1,422086025796.472,118994415646.51855,20731487562.300728,157990766.0,240172406.0,31791598.0,11202660,810224.0,429954770.0,561811929005.2913,1306.6768139478747,0.36745903760993276,0.5585992359149777,0.07394172647508947,13.329738979321126,76.95243391905153,11.925250542359468,52.714581659315755,5.507492502505906,21.476117881495437,2.955924174229496,10.57244313917085,71.39981580169106,88.44332161934345,36.15178340663419,38.37970357040203,50149.8687816368,45.668496001555916
501,jharkhand,2024,2,461269196100.0092,136454607587.28772,23287791610.95236,176556980.0,290437854.0,35450575.0,11765547,838391.0,502445409.0,621011595298.2493,1235.978245943629,0.3513953493005247,0.5780485776117421,0.07055607308773319,16.860061582756725,71.77668271986202,10.537274706461508,46.85074235461328,5.024583447145581,21.915704572139294,3.4764460198661196,12.475617052903276,63.774422364800266,83.92655457732484,32.35469976448713,42.704806584853216,52782.21193610882,40.89791247379393
502,jharkhand,2024,3,447243952736.0133,135394718883.01157,25754166401.98401,185937852.0,302180456.0,34315977.0,12330147,866641.0,522434285.0,608392838021.0089,1164.5346706543369,0.35590668020572197,0.578408547593694,0.06568477220058404,3.9783179708583916,62.700076039231156,-2.0319680619135694,45.012183475785214,4.798756912874524,21.893020526421303,3.369549529992577,13.022538231005786,59.46617921173021,70.39812663168028,26.326136341465123,42.37048309318616,49341.89657438869,33.477762169298785
503,jharkhand,2024,4,516050458648.7039,157962630178.35547,28604479426.34969,211112198.0,339852753.0,35557816.0,12847879,894994.0,586522767.0,702617568253.409,1197.9374165596696,0.35993862451378633,0.5794365915892912,0.060624783896922455,12.267281041863477,54.59875486330616,15.487481828171411,39.97682018155493,4.198911821570328,21.002288498053435,3.2715968896001923,13.727727641233,51.354980041403486,60.40459833614511,26.855440773743,45.651330231238944,54687.43659972273,27.765149554004687
504,jharkhand,2025,1,548473049332.9851,159046343836.28906,30732258781.998363,216904868.0,343440347.0,39049753.0,13390825,920006.0,599394968.0,738251651951.2726,1231.66141086335,0.3618730212630013,0.5729783620739372,0.06514861666306147,2.1946634852454183,39.40884246963932,5.071618659699029,31.405478210185798,4.22595823014833,19.532548519726568,2.79465560662977,13.54958628724896,37.28958564578389,42.99742119417331,22.83041890502013,44.76161610655057,55131.15524631773,16.628352859583305
505,jharkhand,2025,2,576935871822.2754,179399103168.4867,32322328072.43094,231273756.0,394139963.0,40418780.0,13882870,945687.0,665832499.0,788657303063.193,1184.468021983999,0.34734525026541246,0.5919506236057126,0.06070412612887494,11.084098890866901,32.518376538693786,6.8277058342766095,26.995584145965836,3.674493543153612,17.99595887891996,2.791394838729322,12.797847305135669,30.991001318667767,35.705438382697864,14.014455336761111,47.96072418743387,56807.94411120993,12.307555104218304
506,jharkhand,2025,3,540573651608.4686,176241771317.80035,34867799087.142075,239848372.0,415102736.0,40092792.0,14421897,973596.0,695043900.0,751683222013.4111,1081.490279985784,0.34508377384507655,0.5972323992772255,0.05768382687769794,4.3871996401305235,33.03948840187623,-4.688231619256211,23.552279881942685,3.882676996903367,16.964517941270294,2.951187866598559,12.341327031608241,28.993838220740553,37.36915401305767,16.834184846318088,48.19365302636678,52120.96730502313,13.743458908348117
507,jharkhand,2025,4,589692127815.6746,198751854456.67096,37944956859.15073,257280435.0,441921141.0,40169634.0,14935840,1007283.0,739371210.0,826388939131.4962,1117.6915302551424,0.3479719409144968,0.5976986052783959,0.054329453807107256,6.377627370012173,26.060103989109095,9.938457441950499,17.615752362378622,3.563629666749102,16.2514061659516,3.460059408625349,12.546341092789447,21.86905230364755,30.03312084395562,12.969913562745239,49.503155497112985,55329.257620026474,8.437487465016424
508,jharkhand,2026,1,625184231041.3224,209748094676.54495,40992520231.66054,266563753.0,455474383.0,42553181.0,15393721,1030825.0,764591317.0,875924845949.5278,1145.6118144087266,0.34863560057928306,0.5957095939660011,0.055654805454715885,3.4110209673974268,27.56051649068898,5.994260628668635,18.64854533469329,3.0656528189910937,14.957226309805405,2.3371783302210014,12.045464920880944,22.894315585392945,32.62110493965928,8.971703354948236,49.66903823968227,56901.43701769883,10.963460571776661
509,jharkhand,2026,2,639889155309.756,226807152906.54877,42276384216.81342,274010191.0,498662306.0,42637464.0,15790280,1055747.0,815309961.0,908972692433.1182,1114.8799056965258,0.336081004902625,0.6116229775831231,0.05229601751425186,6.63343185729639,22.44970953272738,3.7729089015354322,15.255725002813382,2.576108791370202,13.739306065676615,2.4176751630975213,11.638100132496266,18.478722246375412,26.519092914209264,5.489240397656725,51.633660771056626,57565.330851202016,7.658217522464139
510,karnataka,2018,1,15138425622.277788,1944824533.762125,554373004.2119281,4019765.0,6950094.0,289544.0,3901200,11162.0,11259403.0,17637623160.251842,1566.4794270399454,0.3570140441726795,0.6172702051787293,0.025715750648591225,,,,,,,,,,,,2.886138367681739,4521.076376564094,
511,karnataka,2018,2,26632557460.1444,3013482857.3914437,1101378315.2859857,6502018.0,8777546.0,729134.0,5226252,18604.0,16008698.0,30747418632.82183,1920.6695405723708,0.406155328809376,0.5482985561973872,0.045546114993236804,42.18069998915573,,74.32858358213612,,33.96524146416486,,66.67263931195126,,,,,3.063131666823567,5883.263691230701,
512,karnataka,2018,3,38757903782.29774,3678831191.460791,1452236433.0351503,10890904.0,11393430.0,1117158.0,6536115,65096.0,23401492.0,43888971406.79368,1875.4774869394514,0.46539357405074855,0.48686767493286326,0.047738751016388185,46.1798579747085,,42.7403449079907,,25.06314276464281,,249.90324661363147,,,,,3.580336637283769,6714.840758890209,
513,karnataka,2018,4,58631419033.695496,7043412222.776183,2108753311.7154808,18845529.0,22411453.0,1551206.0,8476930,230749.0,42808188.0,67783584568.187164,1583.4256887534498,0.44023187806968145,0.5235319233787704,0.03623619855154813,82.92931066104674,,54.443320031179354,,29.693709489505625,,254.47492933513578,,,,,5.049963607107762,7996.242102764463,
514,karnataka,2019,1,100939152154.64288,10427230282.954544,3343238698.6409483,42558665.0,39499009.0,2599376.0,10393952,386773.0,84657050.0,114709621136.23837,1354.9919485292528,0.5027184977506304,0.4665767233798012,0.030704778869568454,97.75901283184423,651.8786742067941,69.22920478017178,550.3689306320368,22.614578626932147,166.42961140162004,67.61632769806154,3365.086901988891,958.7351499403572,468.3233780722966,797.7481833503716,8.144837497806417,11036.189231606839,182.20537133667207
515,karnataka,2019,2,147216882406.72,16878692098.29963,4669386014.141505,51792667.0,64951290.0,2874388.0,12052561,596683.0,119618345.0,168764960519.16113,1410.8618583475732,0.43298264158394767,0.5429876997545819,0.024029658661470363,41.297558797524836,647.2084550536215,47.12363169495808,448.87521627266045,15.957443328581844,130.61576441396247,54.27214412588262,3107.283379918297,696.562959376612,639.9709440429021,294.2194438882291,9.924724297184639,14002.414965513233,224.00580114391445
516,karnataka,2019,3,190233183871.3587,24341795397.665413,8353043881.388073,70653459.0,103434009.0,5680029.0,13733198,786775.0,179767497.0,222928023150.41217,1240.0908221490795,0.39302688294091337,0.5753765876820324,0.031596529377054185,50.2842202005052,668.1881864626409,32.09378443524804,407.93631293875484,13.944231437617294,110.11255156924258,31.858122319556625,1108.6380115521692,548.7382406455882,807.839070411632,408.43560176805784,13.089995280050575,16232.783008765487,265.6079471337458
517,karnataka,2019,4,260611801526.4109,33194487631.969315,12640628622.287285,97978867.0,136538824.0,11671731.0,15440057,938176.0,246189422.0,306446917780.6675,1244.760702109563,0.3979816281464766,0.5546088166208863,0.04740955523263709,36.94879558789206,475.0989086480372,37.46451139249736,352.09606386690274,12.428707428524666,82.14208445746279,19.243239808077274,306.57857672189266,419.90510322103455,509.2368219052999,652.4294645585435,15.944851887528653,19847.525030553155,215.74191673552795
518,karnataka,2020,1,308585539654.80286,41598831604.94139,15359753248.80116,104854727.0,155213652.0,18130058.0,17044952,1076061.0,278198437.0,365544124508.5454,1313.9690087782392,0.37690624049048843,0.5579242416807684,0.06516951782874322,13.001783236649377,228.61815643233493,19.284647127753285,218.66910629440213,10.39435929543524,63.9891352201742,14.697135718671127,178.21512877062258,146.376917603031,292.95581314457786,597.477317633155,16.321456170718463,21445.887586456414,100.39020023559941
519,karnataka,2020,2,268254408737.95404,41291029776.71617,13778556705.469742,83140160.0,106019637.0,23392132.0,18659833,1155989.0,212551929.0,323323995220.13995,1521.1529565565127,0.39115222520516385,0.4987940476418824,0.11005372715295376,-23.597008203176927,77.69174870292679,-11.549940611182896,91.58241984919056,9.4742478594249,54.820481721685546,7.427831693556408,93.73586980021219,60.524963891123804,63.22945548887482,713.8126098494705,11.390880561471263,17327.27164386412,14.772765674735489
520,karnataka,2020,3,395353098176.2494,63601811973.7056,16991255891.896963,121005509.0,155688887.0,24301811.0,20469767,1360600.0,300996207.0,475946166041.8519,1581.2364241581686,0.40201672375226977,0.5172453452212439,0.08073793102648633,41.61066823345556,67.43638979409053,47.204096534127295,113.49768383346111,9.699625929128096,49.05317028124112,17.700081921194744,72.93381208096343,71.26622066727121,50.52001610031378,327.84660078320024,14.704427607798369,23251.176529847748,12.33333009835551
521,karnataka,2020,4,536532910984.5224,97655206265.80232,22641562139.047543,166354896.0,232139007.0,30443681.0,22376108,1559103.0,428937584.0,656829679389.3722,1531.2943045563761,0.3878300764616607,0.5411953059352337,0.07097461760310562,42.50597649557757,74.23071247959629,38.00503633673864,114.33717922380389,9.31295896040243,44.92244426299721,14.589372335734229,66.18448990381336,69.78650712505177,70.01684956653793,160.83261343154672,19.16944555326601,29354.062797219794,20.223415610774587
522,karnataka,2021,1,607317559594.7719,115050862349.5914,30463372685.23238,189767892.0,278444938.0,53754469.0,24058436,1724839.0,521967299.0,752831794629.5957,1442.296856664953,0.3635627985959327,0.5334528399258973,0.10298436147816992,21.688403737547034,87.62409473925261,14.615983146418232,105.94826839078264,7.518412049137413,41.14698592287029,10.63021493769174,60.291935122637106,80.98172340861657,79.39461794249902,196.49364056088513,21.695811772635594,31291.8011224668,32.92816244888126
523,karnataka,2021,2,674745371822.0342,120885766150.57796,35527492316.11105,213932224.0,240282738.0,73595718.0,25647896,1777995.0,527810680.0,831158630288.7233,1574.7287081965133,0.40531999845095973,0.45524417580940196,0.1394358257396383,1.1194917787368919,148.3208138750884,10.404294321504516,157.06679447741467,6.606663874576046,37.44976174224068,3.081794880565658,53.807259411638,157.31514589339258,126.63984220206301,214.6174021247828,20.579102472966984,32406.50345309897,80.66296421871142
524,karnataka,2021,3,895644769935.8502,183352768991.64868,42939998182.6559,284775729.0,382783587.0,79090457.0,27447523,1911755.0,746649773.0,1121937537110.1548,1502.6289134225115,0.38140469507649605,0.5126681890787905,0.10592711584471345,41.46166443619519,148.0595288697442,34.984766592680685,135.7278232621582,7.016665226652519,34.08810662085211,7.5230807735679806,40.508231662501835,135.3411273200793,145.86442512110708,225.45087689143824,27.20281072357604,40875.729919605306,84.99741335833608
525,karnataka,2021,4,933862092677.0818,204014675773.16504,44583546819.853714,299544336.0,428409513.0,73377637.0,29180661,2036736.0,801331486.0,1182460315270.1006,1475.6194358124856,0.3738082694032567,0.5346220889665628,0.0915696416301805,7.3236094052894,86.81773663368236,5.3944873184150754,80.02540877406541,6.3143694241553305,30.4099041710024,6.537500882696778,30.635115191234963,80.06343257850372,84.5486971519612,141.02747956135792,27.461046410155,40522.0538105734,43.25425497492441
526,karnataka,2022,1,1209246269990.4626,263803359476.2658,53582746372.095215,378524434.0,573122892.0,84078680.0,30809500,2174104.0,1035726006.0,1526632375838.8237,1473.9732004362008,0.3654677316270844,0.5533537718275657,0.08117849654534985,29.25063149209639,98.42737427886263,29.10643648028952,102.78532159895678,5.581912623569418,28.061109209260326,6.744516716943183,26.04677885878044,99.46705947495059,105.82988368062915,56.41244637724911,33.61709881692335,49550.70273256053,54.94741182869125
527,karnataka,2022,2,1422397939690.901,342019475659.15704,63681187583.16513,438454375.0,722776073.0,100400772.0,32374488,2291533.0,1261631220.0,1828098602933.223,1448.9960092563522,0.3475297440721228,0.5728901294944175,0.07958012643345969,21.81129108386992,139.0310139234015,19.747139643147914,119.94581254581789,5.0795631217643855,26.22668151804732,5.401259553360838,28.88298336047064,104.95013177631436,200.80232937915002,36.42202933600023,38.969920389165694,56467.259124938835,89.36647232481185
528,karnataka,2022,3,1563855515774.1978,394220882542.7708,75120317607.25838,506236100.0,878792459.0,114818294.0,33953647,2383894.0,1499846853.0,2033196715924.2268,1355.602881625826,0.3375251939805884,0.5859214607426322,0.0765533452767794,18.881558194160732,100.87689131327173,11.219204076952938,81.22191732360248,4.87778833753294,23.70386573680985,4.03053327183156,24.696626921336673,77.76658909018191,129.57945137809682,45.17338545660445,44.1733653236131,59881.541323800266,62.38529824173307
529,karnataka,2022,4,1695117696968.7778,430198394662.939,82488103981.50792,542356761.0,973811552.0,120746351.0,35452134,2456318.0,1636914664.0,2207804195613.2246,1348.7594950235136,0.3313286715110031,0.5949067311917,0.07376459729729685,9.138787118553893,104.27434745775108,8.5878301062289,86.71275197163064,4.413331504565621,21.491881215439236,3.0380545443715157,20.60070622800403,81.0605963185363,127.30857332759555,64.55470077347954,46.17252840125224,62275.636090431806,68.1382701577526
530,karnataka,2023,1,1908600581569.7224,472535728148.2999,89249362878.2822,596684637.0,1108594530.0,126994552.0,36773789,2448968.0,1832273719.0,2470385672596.3047,1348.2623512957261,0.3256525653414123,0.6050376199277898,0.06930981473079788,11.934590073413865,76.90718475596528,11.893331732262036,61.81929007230218,3.7279984330421456,19.35860367743716,-0.29922835724038865,12.642633471075904,57.63437796990405,93.43050949010076,51.0425139880883,49.82553522020807,67177.89327056575,48.214857836349466
531,karnataka,2023,2,2131381699246.6453,541442019326.9462,106969967474.65118,655266669.0,1254350536.0,143163466.0,38043386,2486882.0,2052780671.0,2779793686048.2427,1354.1601035701892,0.31920929413310906,0.6110494675444067,0.06974123832248419,12.03460758692463,62.70845540743672,12.524684582013435,52.0592861669499,3.4524508747249216,17.51038657352666,1.5481623279683498,8.524817229339487,49.44922581739548,73.54621754336907,42.5919972009777,53.958937067273666,73069.03980755663,38.463041567503886
532,karnataka,2023,3,2267023130166.658,603909976077.5591,114080516457.66434,733654998.0,1474542255.0,149411413.0,39411658,2549956.0,2357608666.0,2985013622701.882,1266.119210431288,0.3111860795985045,0.6254397840765318,0.06337413632496378,14.849516039699683,57.189959847187154,7.382559996579463,46.813812914555555,3.596609408005902,16.074888803550323,2.5362683070608183,6.9659976492243425,44.923484911486945,67.79186483665536,30.128577768277932,59.82008333676294,75739.35668227613,35.42115910463768
533,karnataka,2023,4,2457918154418.782,664982468728.772,126574659930.18468,796720335.0,1599837426.0,153913609.0,40600790,2616609.0,2550471370.0,3249475283077.739,1274.06851976454,0.3123816030132501,0.6272712741723503,0.0603471228143996,8.18043752474058,55.80967206730332,8.859646681829192,47.18131660109408,3.017208765995072,14.522838032824769,2.6138882396402163,6.525661579648889,46.89967790407983,64.28614167846717,27.46853857306213,62.81826954598667,80034.77969462512,36.05117961069462
534,karnataka,2024,1,2641794785074.2104,717568836436.4249,131920922150.79855,854741628.0,1769743226.0,162229165.0,41888288,2702444.0,2786714019.0,3491284543661.4336,1252.8320164385816,0.3067202526604148,0.6350645290237082,0.058215218315877,9.262705387671133,52.09048681443211,7.441486379138285,41.325485424799815,3.1711156359272907,13.908001158107485,3.2803907652996678,10.350318991509887,43.24847247575438,59.63845915783112,27.74497995788039,66.52728368846203,83347.51097159744,33.52045972901085
535,karnataka,2024,2,2835035229957.5293,802590103325.476,149046694170.28925,911025984.0,1944859250.0,173336590.0,43157465,2776153.0,3029221824.0,3786672027453.2944,1250.0477837087226,0.3007458802726492,0.6420326285091494,0.057221491218201394,8.702285320508874,47.56675502621195,8.460710666741523,36.22133349171071,3.0299089807633184,13.442754543457314,2.727494075732939,11.631874773310514,39.03133290608438,55.049102637765365,21.075994346211214,70.18998506979035,87740.83527503978,30.08037015681113
536,karnataka,2024,3,2914397500508.891,833285083397.2715,164149254393.62854,985650830.0,2093950803.0,179701829.0,44350489,2853759.0,3259303462.0,3911831838299.791,1200.2048547818806,0.30241149420164054,0.642453465107877,0.055135040690482355,7.595404079592427,38.24616056955061,3.3052720156139914,31.049044753068845,2.764351427962697,12.531396167093511,2.795451115266334,11.914048712997394,34.34800181106379,42.00683608080122,20.27316079260959,73.4896849051653,88202.6765995701,22.851191114943823
537,karnataka,2024,4,3095608177069.8306,888910250508.2532,174149011974.7461,1039717182.0,2233293582.0,184563072.0,45668243,2925825.0,3457573836.0,4158667439552.83,1202.770392421731,0.3007071522738119,0.6459134896114479,0.0533793581147402,6.083213064129223,35.566071302341264,6.3099747498430725,27.97966063043724,2.9712276678617977,12.481168469874593,2.5253008400499155,11.817432409656936,30.499641633974363,39.59503295180444,19.913419741850124,75.7106822787117,91062.56703488308,20.523349060557972
538,karnataka,2025,1,3315917531595.102,922639303342.4216,189730911586.20752,1107610457.0,2427111761.0,195201067.0,46870457,2990287.0,3729923285.0,4428287746523.73,1187.2329289806642,0.29695261064866646,0.6507135872634978,0.0523338020878357,7.876894664238776,33.846647326174725,6.483334166289856,26.83835107520707,2.6324945323602744,11.893942765099407,2.203207642288918,10.651210533872302,29.5842416838507,37.14485386028539,20.324275231275468,79.57940937081112,94479.2952738594,19.619207276627094
539,karnataka,2025,2,3302965169299.3066,975160610524.7908,200997199620.21152,1080287597.0,2452632899.0,197160334.0,48100388,3049279.0,3730080830.0,4479122979444.31,1200.8112380353725,0.2896150636499746,0.6575280833793621,0.05285685297066337,0.0042238134128291804,23.136602293275963,1.1479658917938451,18.286530942494082,2.6241071214645917,11.453228311718489,1.9727872274467373,9.838290612945322,18.579230007999413,26.108503687349092,13.744209459756874,77.54783246239094,93120.30870612332,10.482759592105095
540,karnataka,2025,3,3188986776964.286,984401671625.5696,212094929313.2733,1116255213.0,2545361507.0,191298984.0,49293465,3108462.0,3852915704.0,4385483377903.129,1138.224584916361,0.28971700882039336,0.6606325449470566,0.04965044623255012,3.293088798829058,18.212855873068754,-2.0905789363434235,12.108177426389632,2.4803895552776067,11.14525704553111,1.9408850420050028,8.925175531640894,13.250573024932155,21.557846695980842,6.453554237336112,78.16280928922323,88966.8311591228,6.358884774221529
541,karnataka,2025,4,3378383855581.829,1049675356246.716,230747636411.07043,1167109048.0,2703392355.0,193787780.0,50339561,3182349.0,4064289183.0,4658806848239.615,1146.2783868151773,0.28716191084083104,0.6651574809951214,0.04768060816404756,5.486065495296399,17.54742995458045,6.232459384378575,12.026434331583967,2.1221798873339415,10.228810423032918,2.3769632699386367,8.767578375330043,12.252549847733496,21.049573454601898,4.998133104329772,80.73747768678396,92547.62567833309,6.639479736250764
542,karnataka,2026,1,3591169346066.214,1113065757233.0935,249561502154.6649,1205710715.0,2825330293.0,197107980.0,51308731,3241683.0,4228148988.0,4953796605453.973,1171.6230008718824,0.28516277889496167,0.6682191902458098,0.04661803085922856,4.031696506375293,13.357532177769716,6.331873520917108,11.867089245561658,1.9252651011398392,9.469235599729696,1.864471809974333,8.407086008801157,8.856927756506373,16.407094984201677,0.9768968117372046,82.40603315642322,96548.80385667642,3.5519537126005307
543,karnataka,2026,2,3780873849393.4814,1240271500893.2163,271195872467.5544,1250633746.0,3033113369.0,207964808.0,52534800,3305459.0,4491711923.0,5292341222754.252,1178.2459145820542,0.2784314237954748,0.6752688999196087,0.04629967628491655,6.233529985533237,20.41862167903745,6.834043548084967,18.15574716394217,2.3895913543447334,9.219077401205155,1.9673731206907075,8.401330281682974,15.768592500095146,23.667645909694702,5.480044479940882,85.49974346528397,100739.7234357845,10.254201504277427
544,kerala,2018,1,2128934193.2742336,261868730.47071195,29179891.416388765,598075.0,1222873.0,4424.0,776998,3.0,1825372.0,2419982815.1613345,1325.7477463012112,0.32764554293590564,0.6699308414942269,0.0024236155698674025,,,,,,,,,,,,2.3492621602629606,3114.5290144393352,
545,kerala,2018,2,3345025272.45372,374602581.1855645,64504891.03297818,828394.0,1454296.0,35445.0,1053063,8.0,2318135.0,3784132744.6722627,1632.403956056167,0.3573536485148622,0.627356042680862,0.015290308804275851,26.995209743548166,,56.3702320927425,,35.52969248312095,,166.66666666666666,,,,,2.201326036523931,3593.453330591107,
546,kerala,2018,3,4722200000.551287,411998519.3784405,89732770.27410752,1314738.0,1718134.0,56851.0,1311720,97.0,3089723.0,5223931290.2038355,1690.7442156477573,0.4255196986914361,0.5560802699788946,0.01840003132966936,33.28486045894652,,38.048309683604174,,24.562348121622346,,1112.5,,,,,2.355474491507334,3982.504871621867,
547,kerala,2018,4,6992810307.413084,664954676.5924622,118232147.85272132,2056759.0,2322398.0,65447.0,1712592,172.0,4444604.0,7775997131.858268,1749.5365463060978,0.4627541621255797,0.522520791503585,0.014725046370835286,43.85121255206372,,48.85335774687902,,30.560790412588055,,77.31958762886597,,,,,2.5952497734428284,4540.484325430849,
548,kerala,2019,1,9416628712.032335,750825616.4125779,193315064.01566344,3583016.0,2906623.0,123154.0,2073323,6922.0,6612793.0,10360769392.460577,1566.776608985126,0.5418309631043947,0.4395454386671411,0.01862359822846413,48.78250120820662,262.2709781896512,33.240396270370184,328.1340068842534,21.06345235759597,166.83762377766737,3924.418604651163,230633.33333333334,499.09141830038044,137.68805100774978,2683.77034358047,3.1894658960518933,4997.180561089892,35.764579619963996
549,kerala,2019,2,11932906422.139915,1135205983.544881,349511049.80566704,3576434.0,3887749.0,198355.0,2457611,36394.0,7662538.0,13417623455.490465,1751.067786612016,0.4667427424177211,0.5073709259255876,0.025886331656691294,15.87445728302701,230.5475306658154,29.504122205965988,254.57591899706316,18.534883373212963,133.37739527454673,425.77289800635657,454825.0,331.7310361977513,167.32859060328846,459.6134856820426,3.1178807386522926,5459.620523952109,41.636481235450006
550,kerala,2019,3,15005970028.79922,1464391792.382031,645059699.6165857,4285730.0,4827707.0,520130.0,2881087,55423.0,9633567.0,17115421520.797836,1776.6442607185725,0.4448746762232515,0.5011338998317031,0.05399142394504548,25.722926268032854,211.7938727840651,27.55926246979483,227.63488970257873,17.23120542673353,119.64192053182083,52.28609111391989,57037.113402061856,225.97597392027916,180.98547610372648,814.9003535557862,3.343726517109688,5940.612526035429,41.9555392837196
551,kerala,2019,4,19253290249.566032,1744318169.8695705,1016624504.1271204,6073579.0,5655198.0,1245359.0,3357041,69452.0,12974136.0,22014232923.562725,1696.778338346594,0.46812974675153707,0.4358824356396449,0.09598781760881804,34.67634573984901,191.9075805178594,28.622207152842183,183.10495168999475,16.51994542337667,96.02106047441539,25.312595853706952,40279.06976744186,195.29852549569492,143.50684077406197,1802.851162008954,3.864753513585327,6557.630044900472,48.91643775999217
552,kerala,2020,1,21952965825.916992,2256493395.142795,1358741416.7809656,6285143.0,7087979.0,2061926.0,3898086,83256.0,15435048.0,25568200637.84075,1656.5028264143236,0.4071994463509281,0.4592132787666096,0.1335872748824623,18.96782953408227,133.4119335052526,16.14395435270457,146.77897624520492,16.116723030788126,88.01151581302094,19.8755975349882,1102.773764807859,75.41487394976747,143.85615196742063,1574.2663656884877,3.959647888733086,6559.1679192918655,24.14767919715237
553,kerala,2020,2,18399822135.78548,2801351061.0619183,1727581588.7624354,4835285.0,7591045.0,3254822.0,4520490,91350.0,15681152.0,22928754785.609833,1462.1856089150742,0.30835011356308517,0.4840872022667722,0.2075626841701426,1.5944492041748193,104.6469720606932,-10.323158401395515,70.88536477171321,15.966912992684112,83.93838569244684,9.721821850677426,151.00291256800574,35.19849660304091,95.25553218584841,1540.9074638904992,3.4689053620293375,5072.183499047633,11.258436508664404
554,kerala,2020,3,32456471671.4891,5099946033.272372,1991485645.489069,8342008.0,10639866.0,3320213.0,5337146,113135.0,22302087.0,39547903350.25054,1773.2826237405739,0.3740460702175541,0.4770793872340288,0.14887454254841712,42.22224872254283,131.5039382608747,72.481688255792,131.06590335618571,18.065652174874856,85.24765132049119,23.847837985769015,104.13005430958266,94.64613963082135,120.39170977029055,538.3429142714322,4.1786540971522985,7409.934701102526,24.969972148449514
555,kerala,2020,4,45807907855.80264,8898520301.000301,2863495622.2290325,12960136.0,16554145.0,4893132.0,6108425,168782.0,34407413.0,57569923779.03198,1673.1837345351125,0.37666696999277455,0.48112146647003073,0.14221156353719472,54.27889327128892,165.20003335867605,45.57010334826579,161.51228606931184,14.451150483797903,81.95860580791239,49.18637026561188,143.0196394632264,113.38548490107728,192.72441035663118,292.90935384897045,5.632779808215702,9424.675555324324,45.74745293368474
556,kerala,2021,1,56630643489.08096,10628939162.86902,4163632102.697981,16497214.0,17500843.0,9833672.0,6650208,233096.0,43831729.0,71423214754.64796,1629.4865930259782,0.37637607222840785,0.39927338937508033,0.2243505383965118,27.39036497745413,183.97533328046666,24.06341726070098,179.34392320491307,8.869438521386442,70.60187999956902,38.104774205780245,179.97501681560487,162.47953308301817,146.90878739905972,376.9168243671208,6.591031288043923,10739.997118082316,66.45498471715787
557,kerala,2021,2,59429266354.59393,11821959578.4863,5403151807.865015,17410034.0,16995197.0,15125247.0,7167573,257555.0,49530478.0,76654377740.94525,1547.620391245674,0.3515014331176049,0.3431260445336304,0.3053725223487647,13.001424150984331,215.85994447346724,7.324177446040903,234.31548489084898,7.779681477631972,58.55743514530505,10.493101554724227,181.9430760810071,260.06220936304686,123.88481427787612,364.7027395046488,6.910355569451473,10694.607190041212,99.20853549630593
558,kerala,2021,3,80886979286.22127,18776930736.27645,6016430056.879038,24038832.0,26792845.0,15339519.0,7726125,341400.0,66171196.0,105680340079.37675,1597.0746558574633,0.3632824167179931,0.40490193044115447,0.2318156528408524,33.596925917008114,196.70405285388762,37.86602043333418,167.22109423458792,7.792763324489327,44.76135747457537,32.554211721768155,201.76338003270428,188.16601470533234,151.8156243697054,362.00406419708617,8.56460334255529,13678.310935867172,104.96081138642137
559,kerala,2021,4,82833137751.52441,22636075140.397507,6035809349.091295,25988637.0,35632663.0,13172187.0,8323308,474428.0,74793487.0,111505022241.01321,1490.8386640806466,0.3474719262654514,0.47641398240999244,0.1761140913245561,13.030278310218236,117.37608404328452,5.511604293912686,93.68624260993963,7.729398631267292,36.259477688602225,38.96543643819565,181.08921567465725,100.52750218053265,115.24918985547123,169.1974588055258,8.98602899231892,13396.719458298698,59.530982894313226
560,kerala,2022,1,103997662655.11575,28993050084.435726,7008761840.450517,32902484.0,49169365.0,14362158.0,8855141,572466.0,96434007.0,139999474580.002,1451.764568696207,0.3411917125874485,0.5098757847944657,0.14893250261808574,28.933695790918268,120.009589400409,25.554411600761174,96.01396417247005,6.389683044289596,33.15585016288212,20.664463311608916,145.5923739575111,99.44266953195854,180.95426603164202,46.05081397874569,10.89017182222169,15809.96559851526,65.22712981163316
561,kerala,2022,2,112398215750.4065,34973618823.28466,8080242107.9227295,35607788.0,57745367.0,15904350.0,9344928,632138.0,109257505.0,155452076681.6139,1422.8045632344788,0.3259070212156135,0.5285254042731435,0.14556757451124297,13.297692794202764,120.58641348060482,11.03761435388928,102.79608453279315,5.5311033443736335,30.37785593533544,10.423675816555033,145.4380617732135,104.52451729847283,239.7746257369067,5.151010095901243,11.691636896506854,16634.91432803055,69.19009129127791
562,kerala,2022,3,128143496130.50797,42397120477.44929,9245200654.21946,42607631.0,72429593.0,18095993.0,9864268,684116.0,133133217.0,179785817262.1767,1350.4204383657063,0.3200375680849055,0.5440384798934138,0.13592395202168067,21.852697441699775,101.19511970132744,15.653532008067984,70.12229249748736,5.557453198141271,27.67419631445258,8.222571653657894,100.38547158758053,77.24501340164946,170.3318479243246,17.969755114224895,13.496512564338277,18225.96641354196,57.58479435092585
563,kerala,2022,4,134236659081.23694,45113045029.02496,9643422275.6502,45561057.0,81180394.0,18411745.0,10342101,727331.0,145153196.0,188993126385.9121,1302.0252505216083,0.31388256170398066,0.5592738998320093,0.1268435384640101,9.028534929791409,94.07197313851671,5.121265550279008,69.49292739246467,4.8440796620691895,24.254695368716384,6.316911167112016,53.30692960786463,75.31145246285907,127.82578444950916,39.77743407377985,14.035174864372335,18274.15206889897,56.18884466508316
564,kerala,2023,1,138457039759.4488,46813386514.10252,9605155718.108025,46092010.0,85084073.0,17588686.0,10759741,749862.0,148764769.0,194875581991.65936,1309.957883856623,0.30983148973934815,0.5719369819342105,0.11823152832644132,2.4881112504060887,54.26587946304047,3.1125235706909615,39.19736668747187,4.038251028490247,21.508409634584027,3.097764291636129,30.988041211181105,40.08671807271451,73.04285503788792,22.465481858645475,13.826054827899668,18111.549524441096,26.959014546375016
565,kerala,2023,2,146536025189.47137,51331190422.9084,11490508866.926985,48079475.0,90888495.0,18893067.0,11135396,763613.0,157861037.0,209357724479.30673,1326.2153122642083,0.3045683463994982,0.5757500186699014,0.11968163493060038,6.114531055400629,44.485302863176315,7.4314813275411895,34.67669840660839,3.4913015099526934,19.15978378859633,1.8338040866185956,20.79846489215962,35.02516640460789,57.395302379842875,18.791821105546603,14.176508585774588,18801.102760899274,21.253411402214752
566,kerala,2023,3,153326589384.78857,55667483057.7164,11879882206.810022,51776040.0,100655472.0,19155551.0,11534779,788966.0,171587063.0,220873954649.315,1287.2413035551228,0.3017479237347865,0.5866145747829485,0.111637501482265,8.69500559533256,28.88373530401507,5.500742902441402,22.853936986153144,3.5866079661648342,16.934971758674845,3.3201372946767505,15.326348163176995,21.51823226219736,38.970091962272924,5.855207835237342,14.875626399084023,19148.520717155916,10.21829771336462
567,kerala,2023,4,156419056342.5794,57839806360.78951,12692601216.110294,54727019.0,108215077.0,18228626.0,11984795,817185.0,181170722.0,226951463919.47922,1252.6939309734562,0.30207429984189166,0.5973099615952295,0.10061573856287882,5.585303945671005,24.813457087090242,2.751573529714535,20.084506912732138,3.9013838063130635,15.883561763707398,3.5767067275395803,12.353935140946826,20.11797487490248,33.30198545230021,-0.9945771028221362,15.116714303415286,18936.616264147964,7.70592065645288
568,kerala,2024,1,156276117722.07333,59354788254.34983,12793587918.607306,54332511.0,109820926.0,17944266.0,12400955,847785.0,182097703.0,228424493895.03046,1254.4062343006626,0.2983701062939822,0.6030879258262802,0.09854196787973761,0.5116615917664769,22.40647044596964,0.6490506604856616,17.215554437603675,3.472399819938521,15.253285371831904,3.744562124855455,13.058802819718828,17.878371978136776,29.073423647690213,2.021640502309263,14.684167711277075,18419.911522542454,6.206491251906621
569,kerala,2024,2,163558837335.18118,64995185673.54511,14136628327.264551,56637815.0,120226924.0,18664818.0,12860951,876516.0,195529557.0,242690651335.99084,1241.19675336855,0.28966370030695665,0.6148785168065409,0.09545778288650242,7.376179808264793,23.861822217726857,6.245458706156182,15.921517555459852,3.7093594807819263,15.496126047066493,3.388948849059603,14.78536902855243,17.80040235464302,32.27958500138,-1.208109832035209,15.203351369583789,18870.350360248696,7.243269932059193
570,kerala,2024,3,174635503932.9835,69382688443.44196,14906282368.977634,64035147.0,131732251.0,19738562.0,13360448,908337.0,215505960.0,258924474745.40308,1201.4724546151906,0.2971386359801836,0.6112696419161678,0.09159172210364855,10.21656434275049,25.595692491105805,6.689101257113306,17.227255316952817,3.8838263204641787,15.82751607117916,3.6303957942581677,15.130056301538986,23.677181568926486,30.874405914066937,3.0435616286892397,16.130144737661492,19379.92459125645,8.433381592957435
571,kerala,2024,4,186997170020.103,71931727511.21109,15559403297.80315,69835587.0,143632641.0,19803441.0,13798127,940307.0,233271669.0,274488300829.11725,1176.6894025571414,0.2993744902643964,0.615731184227091,0.08489432550851257,8.243720498495733,28.75792866796656,6.010952073579712,20.945816382353797,3.27593056759774,15.130271314611555,3.519618819887338,15.066600586158586,27.607145932797827,32.72886272584734,8.639241377819706,16.90603869641148,19893.156573288335,11.836728253784191
572,kerala,2025,1,198819136061.72684,76163354637.47751,16547354674.853846,73441722.0,153309373.0,21026262.0,14209056,969176.0,247777357.0,291529845374.05817,1176.5798493607233,0.2964020719617249,0.618738430566115,0.08485949747216005,6.218366791897045,36.06835941252922,6.208477553857628,27.62635057343148,2.978150585220729,14.5803367563224,3.0701675091220126,14.318606722223205,35.17085930374173,39.59941750991973,17.175380703785812,17.43798863203861,20517.186037837993,18.753673854097098
573,kerala,2025,2,188166959536.73236,77702390746.1084,17052149947.37273,67677636.0,150007968.0,19819864.0,14603026,995224.0,237505468.0,282921500230.2135,1191.220996352865,0.2849519068756767,0.6315979554626506,0.0834501376616727,-4.14561246611409,21.46780857279802,-2.9528177922227505,16.57700808529514,2.772668360234487,13.545460207413896,2.6876439367049976,13.543164072304448,19.491961333607243,24.770694457757237,6.188359297154689,16.26412690082179,19374.169451606365,6.977248012304815
574,kerala,2025,3,198481670835.494,85224197588.19804,17545574920.476658,75618258.0,165209747.0,20137871.0,15022652,1020975.0,260965876.0,301251443344.1687,1154.3710157115281,0.2897630110076154,0.6330703060962652,0.07716668289611933,9.877839107266361,21.09450522853289,6.478808821188964,16.347225823431778,2.8735551111118918,12.44122951565696,2.5874576979654895,12.40046370455019,18.088677144756147,25.413287745306956,2.0229893140138566,17.371491797853004,20053.14663111205,7.695820963671518
575,kerala,2025,4,212347974926.9717,85653526293.32594,18855449444.677803,82739665.0,177673616.0,20746377.0,15459282,1050542.0,281159658.0,316856950664.97546,1126.9644902789555,0.29428000300099955,0.6319313989206802,0.07378859807832032,7.738092929820439,20.528849133411043,5.180226573380442,15.435502973306981,2.9064774981141905,12.03898905989198,2.895957295722229,11.723298880046617,18.47779700054644,23.700027210388754,4.761475543568405,18.187109724759534,20496.226840611063,7.577594322080783
576,kerala,2026,1,218434955457.22916,88877939857.00378,20045540880.747032,83964124.0,180100477.0,20551782.0,15839220,1070637.0,284616383.0,327358436194.9799,1150.1742547089425,0.2950080494839259,0.6327832400287372,0.07220871048733692,1.2294526976555087,14.86779358938759,3.3142670558324205,12.289853471074474,2.4576691207263135,11.472711487659693,1.9128221432365367,10.468789982418048,14.32755348519741,17.475189856787154,-2.256606523784399,17.969090839069096,20667.585663623584,3.045662078565048
577,kerala,2026,2,216436499434.24576,97286373064.12251,21778619728.88764,82527448.0,191946358.0,20176010.0,16304760,1091604.0,294649816.0,335501492227.2559,1138.6448387507423,0.280086541781516,0.6514389202944556,0.06847453792402844,3.525247877245352,24.060224162923284,2.4875045613383495,18.58465756552896,2.9391598828730103,11.65329706322511,1.958366841422432,9.684251987492253,21.941977996985585,27.957441567370612,1.7969144490597833,18.071398536378332,20576.90467245491,11.112011401394216
578,ladakh,2018,1,13120718.16563946,1905135.6547369023,215146.5297023713,2100.0,5556.0,77.0,14795,,7733.0,15241000.350078734,1970.9039635430925,0.2715634294581663,0.7184792447950342,0.00995732574679943,,,,,,,,,,,,0.5226765799256505,1030.1453430266126,
579,ladakh,2018,2,50904453.43724487,4803478.136457797,678999.8863029622,6677.0,11482.0,253.0,21011,,18412.0,56386931.460005626,3062.5098555293084,0.3626439278731262,0.6236150336736911,0.013741038453182707,138.09646967541704,,269.96870392247143,,42.01419398445421,,,,,,,0.8763028889629242,2683.6862338777605,
580,ladakh,2018,3,89142384.26085363,6448974.214670012,1898419.3759987676,11465.0,18155.0,729.0,27274,,30349.0,97489777.85152242,3212.2896257379953,0.377771919997364,0.5982075191933837,0.024020560809252363,64.83271779274386,,72.89427767614984,,29.80819570701061,,,,,,,1.1127447385788662,3574.4583798314297,
581,ladakh,2018,4,142602137.4413361,12144131.85568278,2380426.2538185385,18127.0,25020.0,1351.0,35989,3.0,44498.0,157126695.55083743,3531.095679599924,0.40736662321902106,0.5622724616836712,0.030360915097307744,46.620975979439194,,61.17248291420094,,31.95350883625432,,,,,,,1.2364333546361388,4365.964476668911,
582,ladakh,2019,1,170875907.94016397,13328822.59956903,3138547.696167508,26902.0,31236.0,2132.0,44058,12.0,60270.0,187343278.2359005,3108.400169834088,0.44635805541728885,0.5182677949228471,0.03537414965986395,35.44428963099464,679.3870425449372,19.23071224729389,1129.2059178053407,22.420739670454857,197.78979384927342,300.0,,1181.047619047619,462.20302375809933,2668.8311688311687,1.3679694947569114,4252.196609830235,161.7238933781004
583,ladakh,2019,2,343060135.35787976,22142980.79624778,5389470.751527449,48630.0,52308.0,2456.0,51485,30.0,103394.0,370592586.90565497,3584.275556663394,0.47033677002533997,0.5059094338162756,0.02375379615838443,71.55135224821636,461.55767977406043,97.81472300223606,557.231342990371,16.857324435970767,145.03831326448048,150.0,,628.3211022914483,355.5652325378854,870.7509881422926,2.0082354083713705,7198.069086251432,129.17137826032405
584,ladakh,2019,3,437847948.5185578,23822940.558825657,10367981.264910148,62163.0,51154.0,7701.0,56993,47.0,121018.0,472038870.3422936,3900.5674390776053,0.5136673883223983,0.42269744996612074,0.06363516171148094,17.045476526684332,298.7544894395202,27.374072504711155,384.1931951688432,10.698261629600857,108.96458165285621,56.666666666666664,,442.1979938944614,181.76259983475626,956.3786008230453,2.123383573421297,8282.400827159363,90.82395987179962
585,ladakh,2019,4,429223317.3864608,22616034.897339582,12663401.41820994,61312.0,35256.0,16642.0,62146,64.0,113210.0,464502753.7020103,4103.018758961313,0.5415775991520184,0.3114212525395283,0.14700114830845332,-6.4519327703316804,154.415928805789,-1.5965034054967964,195.62306524273788,9.041461232081138,72.68054127650115,36.170212765957444,2033.3333333333333,238.23578087935124,40.911270983213434,1131.8282753515914,1.8216779841019535,7474.378941557144,47.33329356340781
586,ladakh,2020,1,479355583.4787304,33527733.768848263,15885636.80760676,72321.0,50689.0,26498.0,68423,71.0,149508.0,528768954.0551854,3536.7268243517765,0.4837266233245044,0.3390387136474302,0.1772346630280654,32.06253864499602,148.06371329019413,13.835483178729113,182.24602400165412,10.100408714961539,55.30210177493304,10.9375,491.6666666666667,168.8313136569772,62.27750032014343,1142.8705440900562,2.185054733057598,7727.941687081616,59.729785015848066
587,ladakh,2020,2,636330640.2547947,49603126.82272716,18948060.08623442,93537.0,62740.0,40125.0,74807,79.0,196402.0,704881827.1637564,3588.97479233285,0.47625278764982026,0.3194468488100936,0.20430036354008616,31.365545656419712,89.95492968644217,33.30620524483192,90.20397387042294,9.330195986729617,45.298630669126936,11.267605633802823,163.33333333333334,92.34423195558297,19.943412097575887,1533.7540716612377,2.6254494900209875,9422.67203822846,30.734149944610458
588,ladakh,2020,3,1029004672.6405818,81338223.05002853,26926287.93530099,148038.0,93272.0,50315.0,81517,89.0,291625.0,1137269183.6259115,3899.7657389658343,0.5076313759108444,0.3198354050578654,0.17253321903129018,48.48372216168879,140.9765489431324,61.341822103991326,140.92702001452415,8.969748820297575,43.029845770533214,12.658227848101266,89.36170212765957,138.1448771777424,82.33569222348203,553.356706921179,3.577474637192242,13951.313022141534,68.47990546654007
589,ladakh,2020,4,1207138358.7583835,123180123.36476624,33932135.38887648,184000.0,147929.0,68325.0,89518,109.0,400254.0,1364250617.5120263,3408.462170301924,0.4597080853657927,0.3695878117395454,0.1707041028946619,37.249549935705105,253.55003974913876,19.95846165130746,193.70129813853075,9.815130586258093,44.04466900524571,22.47191011235956,70.3125,200.1043841336117,319.5853188109825,310.5576252854224,4.471212493576711,15239.958639737553,145.44472363379404
590,ladakh,2021,1,1171761185.9020104,137480604.15994972,41587225.16255164,194706.0,110768.0,94672.0,96146,257.0,400146.0,1350829015.2245119,3375.8403563312186,0.48658739560060577,0.2768189610792061,0.23659364332018812,-0.026982865880165186,167.64186531824384,-0.9838076754541847,155.46677899011664,7.404097499944151,40.51707759086858,135.77981651376146,261.9718309859155,169.22470651677935,118.52472923119413,257.27979470148694,4.1618580076134215,14049.768219421629,90.46927954018054
591,ladakh,2021,2,1800726280.641076,245628295.65797305,62007734.76397433,313050.0,196095.0,141433.0,102914,504.0,650578.0,2108362311.0630236,3240.752547831349,0.4811874978864948,0.3014165864815595,0.21739591563194574,62.58515641790747,231.24815429578112,56.07914009106529,199.10862073809915,7.0392944064235685,37.57268704800354,96.1089494163424,537.9746835443038,234.6803938548382,212.55180108383803,252.4809968847352,6.321569465767534,20486.642352478997,140.78046406129872
592,ladakh,2021,3,2690864448.4764056,415071849.1012422,88696791.83847539,479271.0,269662.0,181030.0,109859,561.0,929963.0,3194633089.416123,3435.2260137404637,0.5153656650856002,0.2899706762527111,0.1946636586616887,42.94412045903797,218.89001285897987,51.52201652691317,180.90386475001438,6.748352993761775,34.768207858483514,11.309523809523814,530.3370786516854,223.7486321079723,189.1135603396518,259.7933021961642,8.465059758417608,29079.393489983733,136.62109775462602
593,ladakh,2021,4,2149671366.100284,439444035.0283141,73840391.52211438,416036.0,285865.0,155738.0,117697,612.0,857639.0,2662955792.6507125,3104.9844895704514,0.4850945444411926,0.333316232120974,0.1815892234378334,-7.777083604401469,114.27368620925714,-16.642828202301764,95.19549842734358,7.134599805204855,31.478585312451134,9.090909090909083,461.4678899082569,126.10652173913044,93.2447322702107,127.93706549579218,7.286838237168322,22625.519704416532,62.97230891254899
594,ladakh,2022,1,2341149936.490332,503606169.6570382,75517803.66573639,490348.0,333285.0,168329.0,125119,683.0,991962.0,2920273909.8131065,2943.937277650864,0.4943213550519072,0.3359856526762114,0.1696929922718814,15.661951007358565,147.9000164939797,9.662876036941604,116.18383058848853,6.306023093196944,30.13437896532356,11.601307189542487,165.7587548638132,151.84021036845294,200.88563484038713,77.80230691228662,7.92814840272061,23339.97162551736,90.49540825797978
595,ladakh,2022,2,4016936742.126376,818724501.513757,136300764.6466988,847046.0,587810.0,256115.0,131845,785.0,1690971.0,4971962008.286832,2940.29998639056,0.5009228425561408,0.34761684263065423,0.15146031481320496,70.46731628832556,159.91825730350547,70.25670063275093,135.82104376453205,5.375682350402422,28.11182152088152,14.934114202049775,55.75396825396825,170.5785018367673,199.7577704683954,81.08574377974023,12.8254465470818,37710.660307837476,102.88389800244957
596,ladakh,2022,3,4648276251.859655,978453552.7151576,166186801.94865626,1064875.0,710428.0,302983.0,138524,856.0,2078286.0,5792916606.523469,2787.3529468626884,0.5123813565601655,0.34183360711663363,0.14578503632320094,22.904887192033453,123.48050406306487,16.511682850117147,81.33276793868774,5.065796958549806,26.092536797167277,9.044585987261144,52.584670231729056,122.18640393430857,163.4512834585518,67.36618240070706,15.003075279373972,41818.86609196579,77.23531442828858
597,ladakh,2022,4,3678277737.382833,843012982.1070366,136140793.4107571,900940.0,773705.0,262043.0,146028,891.0,1936688.0,4657431512.900627,2404.843481707238,0.46519625257140024,0.39949904166288014,0.13530470576571962,-6.813210501345823,125.81622337603582,-19.601267733496442,74.89706459845542,5.417111836216115,24.071131804548962,4.088785046728982,45.58823529411764,116.55337518868558,170.65398002553653,68.25887066740295,13.262442819185361,31894.09916523288,82.0054513017318
598,ladakh,2023,1,3329064442.3682017,833109078.6192697,125010866.05637312,840723.0,794686.0,247516.0,152636,899.0,1882925.0,4287184387.0438447,2276.8747491503086,0.44649840009559594,0.42204867427008513,0.13145292563431896,-2.7760279404839605,89.81825916718584,-7.949598933043555,46.807611869470776,4.525159558440839,21.99266298483844,0.8978675645342271,31.625183016105417,71.45435486633983,138.44037385420887,47.04299318596321,12.336047852407034,28087.635859455466,55.598094608998714
599,ladakh,2023,2,6194074109.649424,1366665989.4302006,229649678.1259935,1534520.0,1437079.0,424429.0,158956,922.0,3396028.0,7790389777.205618,2293.971008839037,0.4518572873957459,0.4231646499969965,0.12497806260725766,80.35917521940598,100.8330125117462,81.71342946547138,56.68643010990986,4.140569721428755,20.562782054685425,2.5583982202447064,17.452229299363054,81.16135369271562,144.48018917677481,65.71813443179822,21.364578877173557,49009.72456029101,66.57961029851771
600,ladakh,2023,3,6952580191.515368,1740665983.4132278,272964526.9247028,1856334.0,1693969.0,515323.0,164962,972.0,4065626.0,8966210701.8533,2205.370268158778,0.456592416518391,0.41665637714831616,0.12675120633329284,19.71709302750153,95.62399015342451,15.093223295297609,54.77886720751941,3.778404086665499,19.08550142935521,5.422993492407802,13.551401869158886,74.32412254959502,138.44344535969867,70.08313997815058,24.64583358591676,54353.188624369854,64.27187844481139
601,ladakh,2023,4,5745786847.46586,1520938455.336734,248610216.85895517,1495868.0,1624260.0,403359.0,173131,1038.0,3523487.0,7515335519.66155,2132.9255705105625,0.42454193814252755,0.4609808408545285,0.11447722100294395,-13.334699256645843,81.93364135059443,-16.181586965069393,61.36223364411928,4.95204956292965,18.560139151395628,6.790123456790131,16.498316498316502,66.03414211823207,109.93272629749065,53.92855371065055,20.35156615510798,43408.37585216714,53.452621304934425
602,ladakh,2024,1,4854562905.003714,1520474470.8507104,213236265.0079381,1309880.0,1611509.0,332052.0,180765,1091.0,3253441.0,6588273640.862362,2025.0170944739314,0.4026137249761099,0.49532448874898916,0.10206178627490094,-7.664169046174996,72.786542214905,-12.335602001717916,53.67367125082283,4.409377869936648,18.428811027542658,5.1059730250481605,21.357063403781986,55.80399251596542,102.78562853756074,34.15375167665928,17.99817995740326,36446.622083159695,45.89907701996647
603,ladakh,2024,2,8014741503.203558,2367715812.129853,350504832.082417,2223303.0,2943855.0,524781.0,190668,1640.0,5691939.0,10732962147.415827,1885.6425108237854,0.39060555638421285,0.517197215219629,0.09219722839615814,74.95135150752697,67.60577356841581,62.91008437850727,37.77182470150675,5.478383536635967,19.950174891164842,50.32080659945004,77.87418655097613,44.885892656987195,104.84990734677773,23.64400170582124,29.852618163509344,56291.365868503504,39.72949495112501
604,ladakh,2024,3,9504927003.585287,2804022828.279363,424029502.2444672,2729278.0,3592229.0,641721.0,199266,2060.0,6963228.0,12732979334.109118,1828.6029603093734,0.39195585725471005,0.5158855921420352,0.0921585506032547,22.3349020430472,71.27074649758734,18.6343449201005,42.010708397441874,4.509409025111721,20.795092203052825,25.609756097560975,111.9341563786008,47.02515818812778,112.05990192264439,24.527917442070326,34.9443858962392,63899.40749605611,41.78617969816727
605,ladakh,2024,4,8079551064.446615,2481653266.49352,367542701.7848981,2147484.0,3075686.0,509252.0,206450,2363.0,5732422.0,10928747032.725035,1906.4798496560502,0.374620710059378,0.5365421457108357,0.0888371442297863,-17.675796340432914,62.69173123102198,-14.169757556669428,45.41928306638275,3.605231198498493,19.24496479544391,14.70873786407767,127.64932562620426,43.56106287453172,89.3592158890818,26.252792177687855,27.766635989343666,52936.53200641819,36.43488554012142
606,ladakh,2025,1,6367189586.696168,1865084040.8469424,340962495.4574039,1789370.0,2532508.0,508051.0,213189,2454.0,4829929.0,8573236123.000514,1775.0232193890456,0.37047542520811383,0.5243364861056964,0.1051880886861898,-15.74365948633928,48.45601933460604,-21.55334827195816,30.12871945431723,3.2642286267861476,17.937100655547255,3.851036817604747,124.93125572868928,36.60564326503191,57.15134076198147,53.003445243516076,22.655620130494537,40214.25178128568,25.87728417047812
607,ladakh,2025,2,9214977949.986986,2779807221.119117,461727007.6120949,2676016.0,4345406.0,632290.0,219995,2479.0,7653712.0,12456512178.718197,1627.5125297003856,0.34963635945538585,0.5677514387789873,0.08261220176562693,58.46427556181468,34.465812089693856,45.295335390326215,16.05847488912786,3.192472407112934,15.381186145551439,1.0187449062754705,51.158536585365844,20.362181852855855,47.60937614114826,20.48645053841507,34.790390690697514,56621.796762281854,16.54050073646105
608,ladakh,2025,3,10520027715.585917,3077452033.592736,525608878.9921716,3175450.0,4892557.0,714259.0,225152,2530.0,8782266.0,14123088628.170824,1608.1371969570068,0.3615752472084084,0.5570950595210848,0.08132969327050672,14.745185081434986,26.123487554909875,13.379158030286797,10.917392211089826,2.3441441850951206,12.990675780113015,2.057281161758784,22.815533980582515,16.347620139831843,36.19836040519688,11.303666235014909,39.00594265207504,62726.90728117371,11.622916390334858
609,ladakh,2025,4,8584384716.836355,2454557160.5662613,463819500.787393,2329612.0,3470604.0,543512.0,231656,2624.0,6343728.0,11502761378.19001,1813.2494612300543,0.36723075138152206,0.5470921830191963,0.08567706559928169,-27.76661513099239,10.664009034924504,-18.553500009581047,5.252334451023044,2.8887151790790266,12.209251634778395,3.7154150197628466,11.045281421921294,8.48099450333506,12.839997320922869,6.727514079473429,27.384259419138722,49654.49363793733,-1.377108016800066
610,ladakh,2026,1,7149253785.258091,2141420127.1206703,443723093.7483882,2125414.0,3180624.0,474318.0,237706,2639.0,5780356.0,9734397006.12715,1684.0480077917605,0.3676960380986915,0.5502470782076399,0.08205688369366869,-8.880771685040722,19.677866900320893,-15.373390040201961,13.544020792935374,2.6116310391269826,11.500124302848636,0.5716463414634054,7.538712306438478,18.78001754807559,25.59186387565211,-6.639687747883583,24.317249038728512,40951.41479864686,7.334290117256237
611,ladakh,2026,2,11206998816.681328,3551684896.117224,701603489.3841361,3331223.0,5270609.0,655593.0,250921,2676.0,9257425.0,15460287202.182688,1670.0418531268347,0.35984336897139324,0.5693385579683335,0.07081807306027324,60.15319817672129,20.95340143449349,58.821210933265554,24.11409373962965,5.559388488300665,14.057592218004956,1.4020462296324476,7.94675272287213,24.48442012304859,21.291520286021616,3.6854924164544833,36.893783302314276,61614.1622350568,6.0459010946927405
612,lakshadweep,2018,1,2928949.892456974,124822.31814255843,,576.0,548.0,,862,,,,,,,,,,,,,,,,,,,,,
613,lakshadweep,2018,2,8052844.852515283,365556.7410627877,211429.85876468688,1665.0,1202.0,8.0,1172,,2875.0,8629831.452342758,3001.6805051626984,0.5791304347826087,0.4180869565217391,0.002782608695652174,,,,,35.96287703016241,,,,,,,2.4530716723549486,7363.337416674708,
614,lakshadweep,2018,3,6932206.189512467,489320.2576851023,225974.0023684178,1177.0,1481.0,18.0,1491,,2676.0,7647500.449565987,2857.810332423762,0.4398355754857997,0.5534379671150972,0.006726457399103139,-6.921739130434778,,-11.38296858057518,,27.218430034129693,,,,,,,1.79476861167002,5129.108282740434,
615,lakshadweep,2018,4,8591502.22808195,617829.5729876842,297575.7529298136,1178.0,1800.0,41.0,1903,,3019.0,9506907.55399945,3149.0253574029316,0.39019542894998344,0.5962239152037099,0.013580655846306725,12.817638266068766,,24.31391951783395,,27.632461435278334,,,,,,,1.5864424592748292,4995.747532317105,
616,lakshadweep,2019,1,14601838.84879085,872749.1151538313,210313.43813564925,2117.0,2458.0,47.0,2320,,4622.0,15684901.402080331,3393.5312423367222,0.45802682821289487,0.5318044136737343,0.010168758113370835,53.09705200397483,,64.98426342098875,,21.912769311613232,169.1415313225058,,,267.53472222222223,348.54014598540147,,1.9922413793103448,6760.73336296566,
617,lakshadweep,2019,2,15352332.44476239,1012399.2669598536,226142.85636740155,2342.0,3217.0,49.0,2763,,5608.0,16590874.568089645,2958.429844523831,0.41761768901569185,0.573644793152639,0.008737517831669045,21.33275638251839,95.0608695652174,5.776084546436189,92.2502734811314,19.094827586206886,135.75085324232083,,,40.66066066066065,167.63727121464225,512.5,2.029677886355411,6004.659633763897,-17.25973972839855
618,lakshadweep,2019,3,15669874.117028637,862174.4211606053,324018.46260795486,2600.0,2520.0,190.0,3275,1.0,5310.0,16856067.000797197,3174.4005651218827,0.4896421845574388,0.4745762711864407,0.035781544256120526,-5.313837375178321,98.43049327354261,1.5984234683903642,120.41276247004103,18.530582699963816,119.65124077800135,,,120.90059473237042,70.15530047265361,955.5555555555555,1.6213740458015267,5146.89068726632,-9.661109779892518
619,lakshadweep,2019,4,18386511.061288998,900010.3914525064,436959.3240414626,3137.0,2626.0,334.0,3708,1.0,6097.0,19723480.776782967,3234.9484626509707,0.5145153354108578,0.43070362473347545,0.05478103985566672,14.821092278719394,101.95428949983439,17.011167408447992,107.4647372424014,13.221374045801525,94.85023646873358,0.0,,166.29881154499154,45.88888888888889,714.6341463414634,1.6442826321467099,5319.16957302669,3.64590423899267
620,lakshadweep,2020,1,23892108.43540053,1728721.4408975712,701759.6246847571,3906.0,4060.0,763.0,4140,2.0,8729.0,26322589.500982862,3015.5332227039594,0.44747393744987973,0.46511627906976744,0.08740978348035285,43.168771526980485,88.85763738641282,33.45813448895836,67.82119840097704,11.650485436893199,78.44827586206897,100.0,,84.50637694851204,65.17493897477624,1523.404255319149,2.108454106280193,6358.1134060345075,5.833265395284459
621,lakshadweep,2020,2,26409624.642850503,3872618.312120918,634971.4571208174,3849.0,6329.0,1324.0,4578,3.0,11502.0,30917214.41209224,2687.9859513208344,0.3346374543557642,0.5502521300643366,0.11511041557989915,31.767670981784857,105.09985734664764,17.455064255505025,86.35072120644811,10.579710144927535,65.68946796959827,50.0,,64.3467122117848,96.73608952440162,2602.0408163265306,2.512450851900393,6753.432593292319,23.785693719700184
622,lakshadweep,2020,3,33651769.51107785,3292149.8057524376,865854.6541018533,5177.0,7289.0,1440.0,5137,4.0,13906.0,37809773.97093215,2718.9539746103947,0.37228534445563066,0.5241622321300158,0.10355242341435351,20.90071291949227,161.88323917137475,22.293598210271213,124.30958520243163,12.210572302315414,56.854961832061065,33.33333333333333,300.0,99.1153846153846,189.24603174603175,657.8947368421052,2.7070274479268055,7360.283038920021,66.95884918945929
623,lakshadweep,2020,4,43183807.581029445,3111947.548903483,1332859.440808579,7324.0,7929.0,2419.0,5775,7.0,17672.0,47628614.570741504,2695.1456864385186,0.414440923494794,0.44867587143503845,0.1368832050701675,27.0818351790594,189.84746596686898,25.969053947156628,141.4817907131606,12.419700214132767,55.74433656957929,75.0,600.0,133.47146955690147,201.94211728865193,624.2514970059881,3.06008658008658,8247.379146448746,86.10465866755845
624,lakshadweep,2021,1,44614248.814339004,2934834.1369108767,1610863.3853282295,6910.0,3956.0,5199.0,6336,10.0,16065.0,49159946.336578116,3060.0651314396587,0.4301276065981948,0.2462496109554933,0.3236227824463119,-9.093481213218645,84.04170008019247,3.215150765223629,86.7595372208442,9.714285714285719,53.04347826086957,42.85714285714286,400.0,76.90732206861239,-2.5615763546798065,581.389252948886,2.5355113636363638,7758.829914232657,20.25451993876213
625,lakshadweep,2021,2,43100030.79380788,3638524.966843241,3003102.145669869,7419.0,3416.0,9953.0,6816,12.0,20788.0,49741657.90632099,2392.8063260689337,0.3568885895709063,0.16432557244564172,0.478785837983452,29.399315281668216,80.7337854286211,1.1833039152649327,60.88660913405639,7.575757575757569,48.88597640891219,19.999999999999996,300.0,92.75136399064692,-46.02622847211249,651.7371601208458,3.049882629107981,7297.778448697328,21.39073792432913
626,lakshadweep,2021,3,61098261.099844895,7161437.873628563,3526660.476588671,10295.0,4919.0,9413.0,7374,16.0,24627.0,71786359.45006213,2914.9453628156953,0.4180371137369554,0.19974012262963414,0.3822227636334105,18.4673850298249,77.09621746008916,44.318389196552644,89.86191111655654,8.186619718309851,43.546817208487454,33.33333333333333,300.0,98.86034382847208,-32.51474825078886,553.6805555555555,3.339707078925956,9735.063662877967,23.37174791056118
627,lakshadweep,2021,4,69434007.89974104,7672700.411089677,3654369.4031478176,11408.0,5279.0,8630.0,7965,19.0,25317.0,80761077.71397853,3189.993984831478,0.4506063119642928,0.20851601690563654,0.3408776711300707,2.801802899256911,43.26052512449073,12.501982734142736,69.56419673729175,8.01464605370219,37.92207792207791,18.75,171.42857142857144,55.761878754778806,-33.42161684953966,256.75899131872677,3.1785310734463277,10139.495004893726,3.870625561071428
628,lakshadweep,2022,1,87098755.66407016,9161838.925309248,4312470.694285765,14349.0,6831.0,9168.0,8435,23.0,30348.0,100573065.28366517,3313.993188469262,0.47281534203242387,0.22508896797153025,0.30209568999604586,19.872022751510833,88.90756302521008,24.53160375082202,104.58335042736292,5.900816070307591,33.128156565656575,21.052631578947366,129.99999999999997,107.65557163531115,72.67441860465115,76.34160415464513,3.5978660343805573,11923.303530962083,41.899030151479664
629,lakshadweep,2022,2,83471981.06853943,10540414.008128976,4124543.057651138,15622.0,7795.0,9662.0,8885,27.0,33079.0,98136938.13431953,2966.744403830815,0.4722633695093564,0.2356479941957133,0.2920886362949303,8.998945564781868,59.125456994419864,-2.4222460978737925,97.29325934238442,5.334914048606998,30.3550469483568,17.391304347826097,125.0,110.56746192209195,128.19086651053863,-2.9237415854516224,3.7230163196398425,11045.2378316623,22.070806401121644
630,lakshadweep,2022,3,83124974.2826798,12637790.755507804,4312866.823439529,16327.0,8822.0,9825.0,9374,31.0,34974.0,100075631.86162712,2861.429400744185,0.46683250414593697,0.2522445245039172,0.2809229713501458,5.72871005774056,42.01486173711779,1.9754984862622393,39.40758749751658,5.503657850309507,27.122321670735005,14.814814814814813,93.75,58.591549295774655,79.34539540557024,4.376925528524378,3.7309579688500105,10675.872825008226,11.715125928046355
631,lakshadweep,2022,4,91588031.86932804,11408255.765299538,4491479.942532947,17973.0,8933.0,10108.0,9808,34.0,37014.0,107487767.57716052,2903.975997653875,0.4855730264224348,0.24134111417301563,0.2730858594045496,5.832904443300735,46.202156653631945,7.406534015975086,33.09352799604357,4.6298271815660375,23.13873195229128,9.677419354838701,78.94736842105263,57.54733520336606,69.2176548588748,17.126303592120507,3.773858075040783,10959.19326847069,18.729626605442352
632,lakshadweep,2023,1,101293603.22456622,13497795.03366942,5272883.809654548,20840.0,11319.0,11361.0,10183,34.0,43520.0,120064282.06789018,2758.830010751153,0.4788602941176471,0.2600873161764706,0.26105238970588235,17.577132976711507,43.40318966653487,11.700414637136781,19.380155839190415,3.8234094616639513,20.723177237700053,0.0,47.82608695652173,45.236601853787725,65.70048309178745,23.92015706806283,4.273789649415693,11790.659144445663,18.786792186705448
633,lakshadweep,2023,2,109246246.69055577,19241160.839393266,6711526.017933157,22867.0,15989.0,11701.0,10584,34.0,50557.0,135198933.5478822,2674.188214250889,0.4523013628182052,0.3162568981545582,0.23144173902723658,16.169577205882348,52.83714743492851,12.605457026290434,37.76559175183976,3.937935775311785,19.12211592571751,0.0,25.92592592592593,46.3769043656382,105.11866581141756,21.10329124404886,4.776738473167045,12773.897727502097,28.302915245591453
634,lakshadweep,2023,3,101964564.86909252,19309574.4772262,6379680.049872445,26919.0,22701.0,12070.0,11059,34.0,61690.0,127653819.39619116,2069.278965734984,0.4363592154319987,0.3679850867239423,0.195655697844059,22.020689518760996,76.38817407216789,-5.580749754227055,27.5573454012221,4.487906273620568,17.975250693407308,0.0,9.677419354838701,64.87413486862252,157.322602584448,22.849872773536894,5.578262049009856,11542.980323373828,49.51286226173271
635,lakshadweep,2023,4,133882525.2268283,34023152.04067607,8545344.284955937,36239.0,46222.0,14053.0,11676,36.0,96514.0,176451021.55246034,1828.242758070957,0.37547920508941707,0.47891497606564853,0.14560581884493443,56.44999189495867,160.74998649159778,38.22619831281378,64.15916483314649,5.579166289899629,19.045676998368677,5.882352941176472,5.882352941176472,101.63022311244644,417.42975484159854,39.02849228333993,8.266015758821514,15112.28344916584,119.03356179424382
636,lakshadweep,2024,1,140783218.53412393,44541320.96763367,8678746.922614636,40581.0,65567.0,14177.0,12330,56.0,120325.0,194003286.42437223,1612.3273336744003,0.3372615832121338,0.5449158528984002,0.11782256388946603,24.67103218185962,176.48207720588235,9.947386372423717,61.58284802358902,5.601233299075026,21.0841598743003,55.55555555555556,64.70588235294117,94.72648752399233,479.2649527343405,24.786550479711302,9.758718572587187,15734.248696218348,128.33876660077053
637,lakshadweep,2024,2,152167733.93679237,52754776.32486465,9002498.942245735,43383.0,103328.0,15133.0,13251,121.0,161844.0,213925009.20390275,1321.7975902962282,0.2680544227774894,0.638441956451892,0.09350362077061862,34.50571369208395,220.12184267262694,10.268755311676925,58.229805213765864,7.469586374695858,25.198412698412696,116.07142857142856,255.88235294117646,89.71880876372065,546.2442929514041,29.33082642509188,12.21371971926647,16144.065293479945,155.69161443265287
638,lakshadweep,2024,3,150998391.16304433,55743214.1674488,8202700.11437422,48622.0,119755.0,15283.0,14065,183.0,183660.0,214944305.44486734,1170.3381544422703,0.26473919198519,0.6520472612436023,0.08321354677120767,13.47964706754652,197.71437834332954,0.4764736225828736,68.38063009909494,6.142932608859719,27.181481146577458,51.23966942148761,438.2352941176471,80.62335153608974,427.5318267917713,26.619718309859163,13.057945254177035,15282.211549581752,134.08626449334386
639,lakshadweep,2024,4,201881767.7652216,67859710.24755286,9944025.683240868,60510.0,151047.0,17263.0,14725,226.0,228820.0,279685503.69601536,1222.294833039137,0.26444366751158116,0.6601127523817848,0.07544358010663403,24.588914298159636,137.08477526576453,30.119987648499922,58.50602690495761,4.6924991112690995,26.113394998287088,23.497267759562845,527.7777777777777,66.97480614807252,226.78594608627924,22.842097772717572,15.53955857385399,18993.922152530755,87.99333351463955
640,lakshadweep,2025,1,237594165.7087245,79301442.11413448,13475798.974715903,76507.0,186433.0,23504.0,15368,271.0,286444.0,330371406.7975749,1153.3542570190853,0.26709234614793814,0.6508532208738881,0.08205443297817375,25.183113364216414,138.05859131518804,18.122463421146428,70.29165478924125,4.366723259762306,24.63909164639091,19.91150442477876,383.92857142857144,88.5291146102856,184.3396830722772,65.78965930732876,18.638990109318062,21497.358589118616,90.99833621266708
641,lakshadweep,2025,2,197246323.6880297,76576559.44193368,11613719.198174415,65743.0,197029.0,19414.0,15987,305.0,282186.0,285436602.3281378,1011.5193607341888,0.23297753963697704,0.6982238665277511,0.06879859383527177,-1.4865034701372681,74.35678801809149,-13.601299490476038,33.42834640529277,4.027850078084327,20.64749830201493,12.54612546125462,152.06611570247932,51.5409261692368,90.68306751316197,28.289169364963996,17.650966410208294,17854.294259594535,44.51753287219182
642,lakshadweep,2025,3,181553773.47911975,74732130.60894719,13076512.914169485,66169.0,210108.0,19303.0,16553,330.0,295580.0,269362417.0022364,911.3012281014833,0.22386156032207863,0.710832938629136,0.06530550104878544,4.746514710155703,60.938691059566594,-5.631438012782441,25.317307869469087,3.5403765559517186,17.68929968005688,8.196721311475418,80.32786885245902,36.0886018674674,75.44820675545907,26.303736177452073,17.85658188847943,16272.725004666008,36.74878812014766
643,lakshadweep,2025,4,231746682.0261693,81633079.0915446,15006992.04171471,86831.0,219710.0,20396.0,17251,369.0,326937.0,328386753.15942866,1004.4343502247486,0.26558939489871136,0.6720254972670575,0.06238510783423106,10.608633872386486,42.87955598286863,21.912610086470295,17.412861524759514,4.21675829154835,17.154499151103565,11.818181818181817,63.27433628318584,43.4985952735085,45.45803624037552,18.148641603429304,18.951770911831197,19035.809701433463,21.95823209366068
644,lakshadweep,2026,1,246153188.3098355,88683451.20304762,17328328.25924318,100205.0,229831.0,21957.0,17882,369.0,351993.0,352164967.7721263,1000.48855452275,0.28467895668379767,0.6529419619140153,0.062379081402186974,7.66386184494261,22.88370501738559,7.240917723972129,6.596684981247414,3.6577589704944735,16.3586673607496,0.0,36.162361623616235,30.974943469225046,23.278067724061735,-6.581858407079643,19.6842075830444,19693.82439168585,5.607693697974603
645,lakshadweep,2026,2,259453266.16378197,94144139.47207405,16980108.095038954,101796.0,248709.0,20691.0,18419,374.0,371196.0,370577513.730895,998.3338013634171,0.27423786894255325,0.6700206898781237,0.05574144117932305,5.455506217453188,31.543024813420928,5.228386592582024,29.828308881311315,3.0030197964433514,15.212360042534566,1.3550135501354976,22.622950819672138,54.839298480446594,26.22964132183587,6.5777274132069685,20.15288560725338,20119.306896731363,14.174403479676446
646,madhya-pradesh,2018,1,8025436462.533884,1064320392.6932572,151101254.3014853,2982533.0,5540953.0,90643.0,2501837,8.0,8614129.0,9240858109.528625,1072.7559465998972,0.34623732707044436,0.6432400768551295,0.010522596074426098,,,,,,,,,,,,3.4431215942525433,3693.629165100934,
647,madhya-pradesh,2018,2,14876663065.703634,1515177641.9527414,399571688.7835097,4456775.0,6493926.0,298573.0,3390239,23.0,11249274.0,16791412396.439886,1492.666317527681,0.39618334480962947,0.5772751201544206,0.026541535035949877,30.590962823983702,,81.70836731196616,,35.509987261360344,,187.5,,,,,3.3181359780239683,4952.869811373147,
648,madhya-pradesh,2018,3,23122682480.769238,1658190763.710083,550914474.3552732,10456411.0,7152252.0,454035.0,4233736,76.0,18062698.0,25331787718.834595,1402.4365418075747,0.5788953012445871,0.3959680884882203,0.025136610267192643,60.56767752301171,,50.861566143211626,,24.880163315919624,,230.43478260869566,,,,,4.2663732457574115,5983.317740840382,
649,madhya-pradesh,2018,4,32419984165.1524,2454916350.353954,744717133.1542052,11980653.0,10163524.0,663430.0,5311159,498.0,22807607.0,35619617648.66056,1561.742871519163,0.5252919782421716,0.44561991970485987,0.029088102052968554,26.26910442725665,,40.612332789196714,,25.448516393086386,,555.2631578947368,,,,,4.2942805892273235,6706.562098528882,
650,madhya-pradesh,2019,1,45152535423.92134,2993131099.323229,1153010443.381269,24432077.0,13270690.0,1226099.0,6383958,66408.0,38928866.0,49298676966.62584,1266.378449519332,0.6276082380616995,0.3408958791658611,0.03149588277243935,70.6836933835277,351.91877205460935,38.403161574867895,433.4859207046147,20.198962222746488,155.17082048111047,13234.939759036144,830000.0,719.172059454162,139.50194127255727,1252.668159703452,6.097920130426923,7722.274640062769,77.10440841258472
651,madhya-pradesh,2019,2,61124126939.443054,4924751531.830441,1706923743.5129895,20842891.0,19025755.0,1375818.0,7278165,225653.0,41244464.0,67755802214.78649,1642.7853739300986,0.5053500270969699,0.4612923324691527,0.03335764043387738,5.94828012714268,266.64111835128205,37.43939266495069,303.51460982014873,14.00709403163367,114.67999748690283,239.79791591374533,981000.0,367.667562306825,192.97769946870352,360.79786182943536,5.666876747092158,9309.462235987572,70.78494626573209
652,madhya-pradesh,2019,3,68798753736.45984,7253207082.247786,3020007266.86693,23192694.0,29189777.0,2513880.0,8231531,358087.0,54896351.0,79071968085.57455,1440.3865948316775,0.4224815234076305,0.5317252689527578,0.0457932076396116,33.09992584701791,203.921103037874,16.701397520046648,212.14523413514658,13.098988549998513,94.42712063293509,58.68922637855469,471067.1052631579,121.80358059758744,308.1200858135312,453.67537744887505,6.669032893151955,9605.985579787593,56.31620838106015
653,madhya-pradesh,2019,4,95844665198.53725,9001728362.475853,3973182073.960624,33794899.0,31573884.0,5634285.0,9219787,440884.0,71003068.0,108819575634.97371,1532.603853610575,0.4759639259531715,0.4446833762169263,0.07935269782990223,29.340232468274618,211.3130983009309,37.620927200402065,205.504614643346,12.005737450299335,73.59275065950766,23.122034589359576,88430.92369477912,182.07894010451687,210.65882266820051,749.2659361198619,7.701161425963528,11802.829678708815,79.33531044251605
654,madhya-pradesh,2020,1,111453163264.71494,11919807877.324291,4730448174.925011,34929211.0,36937883.0,8526282.0,10260896,513846.0,80393376.0,128103419316.96423,1593.4573927703227,0.4344787187441911,0.45946425984150735,0.1060570214143016,13.225214437212763,106.51353162971664,17.720932625832496,159.8516374053761,11.292115533688584,60.729378232124965,16.549024233131625,673.7712323816407,42.964558436845145,178.34184205945584,595.3991480296453,7.834927476119044,12484.623108641217,28.485242648963837
655,madhya-pradesh,2020,2,125562756208.35052,13966971353.228683,5585883453.391074,33907763.0,28763727.0,13036513.0,11514232,550154.0,75708003.0,145115611014.9703,1916.7803305414132,0.4478755436198733,0.37992980742075577,0.17219464895937092,-5.828058520642299,83.55918748271283,13.280044973595185,114.17444155550331,12.214683785899405,58.20240404002932,7.065930259260567,143.8053116953907,62.68262881574347,51.18310416590563,847.5463324364124,6.575167410210251,12603.151561907933,16.02806455220971
656,madhya-pradesh,2020,3,168188848665.08633,22259050037.072163,7604020280.154075,48783194.0,44812503.0,12299837.0,12744642,654441.0,105895534.0,198051918982.3126,1870.2575217413096,0.4606728174202323,0.42317651469607775,0.11615066788368998,39.873632646207824,92.90086147984591,36.47871348719423,150.4704559370188,10.6859927783286,54.827115393236085,18.955965057056744,82.76033477897829,110.33862646573098,53.52122422860579,389.27701401817114,8.309023823501672,15540.014304231738,24.591135725747115
657,madhya-pradesh,2020,4,223368461418.338,36456005544.82321,10020588129.14644,64401144.0,67928541.0,15369811.0,13925932,839834.0,147699496.0,269845055092.30768,1826.9869728757076,0.4360281906446045,0.45991044546286064,0.10406136389253488,39.4766053117972,108.01847041313763,36.24965437290548,147.9747357198678,9.268914732952084,51.043966633936336,28.32845130424286,90.48865461209752,90.56468847561877,115.14154229489155,172.79079776759608,10.60607620373272,19377.163057546717,37.720476394321835
658,madhya-pradesh,2021,1,261059127641.43152,45155958515.65863,13480959262.087996,78279566.0,79551215.0,29616287.0,15131202,1038097.0,187447068.0,319696045419.17816,1705.5270526780293,0.41760891133277156,0.4243929544952925,0.15799813417193595,26.911108755577608,133.16232919488291,18.473931386223708,149.56089940750087,8.654860586709745,47.46472432816784,23.6074033678084,102.02492575596578,124.10917326474969,115.36484643692222,247.35289074417196,12.388114837142481,21128.264986428585,58.11396946431997
659,madhya-pradesh,2021,2,323560378029.18933,51339627291.98926,18163847258.26838,91032253.0,68475966.0,43800755.0,16251687,1117867.0,203308974.0,393063852579.44696,1933.3325275619509,0.4477532457568745,0.33680739542761157,0.21543935881551396,8.462072076795568,168.54356995785506,22.949238256629222,170.86255560671418,7.405128819243845,41.14434206293567,7.68425301296507,103.1916517920437,168.4702408708,138.06360698667456,235.98520555304935,12.51002274410035,24186.033891709023,90.26166124187434
660,madhya-pradesh,2021,3,374483947531.1985,75187039311.15306,21372609979.845333,118679995.0,124505570.0,43359373.0,17570524,1314899.0,286544938.0,471043596822.1969,1643.873383735004,0.4141758560746238,0.43450626233013406,0.15131788159524215,40.94062468683748,170.59208936988787,19.83895077886575,137.838441173733,8.11507753010503,37.86596751795774,17.62571039309686,100.91941061149896,143.2804932780744,177.8366787501247,252.5198992474453,16.308275040630548,26808.739273922445,96.27185319295126
661,madhya-pradesh,2021,4,409205981203.4761,96066619465.16414,22155890468.93476,127810835.0,154372079.0,38984765.0,18846562,1523277.0,321167679.0,527428491137.57495,1642.221573415471,0.39795671655988774,0.4806588243270893,0.12138445911302301,12.082831140433537,117.44669934418735,11.970207151900091,95.45605197662563,7.262378742944708,35.334295758445464,15.847452922239658,81.37834381556355,98.46050405564225,127.25657982261095,153.64505132821736,17.041181250988906,27985.39548685723,60.673758359301665
662,madhya-pradesh,2022,1,523390793973.89966,120699587550.27348,26590525991.863888,165503407.0,208119201.0,45034736.0,20115633,1697225.0,418657344.0,670680907516.037,1601.9805149197073,0.3953194882925546,0.4971110718172425,0.1075694398902029,30.35475590306831,123.34696854260744,27.160538117592115,109.78705152159623,6.733700289739852,32.941408091703494,11.41932819835132,63.49387388654433,111.4260661588236,161.6166214431797,52.06070902811011,20.812536398929133,33341.27777714164,68.00406415775429
663,madhya-pradesh,2022,2,609730164270.1279,148019985647.96942,31606301459.17774,183118953.0,254146400.0,52798619.0,21283425,1812068.0,490063972.0,789356451377.2751,1610.721245546439,0.37366336532080346,0.5185984167797587,0.10773821789943783,17.056103045453796,141.0439452613636,17.69478488671612,100.82143046153772,5.805395236630129,30.961327276362137,6.766515930415817,62.100500327856544,101.15832242447081,271.14686341190134,20.542714389283923,23.025616036892558,37087.84894241764,84.0573475196222
664,madhya-pradesh,2022,3,610556554088.7496,157142053303.28333,37609667077.23872,207152051.0,298169767.0,59670715.0,22575200,1923099.0,564992533.0,805308274469.2717,1425.3432168266756,0.36664564379295966,0.527741075473647,0.10561328073339334,15.289546932864507,97.17414550872296,2.020864346413309,70.96257754104414,6.069394376140114,28.483362249185063,6.127308688194932,46.25450319758399,74.54673047466846,139.48307453232815,37.618952654135484,25.027133004358767,35672.25426438179,53.46278464157612
665,madhya-pradesh,2022,4,712107871781.2043,186592887118.2431,40871649826.31441,232104827.0,346579011.0,61984859.0,23793582,2040575.0,640668697.0,939572408725.762,1466.5495803453653,0.3622852623935831,0.5409644838633344,0.09675025374308244,13.394188344078529,99.48106204049256,16.672389755957152,78.14214144921552,5.396993160636443,26.248925400823776,6.108681872332111,33.95954905115748,81.60027434293815,124.50887054517156,58.99764690129592,26.92611381506156,39488.48091581007,58.006146513458546
666,madhya-pradesh,2023,1,809324793181.5155,203820995890.95844,45173382871.57996,263468166.0,395551751.0,71618700.0,24981019,2083024.0,730638617.0,1058319171944.0538,1448.4851297478763,0.36059983673159723,0.5413781064900927,0.09802205677831015,14.043127192149996,74.51947934776943,12.638383387538488,57.79771871897932,4.990576870687224,24.18708871851063,2.08024698920648,22.7311641061144,59.19198932261256,90.06019103446394,59.029909712360705,29.247750742273563,42364.93202875567,40.529487524540485
667,madhya-pradesh,2023,2,916014980566.0862,227030863555.15845,54365405738.83788,294078080.0,468684552.0,81019878.0,26193021,2142311.0,843782510.0,1197411249860.0825,1419.0993954829455,0.34852355496204823,0.5554565856075875,0.09601985943036435,15.4856163317193,72.17803352416203,13.142734404076496,51.694617529359554,4.851691598329122,23.067697045940672,2.8461986035686504,18.22464719867025,60.59401562873723,84.41518431895946,53.45075218728732,32.21402029189378,45714.89672230181,39.9051397377564
668,madhya-pradesh,2023,3,929677804115.3452,246598006829.2677,58123801547.532776,333168847.0,555828663.0,85637152.0,27512164,2210798.0,974634662.0,1234399612492.1455,1266.525458841259,0.341839727222835,0.5702943725184279,0.08786590025873715,15.507805678503583,72.50398988901327,3.0890274862863665,53.282867148690485,5.036238469781695,21.86897126049825,3.196874776818115,14.96017625717656,60.83299460066654,86.413488058298,43.51621561766103,35.42559073143065,44867.41255584786,41.54873722555785
669,madhya-pradesh,2023,4,1063897581255.9968,295552160365.8561,67373328559.32103,373938153.0,636732492.0,88108658.0,28703519,2279592.0,1098779303.0,1426823070181.174,1298.5529180295946,0.3403214385082024,0.5794907951592532,0.0801877663325444,12.7375565265911,71.50507089626075,15.588424991526239,51.858766491048435,4.33028459702407,20.63555205769354,3.111727077733928,11.713218088038913,61.10744349147035,83.71928818274571,42.14545200465811,38.280299464327,49708.99457244856,42.16793306026321
670,madhya-pradesh,2024,1,1209742432438.1948,342135005639.66675,74293758777.68762,434331008.0,747491424.0,101620697.0,30087710,2371698.0,1283443129.0,1626171196855.5493,1267.0379856430313,0.3384107937360737,0.582411021657353,0.07917818460657325,16.806270876764053,75.66045636484611,13.971467860346731,53.656027403188155,4.822373869907737,20.442284600159823,4.040459871766533,13.858409696671758,64.85141814058856,88.97436861554937,41.89128956543473,42.656723592456856,54047.68913471811,45.84616768770011
671,madhya-pradesh,2024,2,1314381819558.4275,378077760585.7056,84888087932.3878,462519489.0,859901226.0,109715950.0,31399806,2466722.0,1432136665.0,1777347668076.5208,1241.0461316389249,0.32295764803982585,0.6004323798245889,0.07660997213558526,11.585518098948032,69.72817616236202,9.29646715630521,48.43251792433083,4.360903505118863,19.87852031271995,4.006580939057169,15.14303945598936,57.27778452579668,83.47121157089043,35.41855740636883,45.609729722533956,56603.778637247655,41.5834761053125
672,madhya-pradesh,2024,3,1279552980151.1147,384226020312.7956,95649066253.77884,497539973.0,926585300.0,110364227.0,32634553,2568230.0,1534489500.0,1759428066717.6892,1146.5885343090906,0.3242381085044896,0.603839452795213,0.0719224387002974,7.146862272393539,57.44253306681597,-1.0082215022244045,42.5331026445769,3.9323395819706564,18.618633561503927,4.115096877556534,16.167555787548203,49.33568293676629,66.70340370698011,28.874237900858724,47.02039277204134,53913.04323113264,32.73001748513802
673,madhya-pradesh,2024,4,1455711647566.668,440749284177.4617,104751793126.50809,545431384.0,1024836894.0,111609384.0,33718050,2674535.0,1681877662.0,2001212724870.6377,1189.868187256201,0.3242990832944424,0.6093409271999713,0.06635998950558629,9.605029034085932,53.06783240346491,13.742230371714559,40.25654383458554,3.3200914380534075,17.47009138496225,4.139232078123833,17.325161695601675,45.86138900889314,60.952504682296,26.672436663375354,49.88063253954484,59351.3778190209,30.3036633400114
674,madhya-pradesh,2025,1,1493463209287.9224,430487348336.8946,109105360026.85428,559249557.0,1040983000.0,123203106.0,34868747,2763468.0,1723435663.0,2033055917651.6711,1179.6529231109866,0.3244969156704749,0.6040161651221442,0.07148691920738094,2.470928887335444,34.282199503675855,1.5911947982987007,25.02102617380604,3.4127032850357564,15.890331966108429,3.3251761521161605,16.51854494121934,28.761139936847435,39.26353755732186,21.238202095779755,49.426372074683385,58305.96429667149,15.87006200219192
675,madhya-pradesh,2025,2,1578885278006.9512,472279945335.885,117204973300.34192,568967572.0,1143273346.0,125078312.0,35961457,2838187.0,1837319230.0,2168370196643.1782,1180.1815173094217,0.3096726811050685,0.6222507919867578,0.06807652690817372,6.6079384014696485,28.292171753035866,6.655708670709126,22.000339921667077,3.1337805169769917,14.527640712175094,2.703812745434364,15.059054080678735,23.014831922033885,32.95403139708979,14.001940465356233,51.091345659326315,60297.06184160386,12.01852317507619
676,madhya-pradesh,2025,3,1493657100665.3208,478909284538.0845,126075721957.48964,609772524.0,1244302556.0,126262681.0,37166358,2916083.0,1980337761.0,2098642107160.895,1059.7394790377352,0.30791339538568746,0.6283284500779662,0.06375815453634628,7.784087199696921,29.055152283544473,-3.215691194715198,19.27979022615165,3.3505344346865584,13.886523893861824,2.7445689801270934,13.544464475533724,22.557494290011547,34.28904559569421,14.405441357370275,53.28307285314316,56466.17586691962,13.319072240556974
677,madhya-pradesh,2025,4,1654478994616.5352,540014267298.06696,137371608766.57396,655981444.0,1317761396.0,127339599.0,38249438,3018653.0,2101082439.0,2331864870681.176,1109.8397794381717,0.31221118782574336,0.6271821474207276,0.06060666475352898,6.097175965529655,24.924807937665562,11.113031742024425,16.52258861345748,2.914140793671516,13.439057122223863,3.517389594191944,12.86646089881045,20.26837164910922,28.582548473318337,14.093989623668213,54.93106693489196,60964.683211323936,10.125040798837471
678,madhya-pradesh,2026,1,1718897802609.865,561483954109.4495,143795730016.76617,682818506.0,1369000689.0,134791979.0,39250624,3081980.0,2186611174.0,2424177486736.0806,1108.6458880119492,0.312272485441895,0.6260832768432565,0.06164423771484852,4.070698674760576,26.875126292428362,3.958746375725397,19.238111735568175,2.6175181972608375,12.566775055037116,2.0978562292519154,11.525807427478796,22.095493407784673,31.510379035968896,9.40631561675076,55.70895316212043,61761.50184863508,12.710989748436408
679,madhya-pradesh,2026,2,1816270501215.9336,598148260036.9344,153957311924.0763,692355802.0,1456576342.0,134905941.0,40093377,3144386.0,2283838085.0,2568376073176.9443,1124.5876360700695,0.303154504054958,0.6377756600026223,0.05906983594241971,4.4464654784573066,24.302736710593287,5.948351027507193,18.447305591683993,2.1471072663711066,11.489857043333917,2.0248671308704225,10.788542122136423,21.686337863909056,27.404032211208396,7.85718070771535,56.96297632898321,64059.85889332656,11.492417343650608
680,maharashtra,2018,1,17240826462.602303,2575202085.579726,800256051.4209037,4904123.0,10256681.0,610493.0,6133954,1643.0,15771297.0,20616284599.602932,1307.2028635059585,0.31095242198533196,0.6503384597982017,0.03870911821646628,,,,,,,,,,,,2.571146930674733,3361.0106302725667,
681,maharashtra,2018,2,29099936022.412197,3848017255.667726,1622028400.9558468,7296740.0,13039678.0,1370966.0,8236836,6629.0,21707384.0,34569981679.03577,1592.5448077500157,0.33614091868462825,0.6007024153624407,0.06315666595293104,37.63854678534049,,67.6828892811345,,34.282650310061015,,303.4692635423006,,,,,2.6354032057940695,4196.997691715092,
682,maharashtra,2018,3,43625688558.03848,4567758514.986597,2141510364.0786629,12620224.0,16189479.0,1976450.0,10390459,38653.0,30786153.0,50334957437.103745,1634.9869188626376,0.4099318287673033,0.5258688540916431,0.06419931714105365,41.823413636576376,,45.60307813998152,,26.146241105201074,,483.08945542314075,,,,,2.962925218221832,4844.343973360921,
683,maharashtra,2018,4,66256382869.88532,7347092551.706038,2966920750.1442027,20039783.0,23240057.0,2435307.0,13355155,229210.0,45715147.0,76570396171.73555,1674.945859229886,0.4383619941110547,0.5083666689292282,0.05327133695971709,48.49256092503666,,52.121706405363334,,28.532868470969387,,492.9940754921998,,,,,3.4230338023033053,5733.396293171854,
684,maharashtra,2019,1,93627701694.13268,9614690903.758623,4341060420.009475,35939138.0,33977457.0,3958137.0,16274312,698175.0,73874732.0,107583453017.90077,1456.2956792574323,0.48648755842525426,0.459933404563823,0.05357903701092276,61.59793164396912,368.41253449224877,40.50267256892304,421.83725199434247,21.857904307362965,165.3151947340981,204.60058461672702,42393.9135727328,632.8351674703102,231.27146101160795,548.3509229426054,4.539345933640697,6610.6298698157425,76.54945656681937
685,maharashtra,2019,2,124871981422.75432,16236533042.450954,6313079791.409272,40939711.0,54030628.0,4360998.0,18737804,1019256.0,99331337.0,147421594256.61453,1484.1398365212233,0.41215302478008525,0.5439434284469563,0.04390354677295847,34.4591503898789,357.59238883874724,37.02998939073383,326.44394673201475,15.137303500141819,127.48788491114792,45.9886131700505,15275.71277719113,461.06851826980267,314.35553853400364,218.09672887584375,5.301119437475171,7867.602535313878,101.15022345804192
686,maharashtra,2019,3,160243862341.58435,22726797443.678085,11381688753.91073,56361577.0,84053886.0,8344485.0,21322044,1309633.0,148759948.0,194352348539.1732,1306.4830362751484,0.3788760197738171,0.5650303534658402,0.056093626760342775,49.761346713776746,383.2040820429886,31.834382553798047,286.1180349303503,13.791584115193011,105.20791237422715,28.489113627979634,3288.17944273407,346.5972790974233,419.18833212606785,322.1956032280098,6.97681460557909,9115.08992942577,135.4704925616095
687,maharashtra,2019,4,215137602476.5688,28740182970.66705,16278862802.644138,75832872.0,103887387.0,16758012.0,23734339,1597195.0,196478271.0,260156648249.87997,1324.0988274468273,0.3859606032465544,0.5287474613414122,0.08529193541203342,32.07739962372129,329.7881203356953,33.85824776768438,239.76139769002748,11.313619838698386,77.71668692725768,21.957449147967402,596.826054709655,278.41164248135823,347.0186411332812,588.1272874426098,8.278228055982515,10961.192062263877,141.8389222569823
688,maharashtra,2020,1,252004119894.9871,37884614833.74382,18407020909.572178,84061718.0,125734064.0,23962681.0,26163809,1861784.0,233758463.0,308295755638.3031,1318.864573636006,0.35960930321483164,0.5378802648954789,0.10251043188968949,18.974206058643507,216.4254633099718,18.503892832362133,186.5642875275679,10.236097158635848,60.76752737688695,16.565854513694322,166.6643749776202,133.90020651023963,270.05142556725184,505.40302167408555,8.934420175594463,11783.290255570322,96.82175155196376
689,maharashtra,2020,2,226158762586.16476,39445183618.5182,15750670588.30177,70384119.0,80390030.0,29655735.0,28790127,1925780.0,180429884.0,281354616792.98474,1559.3570785257764,0.39009125007252127,0.4455472021475112,0.16436154777996753,-22.81353937547066,81.64447338507081,-8.738731673272238,90.85034198126702,10.037980326182637,53.647284388287986,3.437348263815787,88.93977567951525,71.92138703665982,48.78603669015285,580.0217519017436,6.267074959412302,9772.607699611215,18.2217271904592
690,maharashtra,2020,3,331734080136.60254,63923246389.30126,21788111646.333027,102590461.0,127581626.0,29011915.0,31432433,2160587.0,259184002.0,417445438172.2368,1610.6142159662957,0.39582096197434286,0.49224344487126176,0.11193559315439539,43.64804557542141,74.2296938689438,48.36985542674961,114.78795667246469,9.17781988248958,47.41754120758779,12.192825764105963,64.97652395747511,82.02198458712395,51.785517685642745,247.677717678203,8.245750559621014,13280.723072637642,18.18789842899371
691,maharashtra,2020,4,465662473822.7262,103163050873.9993,29292314892.696144,145871285.0,211773187.0,39414683.0,34404572,2544284.0,397059155.0,598117839589.4216,1506.3695977225902,0.36737922589897215,0.5333542479331574,0.09926652616787038,53.195857744337175,102.08807466551862,43.28048288376309,129.90680561618038,9.45564411129103,44.956941922840144,17.758923848009832,59.29701758395187,92.35890868013017,103.84879542691743,135.1990379288426,11.540883432585646,17384.835933707345,39.41248482814235
692,maharashtra,2021,1,552141116755.276,119640809290.50336,41018182182.09192,173584645.0,241600887.0,72955854.0,36994904,2884303.0,488141386.0,712800108227.8712,1460.232892909988,0.35560321246762716,0.49494038802929935,0.1494563995030735,22.9392093981563,108.82297895670199,19.17385856893572,131.206591460227,7.529034222544606,41.397240745795074,13.364034832589432,54.921462425286705,106.4966659377578,92.1522929538013,204.456141614538,13.194827752492614,19267.521500471288,47.685328126116254
693,maharashtra,2021,2,647991748712.1151,135843731286.4454,45397398615.96484,208494008.0,229413959.0,95323220.0,39429859,3023504.0,533231187.0,829232878614.5254,1555.1094887751294,0.3910011512511177,0.4302335733412382,0.17876527540764414,9.237037115308233,195.53374151700945,16.334561266569338,194.72872635484734,6.581865978081747,36.9561829303497,4.826157307328671,57.001526654134935,196.22308407383775,185.37613308515995,221.4326672395744,13.523537758529645,21030.581890098198,115.78707524822431
694,maharashtra,2021,3,793113211007.2576,192964217783.964,54260866742.824585,268139750.0,362427389.0,104019441.0,42170156,3290552.0,734586580.0,1040338295534.0461,1416.2228440574645,0.3650213021860541,0.4933760006887139,0.141602697125232,37.761368409983874,183.42280940626884,25.457916872788957,149.2153944930177,6.949801671875111,34.16128493775841,8.832401081658903,52.29898171191441,161.36908576714552,184.07490981499168,258.5404169286998,17.41958412484886,24670.012971591714,111.25528839244305
695,maharashtra,2021,4,866795070479.2156,240334089367.26917,54623406096.15984,286423482.0,441281724.0,93550357.0,44928344,3607998.0,821255563.0,1161752565942.6448,1414.6054142985997,0.34876291242851526,0.5373257045444209,0.1139113830270639,11.798334649674658,106.83456171662885,11.670652799171632,94.23472918649787,6.5406160698101345,30.588295067295125,9.647195971982825,41.807989988539006,96.35357431724825,108.37469098484127,137.3490026546706,18.279230656709714,25857.898656194513,58.38675404257501
696,maharashtra,2022,1,1123203255047.8486,297648954466.4065,64081898952.634384,367923036.0,597190812.0,104698822.0,47511322,3932588.0,1069812670.0,1484934108466.8894,1388.0318957775003,0.34391351525122615,0.5582199844389579,0.09786650030981592,30.265500557711288,119.16041144685896,27.81844878147659,108.3240576602408,5.749105731562243,28.426666548452182,8.99640188270614,36.34448253182831,111.95598032302914,147.18071999462487,43.50982993085106,22.517004894117658,31254.320990413387,70.6502374755442
697,maharashtra,2022,2,1298201018605.5713,368111002689.696,74682187917.03755,412391023.0,739763476.0,120605573.0,49858004,4180983.0,1272760072.0,1740994209212.305,1367.8887698578785,0.3240131679743643,0.5812277524054824,0.09475907962015326,18.970368148659155,138.68822811370936,17.243869561982315,109.95238540482646,4.939205859184459,26.447330181931417,6.316324008515517,38.282701130873306,97.79514382974497,222.4579180903286,26.522764338007043,25.527698060275338,34919.051496973385,88.76494092068738
698,maharashtra,2022,3,1406802921130.0376,421801358671.6442,87383032039.59189,478474346.0,868371330.0,135060465.0,52289467,4352350.0,1481906141.0,1915987311841.2737,1292.9208259764366,0.32287763223460453,0.5859826786425335,0.09113968912286192,16.43248194228393,101.73335333732885,10.051331687550103,84.1696417469399,4.876775652711651,23.996380283724818,4.098725108425461,32.2680814647512,78.44215413790756,139.59870483188013,29.841560098366603,28.340433093341723,36641.93616357332,62.692937387146806
699,maharashtra,2022,4,1574013274977.3828,484505085970.0005,92391456461.77216,521994075.0,998769959.0,138571543.0,54629272,4508736.0,1659335577.0,2150909817409.1555,1296.2476350310637,0.314580174278997,0.6019095672050429,0.08351025851596021,11.973054911579585,102.0486255141507,12.261172300881263,85.14353920655296,4.474715720471956,21.59199991880405,3.593139338518281,24.965036011660757,82.24555869340348,126.33385990850599,48.12508198124781,30.374477203357205,39372.84424015673,66.1693414443989
700,maharashtra,2023,1,1752668042222.812,511701055699.1843,98948468802.52708,572302736.0,1121600766.0,149306143.0,56723036,4522908.0,1843209645.0,2363317566724.523,1282.1751302872133,0.3104924811740555,0.6085041758774,0.08100334294854453,11.08118638259028,72.29274775741811,9.875251281860798,59.153025932208855,3.832677836160814,19.38846071258551,0.314323127368743,15.010980046727497,55.549579668069484,87.8127967581658,42.6053704787624,32.49490462746035,41664.15857438454,44.31273066849721
701,maharashtra,2023,2,1923656417567.82,564697638545.7037,116350531724.0044,620451894.0,1273343788.0,164636686.0,58661548,4608963.0,2058432368.0,2604704587837.5283,1265.3826418248045,0.3014196160366635,0.6185987977040983,0.07998158625923822,11.676518923597534,61.72980385575766,10.21390542311076,49.61018101352561,3.417503957298762,17.65723312950915,1.9026475886752436,10.236348724689858,50.45232786262663,72.1285017861574,36.5083568733594,35.089976964126485,44402.24775243791,37.45844565096681
702,maharashtra,2023,3,2006015545499.037,621678065509.837,125825849890.5264,688980001.0,1427891144.0,171877423.0,60617867,4734743.0,2288748568.0,2753519460899.4004,1203.0676935848553,0.3010291347127126,0.6238741834572717,0.07509668183001568,11.188912668711005,54.44625706561532,5.713310974179264,43.71282335128066,3.334925631352248,15.927490712422054,2.729030369738261,8.785897273886523,43.99518109169431,64.43324355261706,27.259611463650746,37.75699610149595,45424.222216519105,33.2266023498651
703,maharashtra,2023,4,2255149382244.2925,707567975451.0281,143069487454.0276,767862734.0,1627859322.0,172844886.0,62581750,4866495.0,2568566942.0,3105786845149.3477,1209.1516068220687,0.29894596922675803,0.6337616884271183,0.06729234234612368,12.225824099346848,54.79490572026708,12.793350083492205,44.39409872099491,3.2397758238507546,14.557173670555223,2.782664233306864,7.9347959161947035,47.10181030311502,62.986412169411274,24.733319885165738,41.04338632268992,49627.676521499445,35.12458518348922
704,maharashtra,2024,1,2472989757831.718,757130276482.2281,151882908461.6195,843776729.0,1798938438.0,188720337.0,64700862,5039829.0,2831435504.0,3382002942775.5654,1194.4481652496668,0.2980031605198096,0.6353450168505057,0.06665182262968473,10.2340553287398,53.614403639907174,8.89359480859464,43.10404113243678,3.386150115648734,14.064525742239887,3.5617831724886084,11.428952346587629,47.43538269577658,60.39026474773288,26.398240024189757,43.7619440680713,52271.373799866305,34.673249759562474
705,maharashtra,2024,2,2595981632615.5166,814330808881.2986,164714077046.21762,879434478.0,1975738521.0,201364193.0,66770730,5168187.0,3056537192.0,3575026518543.033,1169.632919206773,0.28772248553094,0.6463976705963799,0.06587984387268009,7.950090605348281,48.48858964308707,5.707374565707979,37.252667163729434,3.199135121260044,13.823675433863425,2.5468721260185623,12.133401808606404,41.74096114532935,55.161437124786914,22.308215679219877,45.77660289171617,53541.821671607206,30.45492431788981
706,maharashtra,2024,3,2659582852230.712,843101761553.8245,187694649487.6132,971225117.0,2100939879.0,213922255.0,69582864,5298716.0,3286087251.0,3690379263272.1494,1123.031429597348,0.2955567040115698,0.6393439122350315,0.0650993837533987,7.510134658292755,43.57572067741431,3.2266262678277258,34.02408501833274,4.211626861051232,14.789364000551197,2.5256245565417723,11.911375126379609,40.965647129139235,47.135857507636445,24.462102855707823,47.22552453431638,53035.74833125796,25.077546972666287
707,maharashtra,2024,4,2988788716004.467,958368639247.0728,205369563444.1978,1061944663.0,2354931274.0,218025062.0,72020866,5428259.0,3634900999.0,4152526918695.7373,1142.4044065679207,0.29215229336153925,0.6478666887070286,0.05998101793143225,10.614865685439456,41.51474659133101,12.52303957002554,33.70289481331277,3.5037390815071845,15.082857222752644,2.444799834525946,11.543503075622198,38.2987630442813,44.66429882323701,26.139145360655913,50.470109579076706,57657.27558310306,22.967703449886724
708,maharashtra,2025,1,3174687453169.4824,946495808391.404,214165571085.3976,1136127810.0,2530485146.0,237921594.0,74177131,5550838.0,3904534550.0,4335348832646.284,1110.3369113858357,0.29097650320446006,0.6480888089465107,0.06093468784902928,7.4179063219102614,37.89946987964308,4.4026665577394875,28.188795397331035,2.9939448381528733,14.646279364871528,2.2581641738170566,10.139411476063964,34.64791940238494,40.66546650775385,26.07098831113257,52.63798285754675,58445.895307629035,20.28255137767385
709,maharashtra,2025,2,3223140073917.948,1017970066958.3236,218737420724.20288,1133509660.0,2660636662.0,241776924.0,76247239,5653784.0,4035923246.0,4459847561600.475,1105.0377546254442,0.28085510821431514,0.6592386672955078,0.05990622449017704,3.365028387314428,32.04234048135868,2.8717119143143233,24.750055376317647,2.790763099209115,14.192609546128976,1.8546028545599835,9.39588679743979,28.890746082393193,34.66542428161728,20.069472331657302,52.93205759227557,58491.922069472894,15.631248822647482
710,maharashtra,2025,3,3213593268523.017,1047203747624.8318,239413499237.1983,1226322130.0,2829226611.0,250631747.0,78365134,5758748.0,4306180488.0,4500210515385.047,1045.0584985756516,0.28478186955177154,0.6570153338635443,0.05820279658468417,6.696292905665424,31.04279220491093,0.9050298968085624,21.944390924060308,2.777667792010141,12.62131147691765,1.856526531611391,8.681952382426239,26.265487633594642,34.6648059413603,17.160202429616312,54.950208953895235,57426.182865776085,16.357011374147312
711,maharashtra,2025,4,3535587711143.964,1160360949368.364,260596238663.79968,1311097640.0,3052486746.0,254520674.0,80321622,5890201.0,4618105060.0,4956544899176.128,1073.2854352118459,0.28390381400288023,0.6609825255902688,0.055113660406850944,7.243648353087795,27.048991465530705,10.140289709358985,19.362137710907934,2.496630708243286,11.525487627432863,2.28266630177254,8.509947664619544,23.461954815624896,29.621054325511498,16.739182030366774,57.49516686801967,61708.7251945202,13.919243186773933
712,maharashtra,2026,1,3718724043286.436,1186858032146.0198,273894014955.52945,1363409161.0,3200987799.0,265080469.0,82017557,6005973.0,4829477429.0,5179476090387.985,1072.4713318435483,0.28230987328215135,0.6628021035523924,0.05488802316545623,4.57703682037931,23.688940823945327,4.497713543337678,19.470803626808685,2.111430219872812,10.569869573413392,1.965501686614779,8.199392596217002,20.004910451052147,26.497000152713014,11.415052557188222,58.88345868433999,63150.82135874865,11.864960410233149
713,maharashtra,2026,2,3876458808788.096,1300349527402.3584,288368216966.1335,1389123843.0,3413003601.0,262324547.0,84075442,6113793.0,5064451991.0,5465176553156.589,1079.1249601869488,0.2742890732242307,0.6739137042004196,0.05179722257534971,4.865424167613397,25.48434849496639,5.516010843235741,22.5417792350584,2.509078635443873,10.266867499293975,1.7952128655922994,8.136303049426719,22.550684129149822,28.27770321838856,8.498587317621764,60.23699513824739,65003.24498034264,13.800592454274497
714,manipur,2018,1,137401129.8530382,14654416.729654564,461630.71471091616,30398.0,74310.0,200.0,35579,,104908.0,152517177.29740366,1453.8183674972706,0.28975864567049225,0.7083349220269188,0.001906432302588935,,,,,,,,,,,,2.948593271311729,4286.719056111854,
715,manipur,2018,2,272026547.87677455,23008463.7893066,1640846.4217567835,69535.0,113472.0,1923.0,54326,,184930.0,296675858.08783793,1604.260304373752,0.3760071378359379,0.6135943329908614,0.010398529173200671,76.27826285888588,,94.51963598128322,,52.69119424379549,,,,,,,3.404079078157788,5461.0289380377335,
716,manipur,2018,3,407113525.5256405,26876494.531989776,2241915.344581804,103214.0,113751.0,2817.0,71019,,219782.0,436231935.402212,1984.8392288823109,0.46961989607884175,0.5175628577408523,0.01281724618030594,18.84604985670253,,47.03991696993937,,30.727460147995433,,,,,,,3.094692969487039,6142.468007184162,
717,manipur,2018,4,640594072.7142899,45751669.32127426,3780020.1659896728,116349.0,164993.0,3952.0,93713,3.0,285294.0,690125762.2015538,2418.9985145202977,0.4078214052871774,0.5783262178664816,0.013852376846340967,29.807718557479678,,58.201568063843865,,31.954828989425366,,,,,,,3.0443374985327543,7364.247886649172,
718,manipur,2019,1,741924571.2290529,43600145.02876641,4929730.112626582,147093.0,170783.0,5044.0,112463,59.0,322920.0,790454446.3704458,2447.8336627351846,0.4555091044221479,0.5288709277839713,0.015619967793880838,13.188500283917648,207.81255957600945,14.53773930259259,418.27240732962474,20.007896449798857,216.09376317490657,1866.6666666666667,,383.89038752549516,129.8250571928408,2422.0,2.871344353253959,7028.573365199629,-2.6198566892681074
719,manipur,2019,2,925621030.1286484,54149546.91546019,6223436.87220786,161943.0,200970.0,4458.0,130880,165.0,367371.0,985994013.9163165,2683.919018965342,0.4408159598879607,0.5470491682794777,0.012134871832561634,13.76532887402453,98.65408532958418,24.737613716228136,232.3472358928476,16.37605256840027,140.91595184626144,179.66101694915255,,132.89422592938806,77.10977157360406,131.82527301092045,2.8069300122249388,7533.572844715132,-17.54216198338181
720,manipur,2019,3,1083926859.4994905,60238254.90901807,11335925.53453511,191342.0,204807.0,15944.0,150811,269.0,412093.0,1155501039.9430437,2803.9812371067787,0.4643175205596795,0.4969921838031706,0.03869029563714987,12.17352485634413,87.50079624355043,17.191486320840244,164.8822670164337,15.228453545232279,112.35303228713445,63.03030303030304,,85.38376576820974,80.04852704591607,465.99219027334044,2.732512880360186,7661.914846682561,-11.703264029674843
721,manipur,2019,4,1366640709.641903,69250664.37125665,20534642.706216108,250375.0,209319.0,52049.0,170399,358.0,511743.0,1456426016.7193756,2846.0106278334547,0.48925925708803053,0.409031486507876,0.10170925640409346,24.18143477321866,79.37390902016868,26.04281314979733,111.03776970638881,12.988442487616947,81.83069584796132,33.085501858736066,11833.333333333332,115.19308287995598,26.865382167728335,1217.0293522267207,3.0032042441563624,8547.151196423545,-1.351139760168385
722,manipur,2020,1,1510268855.3844562,87444294.00552452,29568483.283885308,267095.0,244184.0,95720.0,193166,441.0,606999.0,1627281632.673866,2680.8637784804687,0.4400254366152168,0.4022807286338198,0.15769383475096335,18.614030870964537,87.97194351542177,11.731156543011068,105.86659233127294,13.360993902546369,71.75960093541876,23.18435754189945,647.457627118644,81.58240025018186,42.97910213545846,1797.7002379064236,3.1423697752192417,8424.265308977077,9.438973129716821
723,manipur,2020,2,1959800411.7397385,145834472.24647805,48985715.92366863,343823.0,349701.0,185770.0,232085,523.0,879294.0,2154620599.9098854,2450.398387694998,0.39102166055949433,0.3977065691338733,0.21127177030663236,44.85921723100037,139.34768939301142,32.40612790359607,118.52268568567119,20.147955644368064,77.3265586797066,18.594104308390015,216.969696969697,112.3111218144656,74.00656814449917,4067.115298340063,3.788672253700153,9283.756381971629,34.97565800356479
724,manipur,2020,3,2547814776.4825683,195562439.18516403,50779042.57684711,444736.0,416199.0,182393.0,275979,557.0,1043328.0,2794156258.2445793,2678.1187299148296,0.4262667157403999,0.39891481873389767,0.17481846552570238,18.65519382595582,153.1778020980701,29.682054388667865,141.81339191025805,18.91289829157421,82.99659839136402,6.5009560229445595,107.0631970260223,132.4298899352991,103.21522213596216,1043.9601103863522,3.780461556857587,10124.52490314328,38.35109741035387
725,manipur,2020,4,3269509465.155344,304928432.85955065,69758716.12335724,539549.0,420543.0,226110.0,306249,638.0,1186202.0,3644196614.138252,3072.1551760477996,0.45485423224712146,0.35452899253246917,0.19061677522040935,13.694063611826767,131.796429066934,30.422076553002377,150.2150176050045,10.968225843270684,79.7246462713983,14.542190305206471,78.21229050279331,115.49635546679981,100.91009416249838,334.41756806086573,3.873325300654043,11899.456370921216,28.973089598909652
726,manipur,2021,1,3500131714.370366,281999284.6008305,98715920.55234031,553294.0,220308.0,377533.0,326912,714.0,1151135.0,3880846919.523537,3371.3221468581332,0.48065083591411956,0.19138328692985618,0.32796587715602427,-2.9562418542541713,89.64364026958857,6.493895100696867,138.486494384302,6.747124072241872,69.23889297288343,11.91222570532915,61.904761904761905,107.15251127875848,-9.777872424073653,294.4139155871291,3.5212381313625687,11871.228096623976,12.05677190288319
727,manipur,2021,2,3677779186.66175,321276180.86606777,129983823.81286731,635650.0,250250.0,550077.0,346378,988.0,1435977.0,4129039191.340685,2875.421536236782,0.44266029330553347,0.1742715934865252,0.3830681132079414,24.744447871014263,63.31022388416161,6.395312079138105,91.63648539856052,5.954507635082229,49.24618135596872,38.37535014005602,88.91013384321225,84.87710246260431,-28.438866345821147,196.1064757495828,4.14569343318571,11920.616180417592,9.42338517502741
728,manipur,2021,3,4777241545.953207,501734349.9886097,165191189.24782383,835511.0,336219.0,600525.0,367233,1154.0,1772255.0,5444167085.18964,3071.8869943600894,0.4714394937523099,0.18971254136678978,0.3388479648809003,23.418063102681998,69.86556480799902,31.850700196961256,94.84118216816988,6.020878924181106,33.06555933603643,16.80161943319838,107.18132854578096,87.86673442221901,-19.216768901414948,229.24783297604625,4.825968799100298,14824.830789143787,27.65554487245634
729,manipur,2021,4,4821768579.144505,552013355.9023898,171387851.3507508,855988.0,368527.0,558055.0,388184,1356.0,1782570.0,5545169786.397645,3110.77252865113,0.48019881407181764,0.20673914628878529,0.31306203963939705,0.5820268527948924,50.275416834569484,1.855246167641944,52.164396533498206,5.70509730879305,26.754373075503924,17.50433275563259,112.53918495297808,58.64879742155023,-12.368770851018807,146.8068639157932,4.592074892319107,14284.900424534873,18.556396271278764
730,manipur,2022,1,5993076595.49044,768193832.4402745,203567576.57831463,1104469.0,509928.0,642874.0,406492,1592.0,2257271.0,6964838004.509029,3085.5125523293523,0.48929393059140885,0.2259046432617085,0.2848014261468827,26.630146361713702,96.09090158843227,25.60188908180674,79.46696040677952,4.716320095624749,24.3429424432263,17.404129793510315,122.96918767507003,99.61702096896043,131.4614085734517,70.28286269014895,5.5530514745677655,17134.01002850986,57.70167388307168
731,manipur,2022,2,6188181022.41522,823897971.5596023,196148931.0399133,1198080.0,645557.0,607690.0,426522,1799.0,2451327.0,7208227925.014736,2940.5411538382014,0.4887475232802478,0.26335001409440684,0.24790246262534538,8.596929655322727,70.70795702159576,3.4945524985381837,74.57397692256463,4.927526248979075,23.13772814670678,13.002512562814061,82.08502024291498,88.4810823566428,157.96483516483514,10.47362460164667,5.74724633195943,16900.01436037235,38.631725297232734
732,manipur,2022,3,6811189427.957539,1070078981.201436,218921571.8720165,1481055.0,837582.0,657815.0,448114,1996.0,2976452.0,8100189981.030992,2721.424696595474,0.4975907557051147,0.2814028245709993,0.22100641972388602,21.422070576467366,67.94716335967455,12.374221033173448,48.78657936614068,5.062341450147945,22.02443680170354,10.950528071150645,72.96360485268632,77.2633753475418,149.1179855986723,9.539985845718334,6.642175874888979,18076.181465053516,37.63404098524787
733,manipur,2022,4,7091823227.381321,1094634558.0441704,217186102.08884835,1609813.0,928790.0,678547.0,467306,2742.0,3217150.0,8403643887.514339,2612.1392808897126,0.5003848126447321,0.2886996254448813,0.21091556191038652,8.086742201789242,80.478185989891,3.7462566581027756,51.54890131819876,4.282838741927275,20.38260206500011,37.37474949899799,102.212389380531,88.06490277901091,152.02766690093262,21.591420200517874,6.884461145373695,17983.171385589612,49.92048925179613
734,manipur,2023,1,7333054050.295577,1197938537.4966438,220547108.6458903,1714135.0,1073657.0,647485.0,486209,5900.0,3435277.0,8751539696.438112,2547.5499345287476,0.4989801404661109,0.3125386977527576,0.18848116178113147,6.780131482834184,52.18717646219706,4.139820934590732,25.653169402825647,4.045101068678769,19.610964053413117,115.17140773158276,270.6030150753769,55.19991959937309,110.55070519759651,0.7172478588339137,7.065432766567464,17999.54278188621,27.23513907490689
735,manipur,2023,2,3785941001.004068,637437822.9298607,129197426.8177639,815435.0,585926.0,298692.0,496881,6848.0,1700053.0,4552576250.751693,2677.9025423040885,0.479652693180742,0.34465160792045896,0.17569569889879905,-50.51190922886277,-30.64764513261593,-47.97971090041908,-36.84194925422831,2.194940858766503,16.49598379450532,16.06779661016948,280.6559199555308,-31.938184428418804,-9.237139400548678,-50.84796524543764,3.4214489988548564,9162.306972397198,-40.468029361665295
736,manipur,2023,3,3063959150.203924,467508837.7556065,139360700.61969483,450302.0,250465.0,203970.0,506910,6862.0,904737.0,3670828688.5792255,4057.3433921451488,0.49771591081165023,0.2768373571546206,0.22544673203372914,-46.78183562512462,-69.60350780056255,-19.368100908290742,-54.682190205716594,2.018390721319596,13.120768375904346,0.20443925233644133,243.7875751503006,-69.59586240889095,-70.09665919277157,-68.99280192759363,1.7848079540746877,7241.578758713037,-73.1291674943112
737,manipur,2023,4,5715195396.968554,959087428.4335144,232761837.35794407,1100791.0,688632.0,414045.0,528770,7555.0,2203468.0,6907044662.760013,3134.6244478068265,0.4995720382596888,0.31252189730007424,0.18790606444023694,143.5479039765147,-31.508695584601277,88.16036510364495,-17.808931991726705,4.312402596121601,13.152837755132607,10.099096473331382,175.52881108679793,-31.6199459191844,-25.857082871262616,-38.980645408497864,4.167157743442329,13062.47454046185,-39.470095691619576
738,manipur,2024,1,7549948130.019974,1535761046.1072989,295934191.50958014,1933165.0,1380355.0,660502.0,564185,10474.0,3974022.0,9381643367.636854,2360.7426852787567,0.48645050279037205,0.34734457937072316,0.16620491783890476,80.35306162830594,15.682723693023881,35.82717103624471,7.199917877938611,6.6976190025909155,16.03754763897829,38.63666446062211,77.52542372881356,12.777873388035355,28.56573374923277,2.01039406318293,7.043827822434131,16628.665008174365,-0.3057837339499492
739,manipur,2024,2,8896322165.142174,1804008260.52135,339787305.4589089,2523049.0,2012748.0,732578.0,603425,12042.0,5268375.0,11040117731.122433,2095.5451597736364,0.47890459581939404,0.38204341946045983,0.13905198472014615,32.570353158588446,209.89475034013645,17.677866216985947,142.50264296615697,6.955165415599485,21.442558681052404,14.97040290242506,75.84696261682242,209.41141844536966,243.51573406880732,145.2620090260201,8.730786758917844,18295.757933666046,155.17804771720986
740,manipur,2024,3,9406496945.20272,1963384287.6428576,401879628.2365012,2962849.0,2087985.0,755221.0,644220,14222.0,5806055.0,11771760861.082079,2027.497304293893,0.5103032954389857,0.35962198084585834,0.130074723715156,10.205803497283327,541.7395331460966,6.627131592058322,220.68401605628387,6.76057505075196,27.087648695034616,18.103305098820787,107.25735937044591,557.9693183685616,733.643423232787,270.2608226700005,9.012534537890783,18272.889480429167,404.95822350608154
741,manipur,2024,4,9741671649.093046,2003932951.1717005,393796738.0994561,3014393.0,2123143.0,660774.0,668293,16334.0,5798310.0,12139401338.364204,2093.610265467732,0.5198744116820246,0.3661658310783659,0.11395975723960947,-0.13339522274591342,163.14473366529486,3.123071234801933,75.75391402657262,3.7367669429697825,26.386330540688775,14.850232034875543,116.20119126406352,173.83881227226604,208.31314838694686,59.58989964858892,8.676299168179227,18164.789004769173,108.20664112926215
742,manipur,2025,1,11520773756.149471,2306281181.0567245,488083128.9625295,4012837.0,2888122.0,874183.0,694042,18944.0,7775142.0,14315138066.168726,1841.141687980583,0.5161110883891252,0.371455852510475,0.1124330591003997,34.09324441087145,95.64919368840938,17.922932664962076,52.58667916913764,3.85295072670222,23.016740962627512,15.97893963511694,80.86690853542105,107.57860813743267,109.23037914159761,32.351302494163534,11.202696666772328,20625.751850995654,59.042738539015275
743,manipur,2025,2,11865797207.446793,2498451524.0405755,505502372.73264,4212499.0,3542824.0,845312.0,719620,21382.0,8600635.0,14869751104.220007,1728.9131679486466,0.48978930044118835,0.41192586361355876,0.09828483594525288,10.617079405109253,63.25024319643153,3.8743114840227078,34.688338171446475,3.685367744315182,19.255914156688902,12.869510135135132,77.56186679953497,66.960649594994,76.01925327959587,15.388668510383873,11.951634195825575,20663.337739668168,36.8906895317066
744,manipur,2025,3,12731317172.199629,2932866171.996412,560490107.6178644,4683706.0,4269941.0,850824.0,749966,25620.0,9804471.0,16224673451.813906,1654.8239524410758,0.4777112401066819,0.4355095751723882,0.08677918472092987,13.997059519442455,68.86631284064653,9.111936965840496,37.8270731395278,4.2169478335788435,16.41457887057216,19.82040969039378,80.14343974124596,58.08115769652791,104.50055915152645,12.658943541029721,13.073220652669587,21633.878671584986,45.055983948874065
745,manipur,2025,4,12940333873.727991,2950414677.168601,572000926.3118182,4810704.0,4174837.0,829488.0,783532,29734.0,9815029.0,16462749477.20841,1677.3001360676988,0.4901365039267841,0.42535146865078033,0.08451202742243553,0.10768556508555793,69.2739608610095,1.4673702130374,35.61417913732787,4.475669563686879,17.243783789445644,16.057767369242782,82.03746785845476,59.59113493164296,96.6347532879321,25.53278428025316,12.52664728434831,21010.947194509492,44.37777030891734
746,manipur,2026,1,13362258518.10936,3026031356.950936,615246125.609421,4986200.0,4367144.0,881023.0,814173,32712.0,10234367.0,17003536000.669716,1661.4155033398465,0.4872016022094967,0.42671364042348686,0.08608475736701644,4.272407142149048,31.62932586954681,3.2849101191146035,18.7801048238196,3.910625220156927,17.308894850743894,10.015470505145618,72.67736486486487,24.256230691652814,51.2105098053337,0.7824448656631455,12.570260865933898,20884.426283688743,12.207455399714817
747,manipur,2026,2,13303508278.268915,3030830762.162404,644820199.395371,5042151.0,4552091.0,865449.0,854036,34456.0,10459691.0,16979159239.82669,1623.2945351661622,0.4820554450413497,0.4352032005534389,0.0827413544052114,2.201640804946714,21.615334216601447,-0.1433628913542706,14.185900764727922,4.896133868354768,18.67874711653372,5.3313768647591075,61.1448882237396,19.695007642731778,28.487641497291417,2.3821973425196763,12.24736545063674,19881.081406201483,2.4744001528632653
748,meghalaya,2018,1,63861319.20273472,10993533.283211894,1237983.7186157024,14088.0,42995.0,655.0,22306,,57738.0,76092836.20456232,1317.898718427419,0.2439987529876338,0.7446568984031314,0.01134434860923482,,,,,,,,,,,,2.58845153770286,3411.3169642500816,
749,meghalaya,2018,2,112617695.90783414,16026677.817567503,2672100.735933321,21522.0,56085.0,2068.0,31651,,79675.0,131316474.46133496,1648.1515464240347,0.2701223721368058,0.7039221838719799,0.025955443991214307,37.99404205202812,,72.57403063320378,,41.89455751815654,,,,,,,2.5172980316577673,4148.888643686928,
750,meghalaya,2018,3,206920213.28400832,22224939.112731066,4022678.418205326,38720.0,81832.0,3332.0,42882,,123884.0,233167830.8149447,1882.1464500253844,0.3125504504213619,0.6605534209421717,0.02689612863646637,55.48666457483527,,77.56175055065084,,35.48387096774193,,,,,,,2.8889510750431415,5437.429010189467,
751,meghalaya,2018,4,327152291.80434555,35885685.9431431,5040572.247114645,59703.0,118819.0,3834.0,56903,3.0,182356.0,368078549.9946033,2018.4614161014897,0.32739805654872883,0.6515771348351576,0.021024808616113538,47.198992605986234,,57.85991948723468,,32.69670257917075,,,,,,,3.2046816512310423,6468.52626389827,
752,meghalaya,2019,1,399716091.1732652,39956165.14175424,6706584.6984185465,92541.0,135938.0,5319.0,69850,28.0,233798.0,446378841.01343805,1909.2500406908443,0.3958160463305931,0.581433545197136,0.022750408472270934,28.2096558380311,304.9291627697531,21.272712310995257,486.62400204590404,22.752754687802046,213.1444454406886,833.3333333333334,,556.8781942078364,216.17164786603092,712.06106870229,3.3471438797423048,6390.534588596107,29.310664348491212
753,meghalaya,2019,2,530975268.7597257,49833752.21268352,8795751.252607068,107691.0,167684.0,4909.0,83645,90.0,280284.0,589604772.2250164,2103.5976802993264,0.3842210044098129,0.5982646173167216,0.017514378273465483,19.882975902274612,251.78412299968622,32.086182867988256,348.9952800237723,19.749463135289915,164.27285077880634,221.42857142857144,,400.37635907443547,198.98190246946598,137.3791102514507,3.350875724789288,7048.89440163807,33.11398502077911
754,meghalaya,2019,3,651331351.4229603,56544965.817955874,17072336.002650116,132605.0,175853.0,17725.0,98774,145.0,326183.0,724948653.2435663,2222.5212633508377,0.4065355950494048,0.5391237434201047,0.05434066153049055,16.37589016854333,163.29711665751833,22.95501790255141,210.91280933128672,18.08715404387591,130.33907000606314,61.111111111111114,,242.4715909090909,114.8951510411575,431.96278511404563,3.302316399052382,7339.468415206089,14.308491672987845
755,meghalaya,2019,4,762278822.1134363,54204057.54228297,25234817.08335846,159506.0,163554.0,50155.0,112925,199.0,373215.0,841717696.7390777,2255.3158279787194,0.42738367964846,0.4382299746794743,0.1343863456720657,14.418899820039677,104.66285726820068,16.10721572804683,128.67882324341338,14.326644663575427,98.45175122577017,37.24137931034483,6533.333333333333,167.16580406344738,37.64970248865922,1208.1637976004172,3.3049811822005757,7453.776371388777,3.1297814224699794
756,meghalaya,2020,1,881322605.5184281,69139595.12751654,34824697.94698556,165934.0,189179.0,85118.0,129019,251.0,440231.0,985286898.5929302,2238.113396359934,0.3769248417308186,0.4297266662275033,0.19334849204167812,17.956405825060617,88.29545162918417,17.056692809246865,120.72885362486718,14.25193712641133,84.70866141732283,26.13065326633166,796.4285714285713,79.30863076906451,39.16564904588857,1500.2632073698062,3.412140847472078,7636.758140994196,1.941863572795599
757,meghalaya,2020,2,942440981.2658414,111484551.24998271,49880083.12076083,176495.0,289723.0,162392.0,152632,295.0,628610.0,1103805615.636585,1755.9466372418271,0.28077027091519385,0.46089467237237713,0.258335056712429,42.79094384539026,124.27609139301565,12.028853444911247,87.21110608910226,18.301955525930282,82.47593998445812,17.529880478087655,227.77777777777777,63.890204381053195,72.77915603158323,3208.046445304543,4.118467949053934,7231.809945729499,22.90721254107131
758,meghalaya,2020,3,1308122956.2268877,152812087.3557801,53022511.78689799,238589.0,315322.0,138148.0,176427,308.0,692059.0,1513957555.3695657,2187.6134193321172,0.3447523982781815,0.4556287830950829,0.19961881862673558,10.093539714608424,112.1689358427631,37.15798632682608,108.83652222758325,15.58978457990461,78.6168424889141,4.406779661016946,112.41379310344826,79.92458806229025,79.3099918682081,679.3963328631876,3.922636557896467,8581.212373217057,18.78439506953633
759,meghalaya,2020,4,1769042212.128305,185899480.69333392,71659615.95533201,319172.0,321204.0,195985.0,197575,383.0,836361.0,2026601308.7769709,2423.1178985832325,0.38161989858446294,0.38404947146029045,0.2343306299552466,20.8511124051562,124.0962983802902,33.86117078310467,140.76971609701025,11.986827413037693,74.9612574717733,24.350649350649345,92.46231155778895,100.10030970621796,96.39018305880627,290.7586481906091,4.233131722130836,10257.377242955692,28.083383497883176
760,meghalaya,2021,1,2048051414.7235289,202138262.00609952,117518851.94823784,374973.0,170026.0,350046.0,213559,720.0,895045.0,2367708528.6778665,2645.3513830900865,0.4189431816277394,0.18996363311341888,0.39109318525884174,7.016587334894853,103.31257907780231,16.831491148436584,140.3065068721757,8.09009236998608,65.52523271766174,87.98955613577024,186.85258964143426,125.9771957525281,-10.124273835890873,311.2479146596489,4.191090050056425,11086.905860571864,22.82875289750832
761,meghalaya,2021,2,2156305089.4476595,221568389.4180492,156642370.9835583,422974.0,193215.0,510243.0,230094,1115.0,1126432.0,2534515849.849267,2250.038928092656,0.3754989204852135,0.17152833016107497,0.45297274935371157,25.851996268344045,79.19409490781248,7.045095253533851,129.61614019218092,7.742591040415059,50.750825514964106,54.861111111111114,277.96610169491527,139.6521147907873,-33.3104379010296,214.2045174639145,4.895529653098299,11015.13229310311,18.867737072540926
762,meghalaya,2021,3,2691017154.531189,332389539.7072395,180708084.260888,544751.0,261011.0,548454.0,247942,1444.0,1354216.0,3204114778.4993167,2366.0293324693525,0.40226300678769117,0.1927395629648446,0.4049974302474642,20.221726655492734,95.67927012003312,26.41920462599878,111.63834924798626,7.756829817378974,40.53517885584406,29.50672645739911,368.83116883116884,128.3219259898822,-17.223980565897712,297.00466166719747,5.461825749570464,12922.839932320127,39.23863883273944
763,meghalaya,2021,4,3293297260.348463,463790234.5144209,194963340.2264163,686100.0,348960.0,523584.0,267949,2117.0,1558644.0,3952050835.0893,2535.569915316968,0.44019031927752583,0.2238869170894701,0.33592276363300405,15.0956715915334,86.36019613540087,23.342985763459055,95.00879714097859,8.069225867339934,35.618878906744264,46.60664819944598,452.7415143603133,114.96246537916859,8.641237344491358,167.1551394239355,5.816942776423872,14749.265103020725,37.41464141105892
764,meghalaya,2022,1,4496098215.468949,633464796.1195548,236551443.99498063,932731.0,522433.0,556173.0,287587,3093.0,2011337.0,5366114455.583485,2667.934043665226,0.4637368079043939,0.25974414034048,0.2765190517551261,29.04402801409429,124.71909233613951,35.780501807797016,126.63745940806047,7.329006639323166,34.66395703295109,46.10297590930561,329.5833333333333,148.74617639136684,207.26653570630376,58.88568930940505,6.993838386297016,18659.099526694477,66.87397079914467
765,meghalaya,2022,2,5009572739.755018,834803630.0664686,257245439.8966221,1141224.0,740673.0,614032.0,307758,3790.0,2495929.0,6101621809.718108,2444.629558660566,0.4572341601063171,0.29675243165971465,0.2460134082339682,24.093028667001114,121.57831098548337,13.706516329880403,140.7411186669432,7.013877539666247,33.75316175128427,22.53475590042031,239.9103139013453,169.80949183637765,283.3413554848226,20.341092381473146,8.110037756938894,19826.038022466055,65.66211077500444
766,meghalaya,2022,3,5821645483.777059,1081784741.4960868,303770860.91312903,1472843.0,1033414.0,718391.0,330639,4307.0,3224648.0,7207201086.186275,2235.0349824806535,0.4567453563923876,0.32047342841761334,0.22278121518999902,29.19630326022895,138.11917744288945,18.119433012175556,124.9357961377978,7.4347376835045775,33.353364899855606,13.64116094986807,198.26869806094183,170.36994883901087,295.92737470834567,30.984731627447324,9.752775685868878,21797.79483420369,78.56255642421162
767,meghalaya,2022,4,6737687410.397097,1224135113.7653086,318504460.1314995,1725693.0,1152974.0,747069.0,352648,5034.0,3625736.0,8280326984.293904,2283.764450664335,0.47595660577604104,0.3179972287006004,0.20604616552335855,12.438194804518199,132.62117584259138,14.889634481885672,109.51974885481962,6.65650452608435,31.610119836237494,16.87949849082888,137.7893245158243,151.5220813292523,230.40291150848233,42.683695452878624,10.281459132052358,23480.430866739367,76.7502196123231
768,meghalaya,2023,1,7880656870.175055,1428258915.0697465,363523677.74602914,2010002.0,1323801.0,837947.0,373661,6230.0,4171750.0,9672439462.99083,2318.556831783024,0.4818126685443759,0.31732510337388387,0.20086222808174028,15.05939759541235,107.41178628941843,16.812288709582113,80.2503383603117,5.958632971121336,29.92972561346654,23.758442590385375,101.42256708697057,115.49642930276791,153.39153537391397,50.66301312721042,11.164531487096593,25885.60075306449,59.633821521686706
769,meghalaya,2023,2,8560145655.490799,1710074134.2143784,410329181.7267857,2376705.0,1830555.0,896548.0,394558,6637.0,5103808.0,10680548971.431963,2092.66276698339,0.46567288581388644,0.3586645500771189,0.1756625641089947,22.342134595793127,104.48530386882,10.42249488661482,75.04442760482068,5.592502294860857,28.203978450600786,6.532905296950231,75.11873350923483,108.25929002544635,147.14752664131137,46.0099799358991,12.935507580634534,27069.655086025283,59.49996742699501
770,meghalaya,2023,3,8713516257.079037,1897064703.2270484,424144831.7225916,2778556.0,2204934.0,944086.0,419409,7310.0,5927576.0,11034725792.028677,1861.5916172190246,0.46875080133936703,0.3719790349377216,0.15927016372291136,16.140262329617407,83.82086975074489,3.316091911979968,53.106950396853094,6.298440280009521,26.84801248491557,10.140123549796588,69.72370559554216,88.65255835143324,113.36405351582232,31.41673545464796,14.133163570643452,26310.17882789515,44.91426877705662
771,meghalaya,2023,4,10657081851.146084,2366382517.863888,485608726.111284,3410871.0,2726364.0,982808.0,450369,7883.0,7120043.0,13509073095.121256,1897.330268247152,0.47905202257907714,0.382913979592539,0.1380339978283839,20.117278968671172,96.37510839178583,22.423278563750195,63.146613904803736,7.381815840861794,27.710634967446303,7.838577291381665,56.59515295987288,97.65224753186111,136.46361496443112,31.55518432701665,15.809354107409701,29995.566069425862,53.76566598532868
772,meghalaya,2024,1,11758239546.41294,2677677229.6181,519945918.8595226,3903641.0,3259975.0,1088583.0,488538,8557.0,8252199.0,14955862694.890562,1812.3487684786276,0.4730425187274325,0.39504318788240567,0.13191429339016184,15.90097138458293,97.81144603583627,10.709762169336457,54.62348202969303,8.475050458623933,30.74364196424031,8.55004439934035,37.35152487961477,94.21080178029672,146.25868993904675,29.910722277184586,16.891621531999558,30613.509481126468,51.2971820763106
773,meghalaya,2024,2,12290917516.674932,3219873152.399589,569130635.507214,4455087.0,5343544.0,1191791.0,536952,9226.0,10990422.0,16079921304.581736,1463.0849756798907,0.40536086785384584,0.4862000749379778,0.10843905720817636,33.18173737691008,115.3376851166815,7.515839324168105,50.55332218963524,9.909976296623801,36.0894976150528,7.81816057029332,39.00858821756819,87.44804256312837,191.9084102908681,32.9310867906682,20.468164752156618,29946.66432862106,58.2324050646382
774,meghalaya,2024,3,12137273648.87331,3420627762.409601,629253067.669606,5065670.0,5773240.0,1257525.0,582628,10529.0,12096435.0,16187154478.952517,1338.175626037962,0.41877379575056617,0.47726788925828145,0.10395831499115235,10.063426135957299,104.07051718948858,0.6668762386307536,46.69285656962929,8.50653317242509,38.916427639845594,14.123130283980046,44.03556771545827,82.3130431778233,161.8327804823183,33.200259298411375,20.761849756620006,27783.001295771086,46.90164486417787
775,meghalaya,2024,4,14849873782.76328,4001630000.242719,685510961.83055,6057301.0,6601880.0,1333935.0,611334,11765.0,13993116.0,19537014744.83655,1396.1875785805357,0.4328772090505074,0.47179484540827077,0.09532794554122184,15.679669257925987,96.53134117308,20.6945591965513,44.6214304065929,4.926986001359368,35.740692632041714,11.73900655332889,49.245211214004826,77.58809993107332,142.14961758591298,35.72691715981149,22.889477765018796,31958.004535714605,44.78439542505222
776,meghalaya,2025,1,16897913341.315205,4206551917.950933,778027208.7275578,6637505.0,7368816.0,1560086.0,640474,12654.0,15566407.0,21882492467.993694,1405.7510167885046,0.4263992968961945,0.47337937393002766,0.10022132917377786,11.243321358873892,88.63344182562733,12.005302518272543,46.31380960370481,4.766625118184176,31.100139600194865,7.556311092222701,47.87892953137782,70.0336941844806,126.03903404167211,43.31346346580831,24.30451040947798,34166.09022067046,43.88500454758246
777,meghalaya,2025,2,16571760376.625538,4574652916.930701,767315463.6818974,6819794.0,9006438.0,1478014.0,670920,13470.0,17304246.0,21913728757.238136,1266.3787117472866,0.39411101760804834,0.5204756104368835,0.08541337195506814,11.16403419234766,57.44842190773021,0.14274557292834889,36.280074648090135,4.753666815514768,24.94971617574755,6.448553816974867,46.00043355733796,53.07880631736259,68.54802730173084,24.016207539744805,25.791817206224287,32662.208247239814,26.00942741340182
778,meghalaya,2025,3,19699380796.48029,5065005986.955546,867373519.2851715,7936464.0,10342245.0,1597432.0,704327,14795.0,19876141.0,25631760302.72101,1289.5742841993829,0.3992960202888478,0.52033465651104,0.08036932320011213,14.862797257967774,64.31403963233795,16.966676856647677,58.34630067964643,4.979282179693545,20.88794222042194,9.836674090571652,40.51666824959634,56.6715557863027,79.14108888596351,27.029840361026626,28.220046938424908,36391.84683069229,35.92260453299361
779,meghalaya,2025,4,19516396255.299416,5472060502.481741,918717268.7317226,8577148.0,9681598.0,1578904.0,742750,16581.0,19837650.0,25907174026.512882,1305.9598302476797,0.4323671402610692,0.48804157750540006,0.07959128223353068,-0.19365429134358125,41.76720896189241,1.0745017920702038,32.60559182082772,5.4552785850890295,21.496595968815747,12.071645826292677,40.93497662558436,41.60016152408475,46.649106012226824,18.364388069883475,26.708381016492762,34880.07273848924,16.68409952677148
780,meghalaya,2026,1,17491107878.29819,5031817874.325317,918930192.5071406,9546670.0,8839945.0,1539820.0,778471,17977.0,19926435.0,23441855945.13065,1176.4199639890753,0.47909573388315574,0.44362902847398444,0.07727523764285985,0.4475580524911038,28.009212402065554,-9.515966808495879,7.126077979543455,4.809289801413663,21.546073689173962,8.419275073879739,42.0657499604868,43.82919485559709,19.964252058946784,-1.299030950857838,25.596888002250566,30112.690061840003,5.317439318870609
781,meghalaya,2026,2,17600789826.168114,5720028376.281585,1012892306.1801142,9973916.0,10836114.0,1590783.0,821275,21772.0,22400813.0,24333710508.629814,1086.2869355960345,0.4452479470276369,0.4837375322047463,0.07101452076761679,12.417564908123314,29.452696176418215,3.804539050093525,11.043222165430677,5.498470720168114,22.41027246169438,21.110307615286207,61.63325909428359,46.24952014679622,20.31520119274679,7.62976534728359,27.27565431798119,29629.18694545653,5.753131312511051
782,mizoram,2018,1,48488440.29264373,4283153.309403698,389141.8533801332,7725.0,14367.0,89.0,9312,,22181.0,53160735.455427565,2396.678934918514,0.348271042784365,0.647716514133718,0.004012443081916956,,,,,,,,,,,,2.381980240549828,5708.841865917909,
783,mizoram,2018,2,87181093.61134277,6705674.735994902,413408.56396257854,12760.0,18364.0,436.0,12467,,31560.0,94300176.91130026,2987.9650478865733,0.40430925221799746,0.5818757921419518,0.013814955640050697,42.283936702583304,,77.38689298300983,,33.88101374570447,,,,,,,2.5314831154247215,7563.983068204079,
784,mizoram,2018,3,120941485.51230544,8046159.739809571,726976.8776386558,20289.0,24604.0,721.0,16728,,45614.0,129714622.12975366,2843.745826495235,0.44479764984434605,0.5393957995352304,0.015806550620423555,44.53105196451204,,37.55501461228923,,34.1782305285955,,,,,,,2.726805356288857,7754.3413516112905,
785,mizoram,2018,4,199510520.21313795,13169595.907770034,1159555.4027683036,28968.0,36184.0,1082.0,22190,,66234.0,213839671.5236763,3228.5483516574013,0.43735845638191867,0.5463055228432527,0.01633602077482864,45.20541938878415,,64.85394476944339,,32.651841224294586,,,,,,,2.9848580441640378,9636.758518417138,
786,mizoram,2019,1,240599158.37244835,15014192.83305106,1348172.014540596,40318.0,43515.0,1386.0,27134,8.0,85219.0,256961523.22004,3015.3078916678205,0.4731104565883195,0.5106255647214824,0.016263978690198196,28.6635262855935,284.19818763806865,20.165505955516426,383.36713369115915,22.28030644434429,191.38745704467354,,,421.91585760517796,202.88160367508877,1457.3033707865168,3.14067221935579,9470.0937281654,31.85131286525007
787,mizoram,2019,2,303284651.5028503,16879044.637310557,1735694.3712748238,46960.0,52540.0,1458.0,32162,21.0,100958.0,321899390.5114357,3188.4485678345022,0.46514392123457277,0.5204144297628717,0.014441649002555517,18.468886046538913,219.89226869455004,25.2714361580852,241.35608336580074,18.53025724183681,157.97705943691346,162.5,,268.02507836990594,186.1032454802875,234.40366972477062,3.1390460792239288,10008.686975668046,24.000277153627113
788,mizoram,2019,3,332143019.0311679,19901394.27405142,4685875.009024959,52804.0,55585.0,5758.0,38565,48.0,114147.0,356730288.31424433,3125.1832138754794,0.4625964764733195,0.48695979745415996,0.05044372607252052,13.06384833297014,150.24553865041437,10.820429870174376,175.01162356037753,19.90858777439215,130.5416068866571,128.57142857142856,,160.25925378283802,125.91854982929607,698.6130374479889,2.959859976662777,9250.10471448838,8.54680074015639
789,mizoram,2019,4,432645059.039711,21678731.33149251,9167784.323894871,69162.0,57139.0,18015.0,44755,63.0,144316.0,463491574.69509834,3211.6437172253827,0.4792400011086782,0.3959297652373957,0.1248302336539261,26.42995435710094,117.88809372829662,29.927732485335756,116.74723468876103,16.05082328536238,101.6899504281208,31.25,,138.75310687655343,57.91233694450586,1564.9722735674675,3.224578259412356,10356.196507543254,8.031209916900961
790,mizoram,2020,1,470480151.8791255,27296492.817249823,14247150.17517097,73986.0,72242.0,33309.0,52556,82.0,179537.0,512023794.87154627,2851.912390602195,0.41209332895169243,0.402379453817319,0.1855272172309886,24.405471326810613,110.67719639986389,10.4710037519828,99.26088095029412,17.430454697799135,93.69057271320116,30.15873015873016,925.0,83.50612629594723,66.01631621280018,2303.246753246753,3.416108531851739,9742.442249629848,8.769979585849509
791,mizoram,2020,2,516948427.7296549,41003209.904276505,19734439.27351783,75529.0,94994.0,56635.0,62148,98.0,227158.0,577686076.9074492,2543.1024965330266,0.33249544369997974,0.41818469963637644,0.2493198566636438,26.52433760171997,125.00247627726382,12.824068469781945,79.46168707856766,18.251008448131522,93.23425160126857,19.512195121951216,366.6666666666667,60.83688245315162,80.80319756376096,3784.4307270233194,3.65511359979404,9295.32852074804,16.440265849735457
792,mizoram,2020,3,734086046.8385271,60278140.50306559,22757201.98312122,113045.0,109236.0,60332.0,75962,101.0,282613.0,817121389.324714,2891.308571526129,0.39999929231847087,0.386521497595652,0.21347921008587714,24.412523441833443,147.58688357994515,41.447305377177116,129.0585958333065,22.22758576301731,96.9713470763646,3.0612244897959107,110.41666666666666,114.08416029088704,96.52064405864891,947.7943730461966,3.720452331428872,10756.97571581467,25.696903257689165
793,mizoram,2020,4,984078179.4839346,83175760.19449408,28967500.597702947,155391.0,116071.0,81393.0,87194,116.0,352855.0,1096221440.2761316,3106.7193047459486,0.44038202661149767,0.32894815150699297,0.2306698218815094,24.85448298556683,144.50164915879046,34.15649799377687,136.51377934912108,14.78634053869039,94.82515920008939,14.851485148514843,84.12698412698411,124.67684566669557,103.13796181242232,351.8068276436303,4.04678074179416,12572.211852606046,25.49798504600851
794,mizoram,2021,1,1126181805.3477497,94306301.36778334,45156594.70930672,177585.0,67889.0,138912.0,94488,126.0,384386.0,1265644701.4248397,3292.639954173252,0.4619965347333149,0.17661673422028898,0.36138673104639607,8.935965198169216,114.09848666291626,15.455204115149535,147.1847429946801,8.365254489987839,79.78537179389605,8.62068965517242,53.65853658536586,140.0251398913308,-6.025580687134912,317.0404395208502,4.068093302853272,13394.766546279314,19.085598859709464
795,mizoram,2021,2,1145204685.484063,86202033.23183131,61992260.00667463,198301.0,74439.0,196749.0,101851,142.0,469489.0,1293398978.7225688,2754.907950394085,0.4223762431068673,0.1585532355390648,0.4190705213540679,22.139984286628554,106.67949180746442,2.1928964160703,123.8930502958588,7.792523918381167,63.88459805625282,12.698412698412698,44.89795918367348,162.54948430404218,-21.63820872897235,247.398251964333,4.609566916377846,12698.932545802876,26.11282222904339
796,mizoram,2021,3,1454512260.9384155,136833078.2016335,75404826.72308266,249407.0,93972.0,212555.0,109595,176.0,555934.0,1666750165.8631315,2998.107987392625,0.4486269952908079,0.16903445373011905,0.38233855097907304,18.41257196654236,96.71211161553077,28.865894691621353,103.97828127355328,7.603263590931841,44.27608541112662,23.943661971830977,74.25742574257426,120.62629926135608,-13.973415357574426,252.30889080421667,5.072621926182764,15208.268313911507,36.344225763392046
797,mizoram,2021,4,1538159040.6922216,156814934.58019108,67804964.34750739,266273.0,107464.0,191265.0,116803,211.0,565002.0,1762778939.6199203,3119.951680914263,0.4712779777770698,0.19020109663328624,0.3385209255896439,1.6311288750103348,60.122996698360524,5.7614377801522565,60.80500479683071,6.576942378758166,33.95761176227723,19.886363636363647,81.89655172413792,71.35677098416254,-7.415288917989848,134.98949541115329,4.83722164670428,15091.897807589876,19.532585414046277
798,mizoram,2022,1,1888784790.859404,196505652.84440064,78133773.31305079,333816.0,134652.0,208246.0,123574,253.0,676714.0,2163424217.0168557,3196.9550164720335,0.4932896319567794,0.19897918470727663,0.307731183335944,19.771965408972015,76.05063659966804,22.728049921184112,70.93456122253838,5.796940147085272,30.782744898823132,19.905213270142184,100.79365079365078,87.97533575470902,98.34141024319109,49.91217461414421,5.476184310615501,17507.114902947673,34.61304603743047
799,mizoram,2022,2,1937928992.6732783,216398497.45157996,72915540.12865853,367719.0,166864.0,201375.0,130454,289.0,735958.0,2227243030.253517,3026.318119041463,0.49964671897037605,0.2267303297199025,0.2736229513097215,8.75465854112667,56.75724031872951,2.949898255491523,72.20077229790792,5.567514202016599,28.08318033205368,14.229249011857714,103.52112676056339,85.43476835719437,124.1620655839009,2.3512190659164656,5.641513483680071,17073.014474477724,22.38706121470342
800,mizoram,2022,3,2068283032.7431428,268363777.4228049,84711348.73295793,441599.0,209057.0,222267.0,138370,349.0,872923.0,2421358158.8989058,2773.850796575306,0.5058853988267006,0.23949076837246813,0.25462383280083123,18.610437008633653,57.01917853558156,8.715489329572335,45.27421136598466,6.068039308875162,26.255759843058524,20.761245674740493,98.29545454545455,77.059585336418,122.46733069424933,4.569170332384553,6.308614584086146,17499.155589353948,24.365952674763758
801,mizoram,2022,4,2377109598.637416,315273309.38253266,85921984.22921452,527741.0,261186.0,229803.0,146161,988.0,1018730.0,2778304892.249163,2727.223986973156,0.5180381455341455,0.2563839290096493,0.22557792545620528,16.70330601897303,80.30555644050818,14.741591698791723,57.60937629809695,5.630555756305555,25.134628391394067,183.09455587392551,368.2464454976303,98.19546104937413,143.04511278195488,20.149007920947383,6.969916735654518,19008.52410868264,44.089257113188026
802,mizoram,2023,1,2600416854.607725,334936970.69513154,91869246.69282472,601454.0,276865.0,238353.0,153259,1784.0,1116672.0,3027223071.9956813,2710.9330868828815,0.538612949908299,0.24793762179046308,0.21344942830123798,9.614127393912032,65.01387587666281,8.959354332958313,39.927391409619936,4.856288613241566,24.022043471927756,80.56680161943319,605.1383399209486,80.17530615668511,105.6152155185218,14.457420550694856,7.286175689519049,19752.334753558887,33.052053697223194
803,mizoram,2023,2,2750916018.3824115,411689613.4282782,101246705.38631012,679572.0,358005.0,248570.0,160684,2544.0,1286147.0,3263852337.197,2537.6977415466504,0.5283781713909841,0.27835465152894656,0.19326717708006938,15.176793185465387,74.75820631068622,7.816710548698413,46.54226291710475,4.844739950019239,23.172919189906025,42.60089686098654,780.2768166089966,84.80742088388145,114.54897401476654,23.436374922408444,8.004200791615842,20312.242271769435,41.88038041157962
804,mizoram,2023,3,2651960620.5435658,412628975.4616865,102465804.83132756,734614.0,389679.0,246931.0,169046,3510.0,1371224.0,3167055400.83658,2309.655753426559,0.535735955613379,0.2841833281797868,0.1800807162068342,6.6148737274977165,57.08418726508524,-2.9657265819675427,30.7966518376106,5.204002887655279,22.169545421695446,37.97169811320755,905.7306590257881,66.35318467659575,86.39844635673523,11.09656404234547,8.111543603516203,18734.8733530316,28.578842397157246
805,mizoram,2023,4,2982371531.823569,520822126.46229553,118425713.83987688,819882.0,511251.0,245116.0,179480,4699.0,1576249.0,3621619372.125741,2297.618822994172,0.520147514764482,0.3243465975236146,0.15550588771190338,14.95196991884622,54.72686580350044,14.352889790595015,30.35356134703693,6.172284466949818,22.796094717469085,33.87464387464387,375.6072874493927,55.356889080060114,95.74211481472975,6.663533548300071,8.782310006685982,20178.400780731787,26.003083534128745
806,mizoram,2024,1,2992729023.4134765,585322500.8287079,123384907.30402876,860994.0,577796.0,250134.0,194379,6017.0,1688924.0,3701436431.5462136,2191.594430268155,0.5097884807131641,0.34210894036676603,0.1481025789200698,7.148299538968783,51.246203003209544,2.203905248430993,22.271677491743635,8.301203476710505,26.830398214786744,28.048520961906796,237.2757847533632,43.15209475703878,108.69232297329022,4.94266906646863,8.688819265455631,19042.367907779204,19.250751501288164
807,mizoram,2024,2,3050119794.6886435,693137906.4715497,127094153.85431544,960517.0,854085.0,257673.0,213479,7999.0,2072275.0,3870351855.0145087,1867.6825493790682,0.46350846292118564,0.4121484841538888,0.1243430529249255,22.69794259540394,61.122717698676745,4.563510047847386,18.582320986321687,9.826164349029476,32.85641383087301,32.940003323915576,214.42610062893084,41.34146197901032,138.56789709640927,3.662147483606226,9.707160891703634,18129.895001449833,21.275829335410855
808,mizoram,2024,3,3030377385.2993145,775202819.0671247,136717011.56319147,1088181.0,1032373.0,274563.0,246580,11489.0,2395117.0,3942297215.9296308,1645.9727086107405,0.45433312861125363,0.4310323879793764,0.11463448340936998,15.5791099154311,74.67000285875976,1.858884246451864,24.478315563670595,15.505506396413704,45.86562237497487,43.63045380672583,227.32193732193733,48.129629982548664,164.9290826552111,11.19017053346887,9.713346581231244,15987.903381984064,19.747202949395337
809,mizoram,2024,4,3438078721.196792,884850910.723885,147202609.92831182,1215748.0,1194828.0,276280.0,258269,13962.0,2686856.0,4470132241.8489895,1663.7036900559574,0.45247977561879016,0.44469372381698163,0.10282650056422823,12.180574059638838,70.45885516818726,13.38902160361064,23.429101253818587,4.740449347067899,43.898484510809,21.52493689616155,197.12704830815068,48.28328954654451,133.70673113597823,12.713980319522179,10.403323666409829,17308.047972652505,18.45771395555118
810,mizoram,2025,1,3825323943.442896,995290330.8115952,167965583.24225402,1412817.0,1464155.0,337939.0,270295,16138.0,3214911.0,4988579857.496745,1551.7007648102062,0.43945757751925324,0.4554262932939668,0.10511612918677998,19.653267610917744,90.35261503774001,11.598037543366036,34.7741599715343,4.656385396621343,39.05565930476029,15.585159719237929,168.20674754861224,64.09138739642786,153.40345035271966,35.10318469300455,11.89408239146118,18456.056743545923,36.88951315570343
811,mizoram,2025,2,3603066855.4076414,1009081782.3358778,166967572.54086813,1393032.0,1693554.0,312219.0,282032,17514.0,3398805.0,4779116210.284387,1406.1166234262885,0.40985934762365006,0.4982792481475107,0.09186140422883926,5.720033929399593,64.01322218334921,-4.198863267620756,23.48014829950056,4.34229268021975,32.11229207556716,8.526459288635513,118.95236904613076,45.029395627563076,98.28869491912397,21.168690549650137,12.051132495603335,16945.297733180585,24.146829645143832
812,mizoram,2025,3,3785730524.398025,1132357213.5234077,183868217.2445462,1589619.0,2025992.0,336226.0,295734,19563.0,3951837.0,5101955955.165978,1291.0340065053235,0.4022481190393227,0.512670942652746,0.08508093830793122,16.271365965390782,64.99557224135606,6.755218552477538,29.41581204355972,4.858313950190052,19.93430124097655,11.69921205892428,70.2759160936548,46.080385524099384,96.24612422060632,22.458597844574825,13.362809146056929,17251.841029999858,37.571629245448854
813,mizoram,2025,4,4231602723.570233,1186003064.8173327,191033326.58342803,1786077.0,1979390.0,337628.0,312483,21331.0,4103095.0,5608639114.970994,1366.9288951318442,0.43529993821737006,0.4824138851281776,0.08228617665445231,3.827536409016874,52.709895878305346,9.931155114970647,25.469198930255388,5.663535474446624,20.99129202498171,9.037468690896077,52.778971494055284,46.91177776973519,65.66317495070419,22.205009410742726,13.130618305635826,17948.621572920747,26.215608844622086
814,mizoram,2026,1,4468165029.453964,1189089396.2844963,190287749.36049807,1855867.0,1959194.0,336079.0,327659,22918.0,4151140.0,5847542175.098959,1408.6593502264338,0.44707405676512957,0.47196529146210436,0.08096065177276604,1.1709453473536469,29.12145934988557,4.25955486225289,17.218574065951486,4.85658419818038,21.222738119462072,7.439876236463361,42.01264097161979,31.359333869850104,33.810559674351424,-0.5503951896644099,12.669085848397266,17846.4262391662,6.5158742930220725
815,mizoram,2026,2,4658296203.56402,1222652962.4773166,197070347.223026,2067137.0,2231778.0,331711.0,349070,24387.0,4630626.0,6078019513.264363,1312.5697288583365,0.4464055183899542,0.4819603224272485,0.07163415918279732,11.550706552898715,36.242767678639986,3.9414395187582274,27.178734431793284,6.534537430682508,23.76964316105974,6.409808883846768,39.24289140116479,48.391207093591525,31.780740383831873,6.243053753935546,13.2656086171828,17412.03630579644,10.07769288091842
816,nagaland,2018,1,82485259.09994261,10178403.537566686,382149.54974328587,12854.0,39386.0,219.0,16047,,52459.0,93045812.18725258,1773.6863490964863,0.2450294515717036,0.7507958596237061,0.004174688804590251,,,,,,,,,,,,3.269084564092977,5798.330665373751,
817,nagaland,2018,2,171002581.8978169,16019195.634718137,1262476.8263557907,23666.0,58079.0,1114.0,23866,,82859.0,188284254.35889083,2272.3452414208573,0.28561773615418967,0.700937737602433,0.013444526243377304,57.95001810938065,,102.356505825295,,48.72561849566897,,,,,,,3.471842788904718,7889.225440328954,
818,nagaland,2018,3,266749464.32575735,20911457.546441738,1792017.565813507,38744.0,77504.0,1708.0,33223,1.0,117956.0,289452939.4380126,2453.906027993596,0.3284614602055004,0.6570585642103836,0.01447997558411611,42.357498883645704,,53.73188821529544,,39.20640241347524,,,,,,,3.550431929687265,8712.426314240514,
819,nagaland,2018,4,423053785.8213866,33071593.593479432,3453376.445598578,61529.0,109267.0,2530.0,44601,15.0,173326.0,459578755.86046463,2651.5280792291096,0.3549900188084881,0.630413209789645,0.014596771401867003,46.941232323917404,,58.77494861608932,,34.24735875748728,,1400.0,,,,,3.8861460505369836,10304.225372984118,
820,nagaland,2019,1,512898409.97227,35230243.153764315,4445066.061310744,85647.0,124651.0,3755.0,55915,32.0,214053.0,552573719.1873451,2581.480844404634,0.40012053089655364,0.582337084740695,0.01754238436275128,23.49734027208843,308.0386587620809,20.234826379815352,493.87274526155255,25.367144234434203,248.44519224777218,113.33333333333333,,566.3062081842228,216.48555324226885,1614.611872146119,3.828185638916212,9882.387895687118,17.102680088618637
821,nagaland,2019,2,678250200.2859279,40988027.58409222,5619375.060091958,108986.0,156958.0,3776.0,68483,75.0,269720.0,724857602.9301121,2687.4447683898566,0.4040708883286371,0.5819294082752484,0.013999703396114489,26.00617604051334,225.51684186388928,31.178443302757874,284.98046764359407,22.476973978360014,186.94795944020782,134.375,,360.51719766753996,170.24914340811654,238.95870736086175,3.938495685060526,10584.489624141936,13.441072206585304
822,nagaland,2019,3,826933054.3337904,48424141.852232,10506712.093741797,134567.0,167265.0,16442.0,82418,151.0,318274.0,885863908.2797642,2783.3373391472887,0.4228023652576082,0.525537744207821,0.05165989053457084,18.001631321370315,169.82434127979923,22.21212893385014,206.04764629432108,20.348115590730554,148.0751286759173,101.33333333333331,15000.0,247.32345653520548,115.81466763005781,862.6463700234192,3.8617049673614985,10748.427628427822,8.767187875691839
823,nagaland,2019,4,1060562850.890923,49991990.98490614,19336165.2667893,171822.0,163700.0,51480.0,95667,201.0,387002.0,1129891007.1426184,2919.599917164817,0.4439822016423688,0.4229952299988114,0.13302256835881984,21.593972489113145,123.27983106977602,27.546793201759854,145.8536198060624,16.075371884782452,114.4951906907917,33.11258278145694,1240.0,179.25368525410784,49.81650452561157,1934.7826086956522,4.045302978038404,11810.666239587512,4.095495265275195
824,nagaland,2020,1,1128741922.8568952,58830166.40398526,29068630.11243943,183413.0,184484.0,89888.0,110228,237.0,457785.0,1216640719.3733199,2657.6683800764986,0.40065314503533317,0.4029926712321286,0.1963541837325382,18.290086356142865,113.86525766982945,7.677706228504544,120.1770871699435,15.220504458172623,97.13493695788249,17.910447761194035,640.625,114.14994103704741,48.00041716472392,2293.821571238349,4.153073629204921,11037.492464467467,8.486735517368672
825,nagaland,2020,2,1361724630.978139,87576608.91943148,44870730.33083517,219693.0,239041.0,154857.0,132841,283.0,613591.0,1494171970.2284055,2435.1269334595936,0.35804469100752784,0.3895770961438483,0.25237821284862394,34.03475430606071,127.49184339314846,22.811274227122635,106.1331721138707,20.514751242878404,93.97660733320679,19.409282700421947,277.33333333333337,101.57910190299671,52.29615565947579,4001.085805084746,4.618988113609503,11247.822360780223,17.277978267951788
826,nagaland,2020,3,1903330706.505572,122170532.4786782,46478847.12253803,326189.0,292460.0,148565.0,175583,304.0,767214.0,2071980086.1067884,2700.6546884008744,0.4251603854987005,0.3811974234046824,0.19364219109661712,25.036710121237114,141.05456304944798,38.67079073836841,133.89372416473228,32.17530732228755,113.0396272658885,7.420494699646651,101.32450331125828,142.39895368106593,74.84829462230591,803.5701252888944,4.369523245416698,11800.573438811209,13.150105519380606
827,nagaland,2020,4,2544928210.177186,163319014.09858343,58586947.51759419,396507.0,266738.0,188444.0,194444,348.0,851689.0,2766834171.7933636,3248.643779352984,0.4655537408608072,0.3131870905929277,0.22125916854626512,11.010617637321541,120.07353967162962,33.53575115638263,144.87620082846848,10.741928318800786,103.25085975310189,14.473684210526304,73.13432835820895,130.76614170478754,62.943188759926706,266.0528360528361,4.380124868856843,14229.465408001088,8.276806277209815
828,nagaland,2021,1,2666974270.307148,152486789.29349574,87322624.4049599,419883.0,127106.0,330764.0,208308,390.0,877753.0,2906783684.0056033,3311.61919583938,0.47836122462697367,0.14480839142674534,0.376830383946281,3.0602720006950968,91.73913518354686,5.058109865743399,138.91882276493757,7.130073440167872,88.97920673513082,12.06896551724137,64.55696202531647,128.9276114561127,-31.101884174237338,267.97347810608755,4.213726789177564,13954.258521063057,1.4604402759951673
829,nagaland,2021,2,2896219605.383726,182296535.774604,116956974.95370084,512516.0,130032.0,464803.0,222211,434.0,1107351.0,3195473116.112031,2885.6912723355385,0.462830665254287,0.11742618194231097,0.419743152803402,26.157472546376948,80.47054145187917,9.931576047262247,113.8624723112399,6.674251588993219,67.27591632101534,11.282051282051286,53.35689045936396,133.28736008885124,-45.6026372044963,200.1498156363613,4.98333115822349,14380.355230443276,7.887940727547615
830,nagaland,2021,3,3647808804.95488,308301964.7790236,135381184.59693465,649798.0,183947.0,482981.0,236840,553.0,1316726.0,4091491954.3308387,3107.3222176298173,0.4934952298352125,0.13970028692377914,0.3668044832410084,18.907735668275016,71.6243447069527,28.040255876381902,97.46772576461751,6.583382460814269,34.88777387332487,27.419354838709676,81.9078947368421,99.20904751539751,-37.103535526225805,225.0974321004274,5.559559196081743,17275.341810212965,27.234915203009933
831,nagaland,2021,4,3890645781.267926,366585708.3865669,139779578.0089162,692273.0,222754.0,454766.0,251384,924.0,1369793.0,4397011067.663409,3209.982141581545,0.5053851202334951,0.16261873144336408,0.3319961483231408,4.030223448158532,60.83253394138002,7.46718108559834,58.91848931493509,6.1408545853741,29.283495505132585,67.08860759493672,165.51724137931038,74.5928823450784,-16.48958903493316,141.3268663369489,5.4490063011170164,17491.21291595093,24.40298996633714
832,nagaland,2022,1,4616885060.43807,490976996.2794525,168211822.76599523,877525.0,323423.0,508927.0,266042,1826.0,1709875.0,5276073879.483518,3085.6488804640794,0.5132100299729513,0.18915008407047298,0.29763988595657576,24.82725492099902,94.80138489985224,19.992281081231077,81.50899595710497,5.8309200267320005,27.715690227931724,97.61904761904762,368.20512820512823,108.99274321656272,154.45140276619514,53.86408436226433,6.4270867005961465,19831.73288234007,52.52737118845303
833,nagaland,2022,2,5124751558.938251,615416044.9864085,169551198.50941712,1018561.0,441412.0,514039.0,281398,3123.0,1974012.0,5909718802.434076,2993.7603228521793,0.5159852118426839,0.22361160925060233,0.26040317890671383,15.447737407705242,78.26434436777498,12.009781087686111,84.94033865083802,5.77202095909668,26.635495092502183,71.02957283680176,619.5852534562212,98.73740527125008,239.4641319059924,10.592874830842325,7.015017875038202,21001.282178388177,40.769650908349206
834,nagaland,2022,3,5782023747.036064,807657649.1448228,189286764.4676716,1260750.0,562207.0,574188.0,297083,3410.0,2397145.0,6778968160.648559,2827.9341302460048,0.525938147254338,0.23453191192022177,0.23952994082544027,21.435178712186143,82.05344164237663,14.708810812732054,65.68450424234686,5.5739557495078085,25.43615943252828,9.18988152417548,516.6365280289331,94.02183447779156,205.63531886902206,18.884179708932656,8.068940329806821,22818.431753579163,45.13633266992887
835,nagaland,2022,4,6309843024.202513,939998071.3647512,191770603.22398105,1392790.0,603869.0,583848.0,311555,4561.0,2580507.0,7441611698.7912445,2883.7789235957293,0.5397350210636902,0.23401176590491712,0.22625321303139267,7.64918267355541,88.38663944114185,9.774991155575652,69.24250551740707,4.871365914576065,23.93589090793369,33.75366568914957,393.6147186147186,101.19085967530151,171.0923260637295,28.384267953189113,8.282669191635506,23885.386845954148,52.00329626958964
836,nagaland,2023,1,6829367465.074572,1013112657.0568292,208388237.92535448,1539803.0,680677.0,613668.0,325241,4886.0,2834148.0,8050868360.056755,2840.6661755337955,0.5433036665692829,0.24016988527063513,0.21652644816008196,9.829114976243037,65.75176547993273,8.187160065936695,52.59203233228542,4.392803838808557,22.251749723727833,7.125630344222755,167.57940854326398,75.47112617874134,110.46029503158401,20.5807512668811,8.713993623190188,24753.546939213553,35.5823256963675
837,nagaland,2023,2,6923813124.14897,1130915070.9166205,208737433.2055562,1655450.0,838501.0,597510.0,339039,4988.0,3091461.0,8263465628.271146,2672.9968866730474,0.5354911480364786,0.2712313045514726,0.19327754741204886,9.079024807455372,56.60801454094504,2.640675001831627,39.828406469485756,4.242392564283093,20.483798747681227,2.0875972165370404,59.718219660582776,62.52831200095037,89.95881398783902,16.238262077391006,9.118304973764081,24373.20080660675,29.98263348993142
838,nagaland,2023,3,7327696314.065245,1305773190.7932048,225208472.7717273,1932631.0,1024556.0,624443.0,353878,5053.0,3581630.0,8858677977.630177,2473.364914195541,0.5395953797572614,0.2860585822656165,0.17434603797712214,15.855577670234243,49.41232174107115,7.202938526454061,30.67885506608792,4.376782612029895,19.117553007072097,1.3031275060144454,48.181818181818194,53.292167360697995,82.23821475008315,8.75235985426377,10.121086928263413,25033.14130188985,25.432665437813707
839,nagaland,2023,4,8082772691.70899,1577850739.2436297,244731900.5290592,2151924.0,1196265.0,605199.0,370492,5764.0,3953388.0,9905355331.481678,2505.5358420376847,0.5443240076612769,0.3025923587565906,0.1530836335821326,10.379575779742733,53.20198705138177,11.815277138355839,33.107661786365775,4.694838334115148,18.91704514451702,14.0708490005937,26.375794781846086,54.50455560421887,98.10008462100224,3.65694495827682,10.670643360720339,26735.679397886266,28.830973612907272
840,nagaland,2024,1,8200900403.010618,1772091059.8318892,268743212.2585739,2296558.0,1475125.0,640783.0,391270,7149.0,4412466.0,10241734675.10108,2321.0908990802604,0.5204704126898655,0.3343085249835353,0.14522106232659923,11.612267756162552,55.689328856502904,3.3959341423149603,27.212795155290316,5.608218261123055,20.301560996307355,24.028452463566975,46.31600491199346,49.146221951769164,116.71438876295217,4.418512941851294,11.27729189562195,26175.61958519968,29.41588418896892
841,nagaland,2024,2,8906489767.694902,2051140113.025539,294420278.4214099,2698781.0,2514000.0,684389.0,423165,8484.0,5897170.0,11252050159.141851,1908.0423591556375,0.45764002055223096,0.4263061773698231,0.11605380207794586,33.64794198980796,90.75673281985443,9.86469105177048,36.16623660472547,8.151659979042613,24.813074602036945,18.673940411246328,70.08821170809945,63.024011598054905,199.82075155545434,14.540175059831629,13.935864260985667,26590.21932140383,52.83393460827484
842,nagaland,2024,3,9584925158.74841,2366986266.435226,350834911.6409408,3223455.0,3141143.0,763284.0,456203,9915.0,7127882.0,12302746336.824577,1726.0030871477077,0.45223181304067606,0.44068392265753,0.10708426430179399,20.869535726458622,99.01223744496221,9.33781988901885,38.87790444456067,7.807356468517002,28.915332402692464,16.86704384724187,96.22006728676034,66.79102218685304,206.5857795962349,22.2343752752453,15.624364592078527,26967.701520648872,54.37437404521306
843,nagaland,2024,4,10824961105.177263,2750081805.421515,377725923.0781062,3646828.0,3534185.0,771268.0,475258,11424.0,7952281.0,13952768833.676884,1754.5618463025746,0.4585889256176938,0.44442405895868115,0.09698701542362499,11.56583400230251,101.15103804635415,13.411822463684064,40.860861289160624,4.176868630850739,28.27753365794674,15.219364599092277,98.19569743233865,69.46825259628129,195.43495797335873,27.440395638459414,16.732555790749444,29358.30398157818,56.80924968726426
844,nagaland,2025,1,10689871548.450308,2752775249.0149026,412283262.8256578,3745885.0,3803438.0,868332.0,493342,12681.0,8417655.0,13854930060.290867,1645.9370288151351,0.445003388710989,0.45184056604838285,0.10315604524062819,5.852081937245424,90.76985522381362,-0.7012140353810592,35.27913483224585,3.805091129449689,26.087356556853326,11.003151260504197,77.38145195132186,63.10866087423004,157.83835268197612,35.51108565614256,17.06251444231385,28083.824325297395,51.299749977544074
845,nagaland,2025,2,10624388118.637705,2986105093.0699897,414303126.9440367,3898002.0,4724132.0,835279.0,512198,13867.0,9457413.0,14024796338.651731,1482.9421469329648,0.4121636646300632,0.499516305357501,0.08832003001243574,12.352109940357492,60.37205981852311,1.2260349032559459,24.64214201229038,3.822095017249705,21.039783535972955,9.352574718082174,63.44884488448845,44.43565446770228,87.91296738265713,22.04740286591398,18.46436924782994,27381.591374139945,32.4953293318313
846,nagaland,2025,3,11250970512.304928,3471235664.773766,473672427.2265897,4458684.0,5833318.0,888870.0,533473,15356.0,11180872.0,15195878604.305283,1359.0960172252471,0.3987778412989613,0.5217229926252621,0.07949916607577656,18.223366157320186,56.86107037125474,8.35008393259944,23.516149876397783,4.153667136537043,16.937635219408897,10.737722650897808,54.876449823499755,38.32003238760895,85.7068589363808,16.453377772886626,20.95864645445974,28484.812922688277,34.14079229235132
847,nagaland,2025,4,12239234944.06419,3682160697.9884105,510966292.4359516,4922948.0,5394902.0,854785.0,555336,16637.0,11172635.0,16432361934.488552,1470.7687071571345,0.44062551045478526,0.4828674703863502,0.07650701915886449,-0.07367046148100131,40.495978449453695,8.136965044146582,17.771333635420362,4.098239273590232,16.84937444503827,8.342016150039067,45.63200280112045,34.992601789829415,52.64911146417066,10.828531716601741,20.118693907832377,29589.945428512743,20.2368255001125
848,nagaland,2026,1,12026866900.139084,3467205124.354126,520323809.6582818,5009814.0,5145327.0,874824.0,575983,17757.0,11029965.0,16014395834.151491,1451.8990617061334,0.45420035331027797,0.46648624904974767,0.07931339763997437,-1.2769592848956401,31.033702379106764,-2.5435546149931487,15.586262539496998,3.7179293256695,16.751259775166115,6.7319829296147216,40.02838892831795,33.741799334469704,35.28094844716807,0.7476403034784029,19.14980997703057,27803.59113750144,12.233223548461126
849,nagaland,2026,2,12075582731.657003,3742442924.3336334,553278648.89936,5388614.0,6083226.0,886486.0,602471,19236.0,12358326.0,16371304304.889997,1324.7185990149474,0.4360310611647565,0.49223705540701873,0.07173188342822483,12.043202312971978,30.673430461374586,2.2286727169399834,16.731137547939934,4.5987468380143115,17.624629537795933,8.329109646899813,38.717819283190316,38.240411369722224,28.769179184662907,6.1305264468518805,20.51273173314566,27173.597243502172,11.093595767190688
850,odisha,2018,1,4807435386.038871,674713932.3801123,50023537.90059741,2693875.0,4336997.0,18114.0,1573698,12.0,7048986.0,5532172856.319581,784.8182499326259,0.38216489577366164,0.6152653729203037,0.002569731306034655,,,,,,,,,,,,4.479249512930689,3515.396763749831,
851,odisha,2018,2,8904859883.15007,893063866.2923915,117865103.93229684,4606791.0,4832463.0,108033.0,2160851,7.0,9547287.0,9915788853.374758,1038.597546441702,0.4825235692610896,0.506160860148019,0.011315570590891423,35.441991231079186,,79.23859414565526,,37.31039881857892,,-41.666666666666664,,,,,4.418299549575607,4588.835071633703,
852,odisha,2018,3,25228495728.41177,1042490428.6347708,168188668.00785664,27474197.0,6109834.0,189115.0,2740899,41.0,33773146.0,26439174825.054398,782.8460761415118,0.813492382379776,0.18090805043746888,0.005599567182755199,253.7460013509597,,166.63713009637192,,26.843498232872133,,485.71428571428567,,,,,12.321922843563371,9646.168948602046,
853,odisha,2018,4,24787407606.22042,1617441474.9189034,239957651.11520243,13840684.0,9660259.0,229303.0,3565892,448.0,23730246.0,26644806732.254528,1122.8205022507784,0.583250759389515,0.40708634036073627,0.009662900249748781,-29.736347333470203,,0.7777546332696783,,30.099357911400592,,992.6829268292684,,,,,6.654785394509985,7472.129479034847,
854,odisha,2019,1,36014216912.06064,1962617785.090381,366398363.35934585,25934247.0,10887807.0,371706.0,4265066,56750.0,37193760.0,38343233060.51036,1030.9049975186795,0.6972741395330829,0.2927320873178727,0.009993773149044356,56.73566974400519,427.64695517908535,43.90508982035308,593.0953543273623,19.607267971099507,171.02188602895856,12567.410714285714,472816.6666666667,862.7115957496171,151.0448358622337,1952.037098376946,8.720559072239444,8990.067928728502,94.68795044939895
855,odisha,2019,2,41313171764.2829,2948612870.766871,471191509.51479137,16396541.0,13345566.0,346179.0,4786497,149542.0,30088286.0,44732976144.56456,1486.723974392046,0.544947658367778,0.4435469006110883,0.011505441021133607,-19.10394109119379,215.15011542022356,16.66459130864211,351.1287685330256,12.225625582347387,121.50981256921463,163.5101321585903,2136214.285714286,255.921095617318,176.16488734626628,220.4381994390603,6.286076435439111,9345.660541428222,42.273659015331134
856,odisha,2019,3,51255271097.4825,4824234496.770006,908570409.4820487,18424210.0,21330371.0,1046265.0,5361369,205674.0,40800846.0,56988076003.73455,1396.7376069538986,0.4515644111889249,0.5227923705307483,0.025643218280326834,35.60375622592793,20.808544161091767,27.39612007831742,115.54407949877196,12.01028643703317,95.60622262987435,37.53594307953618,501543.90243902436,-32.93995089283228,249.11539331510482,453.2427359014356,7.610154421380062,10629.38887506802,-38.238905420874346
857,odisha,2019,4,73522526520.33868,5385364855.683814,1492485888.436336,43533987.0,19167186.0,2978391.0,6075390,251989.0,65679564.0,80400377264.45883,1224.1308006316672,0.6628239340931069,0.2918287642713341,0.045347301635558966,60.975985645003526,176.77574012507077,41.08280697033888,201.74877255585866,13.317885786260941,70.37504220542854,22.51864601262192,56147.544642857145,214.53638418448105,98.41275477189586,1198.8888065136523,10.810756840301611,13233.780426352683,62.45087105619045
858,odisha,2020,1,83584667637.47638,7100615104.351967,2157898882.16122,27380806.0,21880811.0,5159960.0,6631513,289381.0,54421577.0,92843181623.98956,1705.999471937198,0.5031240825674713,0.40206131843625187,0.09481459899627678,-17.140776086759647,46.319105677941685,15.476052206326019,142.13707142919208,9.15370042087833,55.48441688827324,14.838742961002271,409.92246696035244,5.5777944892712705,100.96619089592606,1288.1831339822331,8.20650988695943,14000.301533600184,-5.894681533852686
859,odisha,2020,2,80104239269.13107,8126182654.367682,2656533465.820876,24255361.0,18242091.0,7894700.0,7239140,304562.0,50392152.0,90886955389.31963,1803.5934521970728,0.48133211298457745,0.3620026189792411,0.1566652680361815,-7.404094519348458,67.4809658483039,-2.107021970221312,103.17663438175502,9.162720483244179,51.240876156404155,5.246025136411858,103.66318492463655,47.92974323059966,36.69027600627803,2180.525392932558,6.9610688562453555,12554.938209417089,10.737897124521577
860,odisha,2020,3,111371637720.38235,12560380821.49289,3571869929.4243064,35509492.0,25581574.0,7947529.0,7888711,355640.0,69038595.0,127503888471.29955,1846.849410410214,0.5143426224128692,0.3705401884264881,0.11511718916064267,37.00267255901275,69.20873405419094,40.28843625042684,123.73783677649328,8.973040996582471,47.13986297156565,16.77096945777872,72.91441796240652,92.73277931591097,19.93028156894223,659.6095635426972,8.751568538890574,16162.829196214634,14.998567102709615
861,odisha,2020,4,156954030873.23297,20944021091.22735,4857748376.547694,48735138.0,36795800.0,9342253.0,8592754,464756.0,94873191.0,182755800341.00803,1926.3165749427362,0.5136871384456754,0.38784191416097724,0.0984709473933474,37.4205123960011,44.44857003009337,43.33351126161568,127.30714277605215,8.924689977868372,41.435430482652144,30.681588122820823,84.43503486263289,11.947334389565567,91.97288532599413,213.6677823697426,11.041069138020244,21268.594485657104,2.1303993894308038
862,odisha,2021,1,187708288055.39023,25681109207.23903,7352734168.051901,56168577.0,39886914.0,19039161.0,9201367,548595.0,115094652.0,220742131430.68118,1917.9182316019444,0.48802073792273165,0.34655749252363177,0.1654217695536366,21.314199287341353,111.48716803998533,20.78529437577008,137.75804272270227,7.082863072770373,38.752152035289676,18.039358286929065,89.57533493905959,105.13850834047761,82.29175326271042,268.9788486732455,12.508429671373829,23990.145315438585,52.42082010100751
863,odisha,2021,2,219493148161.3064,29310137354.91032,10251731077.385502,70199957.0,39885033.0,28140708.0,9843480,597443.0,138225698.0,259055016593.6022,1874.1451144171629,0.507864731491535,0.2885500567340235,0.20358521177444153,20.09741165036929,174.30004973790366,17.356399032031767,185.0299203927833,6.978452223457676,35.97582033224942,8.904200730958166,96.1646561291297,189.4203759737899,118.64287926203198,256.45063143628005,14.04236083173837,26317.42194768539,101.7270784376712
864,odisha,2021,3,260454277901.22424,43301175565.71216,11494806875.724377,88531048.0,65021952.0,29812656.0,10591026,672683.0,183365656.0,315250260342.66077,1719.2437625433017,0.4828115031530223,0.3546026743415899,0.1625858225053878,32.65670468887776,165.5987654441693,21.692397425067433,147.24756564080943,7.594326396762119,34.25546961981494,12.593670023751224,89.14717129681699,149.31657146770783,154.17494638914712,275.1185557171292,17.313304301207456,29765.79042886504,97.83087139488076
865,odisha,2021,4,281923348261.47235,55823392363.745895,12214070706.48465,97365421.0,89306095.0,25597121.0,11358268,756259.0,212268637.0,349960811331.7029,1648.6694232257348,0.4586896226219232,0.4207220447738589,0.12058833260421793,15.762483351844248,123.739324842568,11.010474964021766,91.49094621276225,7.244265097640201,32.18425664228255,12.42427711120988,62.72172925147819,99.78484722870795,142.70730626865023,173.9930186005453,18.688468787670796,30811.10705714136,69.26321675965698
866,odisha,2022,1,373711384373.13306,73335535217.65193,14555576303.93759,121543612.0,119389372.0,27978744.0,12011836,839004.0,268911728.0,461602495894.72253,1716.557694704645,0.451983306581556,0.44397235065924684,0.10404434275919718,26.684625576598965,133.64398199839906,31.90119606197921,109.11390721063046,5.7541167368123425,30.54403764136351,10.941357392110373,52.93686599403933,116.3907624008349,199.31965155288776,46.95366040551892,22.38722939607234,38428.970882946,78.97713769224477
867,odisha,2022,2,419515470331.66486,89425917193.49442,16935819708.142715,138799315.0,150198940.0,33379972.0,12652044,897828.0,322378227.0,525877207233.302,1631.242941333324,0.43054804380445955,0.46590907021769806,0.10354288597784242,19.88254636480562,133.22597148324763,13.924255590082124,102.99827200732521,5.329809697701493,28.53222640773385,7.01117038774548,50.278436603994024,97.71994304782837,276.5797059764248,18.618095891546147,25.480327684601793,41564.604678366755,81.45330397016627
868,odisha,2022,3,440884884500.0968,98433758514.76802,20511679266.979973,159103433.0,183017599.0,38473266.0,13324247,959371.0,380594298.0,559830322281.8447,1470.9372295478918,0.41803945523114483,0.48087320267735595,0.10108734209149922,18.058313534927418,107.56029580588415,6.4564720778019336,77.58282631498481,5.312999227634685,25.80695203656378,6.854653675314193,42.618588547651726,79.71484196143254,181.47047784723534,29.050112140293717,28.564038027815005,42015.90696133483,64.9831686134166
869,odisha,2022,4,496591689166.7147,113206716437.40887,22525091272.11854,178318278.0,208414479.0,39048175.0,13990026,1013277.0,425780932.0,632323496876.2421,1485.091156868063,0.4188028739624253,0.4894875823138083,0.09170954372376638,11.872651334361283,100.58588871986775,12.949133283620329,80.68408701821981,4.996747658610645,23.17041647546967,5.6188898768047,33.985446784765536,83.14333381252467,133.37094629431508,52.54908940735952,30.434606197300848,45198.16452637344,62.85232644302696
870,odisha,2023,1,596510832737.4746,130926604514.60835,25919453282.08468,198718809.0,237800370.0,43529534.0,14605734,1002402.0,480048713.0,753356890534.1677,1569.3342574051808,0.41395550830275846,0.4953671649568614,0.0906773267403802,12.745470010855264,78.51535021187324,19.14105584496637,63.20468308429283,4.401049719278571,21.594517274461623,-1.0732504537258825,19.475234921406816,63.49588903117345,99.18051834630641,55.58072942802579,32.86714060382039,51579.52969252814,46.81200617699779
871,odisha,2023,2,625857814861.2112,142485607764.44983,30269897684.891853,217465779.0,275129628.0,47971872.0,15180768,1021368.0,540567279.0,798613320310.5529,1477.361563185834,0.4022917913239066,0.5089646352790066,0.0887435733970868,12.606755181530914,67.68107574460976,6.007302826193839,51.86307931316241,3.9370428079821274,19.9866835746066,1.892055283209726,13.759873828840274,56.676406508202135,83.17681070185981,43.71453636929354,35.60869114131775,52606.91160753875,39.74973784515614
872,odisha,2023,3,652214311523.2201,155535188932.00122,32650443925.725693,239483197.0,331120980.0,50250704.0,15773057,1051651.0,620854881.0,840399944380.947,1353.61735906357,0.3857313590162465,0.5333307188737395,0.08093792211001398,14.85247167540824,63.1277410782439,5.232397583118797,50.11690344951527,3.901574676590802,18.378599556132524,2.9649450540843336,9.61880231943637,50.52044602959636,80.92302697075597,30.612004709971853,39.361734443741625,53280.727025899105,37.80171558871357
873,odisha,2023,4,754811021081.9106,188103277364.1201,38707528934.3015,283368515.0,394216870.0,52426671.0,16349232,1079039.0,730012056.0,981621827380.3323,1344.6652275292454,0.38816963729705856,0.5400141912176859,0.07181617148525558,17.581753537023403,71.45250083674483,16.804128075402435,55.24044768693051,3.652906345295026,16.863485457425178,2.6042860226443976,6.49003184716519,58.91164841778025,89.15042366130426,34.26151414246632,44.651152788094265,60040.85252324588,46.71178098586417
874,odisha,2024,1,891445787060.0173,222137738306.10272,43664228167.7488,328186502.0,472041275.0,62179031.0,17002272,1106573.0,862406808.0,1157247753533.869,1341.8815143837187,0.38054720690470245,0.5473533727020392,0.07209942039325831,18.13596788050853,79.64985315979798,17.891403925097293,53.61215488628801,3.9943160632866404,16.408199683768032,2.551714998253085,10.392138084321466,65.1512021692924,98.50317095806031,42.8433187453833,50.7230332510855,68064.30067310233,54.32749037252602
875,odisha,2024,2,882530469971.0554,233107332106.8553,47904145443.569214,342454314.0,533463941.0,65817736.0,17662149,1142368.0,941735991.0,1163541947521.48,1235.5288091792597,0.36364152721439313,0.5664686771008203,0.06988979568478657,9.19858032938905,74.2125407113293,0.5438933856981354,45.69528430467691,3.8811107127329825,16.34555643034661,3.2347617373639226,11.846856373021275,57.47503610671545,93.89549023778712,37.20068293353238,53.31944549895938,65877.71100342773,49.737167500355994
876,odisha,2024,3,884778662660.9912,238230848839.6616,52743633110.20625,372510527.0,583139376.0,67338953.0,18360257,1175562.0,1022988856.0,1175753144610.8591,1149.331332120454,0.3641393792465712,0.57003492518984,0.06582569556358882,8.627987650097158,64.77100966852187,1.049484903865383,39.90400076441449,3.9525654550870426,16.40265422232354,2.905718647581157,11.78252100744448,55.54766750504003,76.11066988265137,34.00598924942424,55.71756735213456,64037.94590733992,41.55262246324476
877,odisha,2024,4,979036059417.1326,268173406944.9519,56902944771.99506,418474939.0,653769361.0,69451360.0,19085969,1212893.0,1141695660.0,1304112411134.0796,1142.2592349471483,0.3665380833627764,0.5726301534683945,0.06083176316882907,11.603919564105203,56.39408289443373,10.91719525578676,32.85283341899419,3.9526244104317376,16.739238882902875,3.175587506231059,12.404926976689445,47.6786999430759,65.84002632865509,32.473335947651535,59.81858505585962,68328.33120152714,33.96873612591158
878,odisha,2025,1,1074229348916.4417,279609143532.8333,60816787414.02794,427880801.0,672598864.0,73948513.0,19731478,1247790.0,1174428178.0,1414655279863.3027,1204.5481421200222,0.36433117751709804,0.5727032751763557,0.06296554730654631,2.8670090591392805,36.180299958856544,8.47648314558198,22.243078506170576,3.38211279710241,16.05200763756749,2.8771705335919995,12.761652416966607,30.377330692290315,42.48729923034802,18.928377960730835,59.52053758973352,71695.35297169846,17.344200010869315
879,odisha,2025,2,1027772682736.2635,292375269885.6208,63139569101.06984,429202554.0,746112659.0,78154888.0,20349791,1280523.0,1253470101.0,1383287521722.954,1103.5664278066047,0.3424114812611713,0.5952376992516712,0.062350819487157434,6.730247492409869,33.10207032323138,-2.2173428811137375,18.885917664555652,3.133637530852984,15.216959159386544,2.623277955425185,12.093738620129413,25.33133222553008,39.86187287586509,18.744418677664633,61.59621496849771,67975.51491919273,15.522984892443903
880,odisha,2025,3,1018022829291.4746,301139429574.03424,68416619679.11077,451228084.0,785652801.0,77391433.0,20979927,1316523.0,1314272318.0,1387578878544.6196,1055.7772993774793,0.3433292155819415,0.5977853982312972,0.05888538618676133,4.850711393234897,28.47376687356602,0.31022883921634214,18.016174135249187,3.0965232026215928,14.268155396735448,2.8113512994299983,11.990945607292502,21.131632878659556,34.7281341879407,14.928179830773436,62.64427507302575,66138.40355805907,12.431820070525434
881,odisha,2025,4,1084708509012.404,330347847409.9001,73702587719.68532,486153705.0,841861625.0,77443479.0,21533027,1362649.0,1405458809.0,1488758944141.9895,1059.2689978593244,0.3459039154238209,0.5989941644743001,0.05510192010187899,6.938173295680716,23.10275480945596,7.291842443111696,14.158789643550595,2.6363294781721613,12.821240566826875,3.50362280036125,12.347008351107647,16.172716617565474,28.770431167391465,11.507505396582584,65.26991346827364,69138.39582990303,9.11310156755376
882,odisha,2026,1,1248349914340.5762,367241083518.346,81908513746.30563,516558572.0,889549627.0,81743696.0,22049893,1397254.0,1487851895.0,1697499511605.2278,1140.9062402714671,0.3471841342111541,0.5978751178053243,0.054940747983521575,5.862362203174332,26.687346478159867,14.021112570614381,19.993862516757876,2.4003406488089185,11.749829384296495,2.539538795390439,11.97829763021021,20.72487730058259,32.25559462140275,10.541365449769092,67.47660385472166,76984.47841017767,13.36692608495602
883,odisha,2026,2,1199263266291.027,382712112055.28827,84336761052.10901,507336215.0,932756499.0,83037296.0,22586814,1434708.0,1523130010.0,1666312139398.4243,1094.005192241222,0.333087925304551,0.6123945381392624,0.05451753655618669,2.371077062075466,21.51307069748767,-1.837253677752837,20.460288496129042,2.4350276892500133,10.992854914333016,2.680543408714531,12.040783336183726,18.204379324359742,25.015503724351106,6.247092312383584,67.4344779214988,73773.66898219573,9.478281995065707
884,puducherry,2018,1,149578713.01058304,14697861.41215079,3296881.651806837,40064.0,65486.0,662.0,47701,,106212.0,167573456.07454067,1577.7262086632459,0.3772078484540353,0.6165593341618649,0.006232817384099725,,,,,,,,,,,,2.226619987002369,3512.9967102270534,
885,puducherry,2018,2,262828014.6228437,17852080.19109414,6637376.7644544495,56575.0,68910.0,2836.0,63878,,128321.0,287317471.57839227,2239.052622551198,0.4408865267571169,0.5370126479687658,0.022100825274117254,20.81591533913305,,71.45762718564843,,33.91333515020649,,,,,,,2.0088449857540938,4497.909633651528,
886,puducherry,2018,3,379469455.2295567,23458146.165261094,13022061.055663262,97296.0,84545.0,5028.0,79099,2.0,186869.0,415949662.45048106,2225.889058380368,0.5206642086167315,0.4524292418753244,0.026906549507944067,45.62620303769454,,44.77005528603664,,23.828235073108118,,,,,,,2.362469816306148,5258.5957148697335,
887,puducherry,2018,4,576961092.4728422,37222365.77566674,15399726.421768485,175338.0,135865.0,6133.0,106491,193.0,317336.0,629583184.6702774,1983.9639519949749,0.5525310711674691,0.4281424105679784,0.019326518264552398,69.81735868442598,,51.36042687502589,,34.63002060708733,,9550.0,,,,,2.9799325764618607,5912.07881107584,
888,puducherry,2019,1,820907354.1830873,50303657.624347456,19329055.705402263,308499.0,180367.0,8863.0,129946,4824.0,497729.0,890540067.512837,1789.2067119111746,0.6198131915158651,0.3623799296404268,0.017806878843708122,56.84605591549652,368.6184235302979,41.44915067565327,431.43265548972363,22.02533547435934,172.4177690195174,2399.481865284974,,670.0154752396166,175.4283358275051,1238.821752265861,3.8302756529635387,6853.154906752321,72.02197390315006
889,puducherry,2019,2,1051273526.2156316,80516539.619268,24678361.566988483,322762.0,246183.0,10136.0,152917,9678.0,579081.0,1156468427.4018881,1997.0754132874126,0.5573693490202579,0.4251270547643594,0.01750359621538265,16.34463734281104,351.27531736816263,29.861470537957313,302.5054310302724,17.677342896280003,139.38914806349604,100.62189054726369,,470.5028722934158,257.25293861558555,257.40479548660085,3.7868974672534774,7562.719824492294,88.51118399421578
890,puducherry,2019,3,1302263144.447332,117091229.7793644,42769988.60986286,404050.0,338785.0,22196.0,173965,11936.0,765031.0,1462124362.836559,1911.196229743055,0.5281485325431257,0.4428382640703449,0.029013203386529435,32.1112245091792,309.3942815555282,26.430115011557632,251.51473719746687,13.764329669036135,119.93324820794196,23.33126679065922,596700.0,315.27914816642,300.7155952451357,341.4478918058871,4.397614462679274,8404.70418093616,86.14478933556016
891,puducherry,2019,4,1735546780.3424895,161555946.02155006,66074325.02479163,586080.0,451087.0,55159.0,199364,13809.0,1092326.0,1963177051.3888311,1797.2446425232313,0.5365431199110888,0.41296005038788786,0.05049682970102332,42.78192648402484,244.2174855673482,34.26881469782892,211.8217098534768,14.600063231109717,87.21206486933168,15.692024128686333,7054.922279792746,234.25726311466994,232.01118757590257,799.3804011087558,5.479053389779499,9847.199350879953,83.86501201597316
892,puducherry,2020,1,1983097587.7566285,224150931.0200153,92970644.2666354,637583.0,580921.0,100933.0,225275,15161.0,1319437.0,2300219163.043279,1743.3338333268503,0.4832235263980016,0.44027945252406897,0.07649702107792945,20.791503635361597,165.09144534475587,17.168197408176233,158.29485353393395,12.996829919142883,73.36047281178335,9.790716199579986,214.2827529021559,106.67263102959814,222.07720924559368,1038.8130429877017,5.857005881700144,10210.71651556222,52.913430060013965
893,puducherry,2020,2,1539661342.6903143,194410162.36873665,93353672.43521896,444724.0,455143.0,140895.0,249567,15759.0,1040762.0,1827425177.49427,1755.8530936893067,0.4273061468424097,0.4373170811386273,0.13537677201896303,-21.120750744446305,79.72649767476399,-20.55430165721619,58.01773175941756,10.783264898457446,63.20422189815389,3.9443308488885886,62.83323000619963,37.78697616200173,84.87994703127349,1290.0453827940016,4.17027090921476,7322.383077467253,10.123681596252233
894,puducherry,2020,3,2419877670.676896,342334958.0094306,122136623.18805674,679376.0,727619.0,138596.0,278348,17736.0,1545591.0,2884349251.8743834,1866.1788609498783,0.43955742495912564,0.4707707278316191,0.08967184720925522,48.50571023922856,102.02985238506676,57.83679066025276,97.27112995222042,11.532374071892516,60.00229931308021,12.545212259661142,48.592493297587126,68.14156663779237,114.7730861755981,524.4188142007569,5.552728957995027,10362.385401994567,26.266843196890722
895,puducherry,2020,4,3520787112.825138,643270629.7500182,192992619.3767537,1047351.0,1272494.0,214590.0,312159,21019.0,2534435.0,4357050361.95191,1719.1407007683804,0.4132483176723806,0.5020819235845465,0.08466975874307292,63.97837461527662,132.0218506196868,51.05834909279787,121.93873745974955,12.147024587925914,56.57741618346341,18.510374379792506,52.21232529509741,78.70444307944308,182.09502823180452,289.03896009717363,8.119051509006628,13957.79190076823,48.18347133013381
896,puducherry,2021,1,4218726522.849001,837347113.3650453,260419714.02643156,1252418.0,1443581.0,432222.0,338921,24614.0,3128221.0,5316493350.2404785,1699.5261364975424,0.4003610998072067,0.46147027335984253,0.13816862683295075,23.42873263666261,137.08756083086953,22.020470469355537,131.12986082624195,8.573195070460882,50.44767506381089,17.103572957800097,62.350768418969714,96.4321507944848,148.4986771006729,328.22664539843265,9.229941490789889,15686.526801940507,57.58805227818322
897,puducherry,2021,2,4241139392.7197776,847992473.3552082,302974556.78646296,1279040.0,1385293.0,571970.0,362487,25656.0,3236303.0,5392106422.861448,1666.1315157639592,0.3952163935206314,0.4280479917980486,0.17673561468132,3.4550627976731807,210.95514632548077,1.4222358167258697,195.06578377425006,6.953242791092906,45.24636670713675,4.233363126675882,62.80220826194556,187.60309765157714,204.36434263517182,305.95478902728985,8.928052592230895,14875.309798314003,114.08807213227306
898,puducherry,2021,3,5742892872.196791,1336439879.338818,389527496.1403734,1758454.0,2208281.0,623569.0,386770,28079.0,4590304.0,7468860247.6759815,1627.094904319187,0.3830800748708582,0.4810751096223692,0.13584481550677255,41.837893423452634,196.99344781381362,38.5147039385112,158.94437862621427,6.698998860648797,38.95195941770733,9.444184596195825,58.31641858367163,158.8336944490238,203.4941363543283,349.9184680654564,11.868304160095146,19310.857221801023,113.73822223047134
899,puducherry,2021,4,5826176114.971703,1500367793.0155149,392852516.9078938,1825625.0,2550628.0,556670.0,411329,30615.0,4932923.0,7719396424.895111,1564.8726779021508,0.37008990409945586,0.5170621961867233,0.1128478997138208,7.463971885086473,94.6360036852395,3.3544097614771395,77.17023636690092,6.349768596323391,31.769066405261427,9.031660671676335,45.65393215662019,74.30880382985265,100.44322409378749,159.41096975627943,11.992645789623392,18766.963731939908,47.70993602294193
900,puducherry,2022,1,7488256038.880136,1940435703.134548,448427440.3796797,2317321.0,3461076.0,576190.0,433835,33226.0,6354587.0,9877119182.394363,1554.3290511868613,0.3646690178291681,0.5446578983024388,0.09067308386839303,28.819910629053002,103.13740621266847,27.95196202828216,85.78259261713544,5.47153252019672,28.004756270635344,8.52849910174751,34.98821808726742,85.02776229661345,139.756272768899,33.30880889913055,14.64747427017184,22766.99478464016,58.69520174952185
901,puducherry,2022,2,8382844893.912123,2392521201.463508,520297288.3550544,2582879.0,4265431.0,641663.0,453527,35254.0,7489973.0,11295663383.730686,1508.1046865897495,0.3448449013100581,0.5694854974777612,0.0856696012121806,17.867187906940284,131.43608617610897,14.361922491173651,109.48517143206486,4.5390528657208495,25.115383448234006,6.1036537651236955,37.41035235422514,101.93887603202403,207.90821869452887,12.18472996835498,16.514943983489406,24906.264420267562,84.9781216327125
902,puducherry,2022,3,9355602295.083015,2863812540.676669,614727009.2108144,2958867.0,5157180.0,732350.0,473286,36822.0,8848397.0,12834141844.970499,1450.448238813256,0.3343958233338762,0.5828377727626823,0.08276640390344149,18.136567381484547,92.76276691042685,13.620080636040433,71.83534594805123,4.356741715487722,22.368849703958425,4.447722244284336,31.137148758858935,68.26524890614141,133.53821366030863,17.4449018472695,18.695666045477786,27117.09588910405,57.52601039951697
903,puducherry,2022,4,9760095859.803207,3212187903.6773205,641358268.8858621,3142120.0,5863846.0,742089.0,493378,38131.0,9748055.0,13613642032.36639,1396.5495714136196,0.32233301925358443,0.6015401021024194,0.07612687864399616,10.167468751684616,97.61214598322334,6.073644789124444,76.35630149090792,4.245213253719737,19.947292799681037,3.5549399815327787,24.55005716152212,72.11201643272851,129.89812704949526,33.30860294249736,19.757782065677837,27592.72207590608,64.74915054001853
904,puducherry,2023,1,10212779825.892694,3346287629.830351,657335519.0281146,3258866.0,6224977.0,733646.0,511080,38372.0,10217489.0,14216402974.75116,1391.3793276167128,0.3189497928502786,0.6092472426444501,0.07180296450527131,4.815668356405456,60.7891905484967,4.427624444301581,43.93268636558953,3.5879183911726953,17.805156338239204,0.6320316802601589,15.487870944441106,40.630754220067054,79.85669774370746,27.32709696454294,19.99195624951084,27816.394644187134,36.487396262047156
905,puducherry,2023,2,10877648909.552794,3688573131.181612,795601586.5349483,3459724.0,6931355.0,802559.0,527197,38895.0,11193638.0,15361823627.269354,1372.3709510053259,0.30907949676414403,0.6192227227644846,0.07169778047137133,9.553707373700139,49.44830909270301,8.057035626751041,35.99753379155419,3.1535180402285423,16.243795848979214,1.3629730011466723,10.327906053213809,33.94835762728334,62.500694537081955,25.07484458352749,21.232362854872086,29138.67800323096,28.564546607598885
906,puducherry,2023,3,11480302493.50171,4104150648.070847,837192429.2872709,3709860.0,7920199.0,834650.0,544090,39645.0,12464709.0,16421645570.859829,1317.4511792340943,0.29762909025794343,0.6354098599493979,0.06696104979265861,11.355298429339955,40.86968520964871,6.899063348892676,27.95281343485554,3.2043050320847755,14.960087558051583,1.9282684149633633,7.666612351311719,25.381100265743605,53.576159839292025,13.968730798115647,22.90927787682185,30181.855154220495,22.53790702665699
907,puducherry,2023,4,11789954161.5083,4329574327.703348,919984033.37218,3866931.0,8377582.0,830139.0,561059,40430.0,13074652.0,17039512522.583828,1303.247881670872,0.2957578526755435,0.6407499029419674,0.06349224438248911,4.893359323510871,34.12575123960626,3.7625154498548197,25.16498143606569,3.118785495046783,13.717879597387794,1.9800731491991463,6.029215074348948,23.06757857752091,42.86838365127596,11.865153640601056,23.303524228289717,30370.268585984413,17.946053614850598
908,puducherry,2024,1,12160113351.486937,4305627439.32638,934662332.0417774,3982272.0,8706366.0,831332.0,578039,41484.0,13519970.0,17400403122.855095,1287.0149211022729,0.29454739914363715,0.6439634111614153,0.06148918969494755,3.405964457027233,32.32184541622702,2.1179631740811278,22.396664991551198,3.0264196813525768,13.101471393910934,2.6069750185505836,8.110080266861264,22.19808976496733,39.86181796334347,13.315141089844417,23.389373381380842,30102.47253706946,16.993920402127394
909,puducherry,2024,2,12630463098.315617,4572109030.071827,1018442372.234462,4169309.0,9569219.0,872339.0,594818,42724.0,14610867.0,18221014500.621906,1247.0864665746328,0.2853567142867018,0.6549384783257558,0.059704807387542434,8.06878269700302,30.528314387154552,4.716048082178936,18.61231415440219,2.9027453164924832,12.82651456666104,2.989104232957285,9.844453014526277,20.509873041895823,38.05697442996354,8.694687867184836,24.563592561085912,30632.923853383567,15.689397025585517
910,puducherry,2024,3,13339722169.200935,4810829245.0285225,1156076489.178112,4543301.0,10358162.0,919708.0,612094,44051.0,15821171.0,19306627903.40757,1220.3033456504306,0.28716591205543507,0.6547026133527032,0.05813147459186175,8.283587825417893,26.927720494718322,5.9580294102099085,17.568168306269705,2.9044178219219896,12.498667499862147,3.105982585900202,11.113633497288443,22.46556473829202,30.781587684854884,10.190858443659012,25.84761654255719,31541.932943971955,12.825976800901984
911,puducherry,2024,4,13539005442.53947,5021629068.0120125,1192016601.3895872,4665679.0,10781586.0,929550.0,629389,45073.0,16376815.0,19752651111.94107,1206.1350825506102,0.28489538411467674,0.6583444949460564,0.056760120939266884,3.512028281598112,25.25622096863458,2.3102077212291405,15.922630332066735,2.825546403003454,12.178754819011894,2.3200381376132118,11.484046500123668,20.655863784484385,28.695678538270354,11.97522342643822,26.020179888749247,31383.8518180983,11.657703074634519
912,puducherry,2025,1,14572698106.10854,5311986219.110184,1283940409.5296438,5027320.0,11618519.0,966872.0,645855,46196.0,17612711.0,21168624734.748367,1201.8947415164178,0.28543703465071335,0.6596667032122425,0.05489626213704409,7.546620023490536,30.271820129778405,7.16852444151812,21.655944320874877,2.6161880808212468,11.73208036135971,2.4915137665564746,11.358596085237682,26.2425067900937,33.4485478786442,16.303955579720263,27.270379574362668,32776.125809583216,16.593031928214486
913,puducherry,2025,2,14078293377.09739,5372125238.572502,1291063365.0774975,4859467.0,11716317.0,920231.0,661400,47524.0,17496015.0,20741481980.74739,1185.497496472619,0.27774707554834627,0.6696563188817568,0.05259660556989692,-0.6625669381618793,19.74658998675438,-2.017810601081804,13.832750531203718,2.4068869947588833,11.19367604880821,2.874707766906215,11.23490309896078,16.5532945627201,22.437546888622784,5.490067508159102,26.453001209555488,31359.966708115197,7.6919068078942665
914,puducherry,2025,3,14323889357.533936,5585643949.098516,1371347273.7041545,5067996.0,12400209.0,933390.0,677573,48779.0,18401595.0,21280880580.33661,1156.4693484633592,0.2754106913014877,0.6738659882472144,0.050723320451297835,5.175921488407509,16.309943176772435,2.600578879030424,10.225776799585962,2.4452676141518026,10.69753992033904,2.64077097887383,10.73301400649247,11.548761572257703,19.714375967473764,1.487646078972893,27.158099570083223,31407.50971531718,5.0700343119388425
915,puducherry,2025,4,14666576142.210169,5689102256.155001,1461980518.1067803,5170739.0,12734340.0,952014.0,693418,49890.0,18857093.0,21817658916.47195,1157.0001227905038,0.2742065810461878,0.6753076945635258,0.05048572439028646,2.4753180362897975,15.145057204346513,2.522350210598523,10.45433239734852,2.338493416945475,10.173199722270333,2.2776194673937544,10.687107581035216,10.825005320768955,18.111936407129715,2.4166532192996693,27.194409432694275,31463.935052842513,4.512764896190236
916,puducherry,2026,1,15583814961.699331,6073567101.072363,1543535822.109682,5457257.0,13385336.0,948358.0,707787,50591.0,19790951.0,23200917884.88138,1172.2992939996354,0.2757450614677385,0.6763361700001177,0.04791876853214381,4.952290366282863,12.367431680449425,6.340088887195372,9.600496846623185,2.072198875714215,9.589149267250384,1.4050912006414062,9.513810719542825,8.552011807483906,15.206903737042566,-1.9148346420208684,27.961732837703998,32779.51966464682,2.535180199659859
917,puducherry,2026,2,15713366972.603334,6564405219.616926,1629907939.4616244,5456184.0,14273998.0,941727.0,723563,51299.0,20671909.0,23907680131.681885,1156.529865320222,0.2639419513698517,0.690502168909509,0.04555587972063925,4.451317170155189,18.152099206590755,3.046268472253244,15.265052679810509,2.228919152230824,9.398699727850012,1.3994584016919998,7.943354936453151,12.279474271561064,21.830076806559596,2.3359352162663605,28.569604858180973,33041.601258884,8.001374331245703
918,punjab,2018,1,2725958204.1385937,363099135.3369651,55226320.07769592,762537.0,1378870.0,11163.0,902434,12.0,2152570.0,3144283659.5532546,1460.7114563304583,0.3542449258328417,0.64056918009635,0.0051858940708083825,,,,,,,,,,,,2.3852935505532815,3484.2256160043335,
919,punjab,2018,2,4508974790.474758,561184835.996989,177210805.64900333,1119836.0,1731538.0,81397.0,1225027,12.0,2932771.0,5247370432.12075,1789.2192851473062,0.3818354723229328,0.590410229779277,0.02775429789779018,36.24509307478967,,66.88603829294162,,35.74699091567914,,0.0,,,,,2.394046008781847,4283.473288442418,
920,punjab,2018,3,6769504021.631229,672146024.839622,345426102.74431634,1801894.0,1933346.0,139167.0,1542608,17.0,3874407.0,7787076149.215168,2009.875614310827,0.46507607486771524,0.4990043637645709,0.03591956136771382,32.10738240387674,,48.39958889786218,,25.92440819671731,,41.66666666666667,,,,,2.511595298351882,5047.994143175173,
921,punjab,2018,4,10323184749.048653,1042081423.0433449,496669681.4923538,2460715.0,2824577.0,205266.0,1950642,113.0,5490558.0,11861935853.58435,2160.4244693498094,0.4481721165681157,0.5144426122080852,0.03738527122379911,41.7135060926743,,52.32849437050739,,26.45091948181262,,564.7058823529412,,,,,2.8147440688757857,6081.041961356492,
922,punjab,2019,1,12831981768.835476,1106017944.3378818,603052765.1209174,4274369.0,3247097.0,308408.0,2322582,19290.0,7829874.0,14541052478.294275,1857.1247095795252,0.5459052086917363,0.41470616257681797,0.03938862873144574,42.60616134097845,263.7453834253938,22.585829646856247,362.4599448626176,19.06756852359377,157.36862751181806,16970.79646017699,160650.0,460.54578335215206,135.4897125907446,2662.769864731703,3.371193783470293,6260.727276063569,41.3324486912031
923,punjab,2019,2,16424580985.87054,1653911106.906613,840696460.4785763,4208807.0,4325884.0,372650.0,2699641,62954.0,8907341.0,18919188553.25573,2123.9995811607223,0.47250992187230734,0.4856537994896569,0.041836278638035754,13.760974953109084,203.71757631264083,30.10879770564605,260.546082995125,16.234475252111658,120.37399992000175,226.35562467599794,524516.6666666667,275.84137320107584,149.82899595619617,357.81785569492735,3.299453890350606,7008.038681163803,37.819151271426634
924,punjab,2019,3,19142119611.441097,2144950169.050992,1732282138.5531852,4737624.0,5622095.0,674942.0,3084133,91197.0,11034661.0,23019351919.045273,2086.0950707090387,0.4293402398134388,0.5094941294526402,0.061165630733921054,23.88277264786427,184.8090301302883,21.67198320503001,195.60969326549235,14.242338147924105,99.92979421862196,44.862915779775705,536352.9411764706,162.92467814421937,190.79611202547295,384.987101827301,3.5778810446890583,7463.800010909151,42.454520719834
925,punjab,2019,4,25329646347.376846,2176220244.506953,2376177362.098492,6321702.0,6254384.0,1404641.0,3442072,116388.0,13980727.0,29882043953.982292,2137.3741118027906,0.45217262306888617,0.44735756588337644,0.10046981104773736,26.69829186415422,154.63217035499852,29.81270740840931,151.91540675001005,11.605822446697346,76.45841728005448,27.622619165104112,102898.23008849558,156.90508652972818,121.42727919968195,584.3028070893378,4.061718348715541,8681.411647978977,44.301515495787115
926,punjab,2020,1,26791757277.00513,2784985980.902099,2377677864.5597787,6448799.0,7210325.0,2038824.0,3875890,140707.0,15697948.0,31954421122.46701,2035.5794988279367,0.4108052211664862,0.45931640237309995,0.1298783764604138,12.282773277813085,100.48787502838485,6.935192156453995,119.75315177609068,12.603397023653184,66.87849987643062,20.894765783414094,629.4297563504406,50.871368382093365,122.05449975778366,561.0801276231485,4.05015312612071,8244.408670645196,20.140027131620396
927,punjab,2020,2,24538133602.390263,3016477090.220037,2282039492.9298,5501764.0,6014021.0,2687674.0,4373346,149795.0,14203459.0,29836650185.5401,2100.6608450476815,0.3873538128986749,0.4234194642305089,0.18922672287081618,-9.520282523550216,59.4579010728342,-6.627473953636775,57.705760485196,12.83462636968542,61.99731742109413,6.4588115729850015,137.943577850494,30.72027298947184,39.024093110217464,621.2327921642292,3.247732742847239,6822.385008078506,-1.5675669132588221
928,punjab,2020,3,33136633276.668976,4379350907.23914,3526971539.2345576,7525655.0,7823602.0,2538701.0,4858229,181331.0,17887958.0,41042955723.14267,2294.4461141480024,0.42071068145397034,0.43736697056198365,0.14192234798404602,25.940857082771185,62.10700084035206,37.558859549969,78.29761614263955,11.087231607103586,57.52332989530606,21.05277212189993,98.83439148217595,58.84871826046136,39.15812521844615,276.1361717006795,3.6819915240718375,8448.131144732508,2.909836243363073
929,punjab,2020,4,43726392488.84065,6664529187.89292,4137022873.99037,9697447.0,10297838.0,3598416.0,5310103,228303.0,23593701.0,54527944550.723946,2311.1229794225137,0.4110184748039318,0.4364655634145741,0.15251596178149412,31.89711760280296,68.75875625065851,32.85579361911688,82.47729183015664,9.301208320974585,54.270538210705645,25.904009794243677,96.15682029075163,53.39930607295314,64.64991596294696,156.18047600774858,4.4431720062680515,10268.716925212928,9.391435466546817
930,punjab,2021,1,47494300470.31009,7663908017.81102,4594984858.556509,11070488.0,10008900.0,6390774.0,5679863,284376.0,27470162.0,59753193346.67762,2175.2035298036326,0.4030004628294511,0.364355332160036,0.23264420501051286,16.430067499795808,74.99205628659236,9.582698997745908,86.99507375730684,6.963330089830655,46.54345195555085,24.560781067265868,102.10508361346626,71.66743761125134,38.81343767444603,213.45393226683615,4.836412779674439,10520.182149935239,19.413084618526977
931,punjab,2021,2,55608250447.10545,9166102308.289713,5508631430.883668,13202084.0,11144498.0,8335415.0,6043827,338480.0,32681997.0,70282984186.27884,2150.5106981767008,0.4039558537380687,0.34099807303696894,0.25504607322496237,18.972713011302943,130.0988583133165,17.622139085536737,135.55923251846974,6.407971459874995,38.19686345420645,19.02551551467071,125.96214826930137,139.9609288948054,85.30859802451639,210.1348973126949,5.40750041323155,11628.887489049379,66.5007819729303
932,punjab,2021,3,64360488231.81946,13152051739.26768,6817028357.323643,16413165.0,16218466.0,9024573.0,6430939,402314.0,41656204.0,84329568328.41078,2024.4179793341416,0.39401489871712747,0.3893409490696752,0.21664415221319736,27.459175765789333,132.87288577041605,19.98575374218987,105.46660649213506,6.40508075429691,32.372084560032064,18.85901678090287,121.86719314402943,118.09616571580813,107.30177736546413,255.47994820973403,6.477468375924573,13113.103440790028,75.92295727941483
933,punjab,2021,4,70483920859.522,17104884157.048012,6518514916.890647,17253838.0,19076362.0,8060225.0,6814717,466703.0,44390425.0,94107319933.46065,2119.9914155690253,0.38868377583679364,0.42974046767968543,0.18157575648352095,6.563778591059322,88.14523842613755,11.594689500806709,72.58548934651017,5.96768216896475,28.33493060304104,16.00466302440382,104.4226313276654,77.92144674778837,85.24628179235292,123.99369611517956,6.513905859920522,13809.424504856275,46.60485461132844
934,punjab,2022,1,85408334904.3859,21221407187.61332,7208406389.780758,21331370.0,25097722.0,9159479.0,7199914,542139.0,55588571.0,113838148481.77997,2047.8696687810157,0.3837366137726404,0.45149068501868844,0.1647727012086711,25.226489721601,102.35982226824873,20.96630587532422,90.51391583594682,5.652428413388266,26.762106762082105,16.16359869124475,90.64161532618786,92.68680838640537,150.75404889648212,43.32346911344385,7.7207270809068,15811.042809925226,59.63747166813411
935,punjab,2022,2,96827327509.96368,26023094393.652138,8388311508.114669,24605671.0,34194211.0,10670260.0,7570961,604578.0,69470142.0,131238733411.73048,1889.1386951782895,0.35419059601173697,0.4922144969849061,0.15359490700335693,24.971987497214123,112.5639446084032,15.285372401094088,86.72902827218294,5.153492111155766,25.26766566945082,11.517157039061932,78.61557551406287,86.37717348261079,206.82594227214182,28.011142816524437,9.175868426742655,17334.488106824283,69.68779890040007
936,punjab,2022,3,108383842636.84692,33154916811.654617,10469925170.277534,29796417.0,43028061.0,12523896.0,7964871,654993.0,85348374.0,152008684618.77905,1781.037851040713,0.3491152274324523,0.5041462301320468,0.14673854243550088,22.856196263424945,104.88754568227101,15.826083250809631,80.25549950261876,5.20290620966084,23.852379877961827,8.338874388416384,62.80641488986214,81.53973959318633,165.30290225968352,38.77549663568569,10.715600290324852,19084.889713691417,65.4288321985878
937,punjab,2022,4,121993736816.0094,39172833281.08869,10859819349.371344,32553199.0,49331250.0,12821570.0,8329482,703167.0,94706019.0,172026389446.46942,1816.4250938102405,0.34372893448303427,0.5208882235879855,0.13538284192898026,10.964057733542765,113.34785373197036,13.16879024240789,82.79809643724005,4.577738923831909,22.22784893341865,7.35488776215929,50.66691236182326,88.67221889993404,158.59883556413953,59.0721102698746,11.36997702858353,20652.711590765117,74.54929919300768
938,punjab,2023,1,125974371831.89532,39565511665.28131,10324774319.77528,33559001.0,51451166.0,13143670.0,8680448,681611.0,98153837.0,175864657816.9519,1791.7247373319894,0.3419020796914949,0.5241890441837745,0.1339088761247306,3.6405479149113074,76.57197376057752,2.2312090504444715,54.48657604010434,4.213539329336435,20.56321783843529,-3.0655591061582776,25.726243638624034,57.322295755031206,105.00333058115791,43.49800900247711,11.30746212637873,20259.85960827735,46.45592322958616
939,punjab,2023,2,139767293520.09256,42801188098.07071,11935698377.729792,39137930.0,65508285.0,14366193.0,9022142,700473.0,119012408.0,194504179995.89307,1634.3184989240203,0.3288558786240171,0.5504323969312511,0.12071172444473184,21.2508972012984,71.31447348992033,10.598787960194954,48.20638308484906,3.9363636531202006,19.167725206879282,2.7672675470319597,15.861476931016337,59.06060842640706,91.5771210512797,34.63770329870124,13.191147734096848,21558.53676387415,43.75912034278786
940,punjab,2023,3,144870862839.24875,47394116683.02636,13065781843.223583,43206798.0,74686189.0,14957827.0,9396198,723574.0,132850814.0,205330761365.4987,1545.573980190281,0.3252279508050286,0.562180891115955,0.11259115807901636,11.627700197444968,55.65711187421098,5.56624611863572,35.07830942715246,4.145977751181484,17.97049820392571,3.2979144092634582,10.47049357779397,45.006689898318974,73.57553946016763,19.434295845318417,14.138784006041593,21852.53667126839,31.945795130185516
941,punjab,2023,4,161418214555.73892,56021917108.988815,14406944544.581415,47207197.0,81488251.0,14745378.0,9790268,746968.0,143440826.0,231847076209.30914,1616.3255795062778,0.32910572475370437,0.5680966379822715,0.10279763726402412,7.9713565021889865,51.45903873332487,12.913951454458461,34.77413375664349,4.193930353532349,17.53753714816839,3.2331178289988216,6.229103470441588,45.01553902582663,65.1858629165083,15.004465131805222,14.651368685719328,23681.381981505423,28.860143242915527
942,punjab,2024,1,153710491715.1056,56863094144.6902,13565463801.901297,46625283.0,81707832.0,14840154.0,10263130,770732.0,143173269.0,224139049661.69708,1565.509059248323,0.3256563416177918,0.570691949486744,0.10365170889546428,-0.18652778812079385,45.86619675397916,-3.324616671315417,27.44974029687728,4.829918854111037,18.232722550725498,3.181394651444247,13.075053072793729,38.935253167995086,58.80657009794492,12.907232150533288,13.950253869920775,21839.24881217495,23.37210343050171
943,punjab,2024,2,166876950698.30676,62937750059.55783,14948869840.191872,53076867.0,103791454.0,15990098.0,10766796,798969.0,172858419.0,244763570598.05646,1415.977144845091,0.30705398850142207,0.6004419952493029,0.09250401624927508,20.733723695307948,45.24403119378948,9.201663417190753,25.83974832994571,4.907528210204881,19.337469971099996,3.6636600011417775,14.061355683945,35.61490605149531,58.44019424413263,11.30365574233898,16.054768660983267,22733.185489727533,21.708656324759758
944,punjab,2024,3,173909237069.39886,65442295566.63887,17738169624.832516,58951692.0,112671341.0,16691176.0,11264065,827225.0,188314209.0,257089702260.87024,1365.2166962126062,0.31304962229376965,0.5983156640081259,0.08863471369810443,8.941300105261284,41.74863015893904,5.035933914796242,25.20759215577939,4.618542043519724,19.87896593920222,3.5365577387858504,14.324865183104984,36.44077952733271,50.85967366737645,11.588240725073229,16.718139410594667,22823.883052953817,18.243120507752984
945,punjab,2024,4,197045485732.4196,74116671896.01282,18707510704.124977,64059597.0,119043043.0,16909420.0,11622811,854323.0,200012060.0,289869668332.5574,1449.2609512274278,0.3202786721960666,0.5951793256866611,0.08454200211727232,6.211879104672335,39.438725764169824,12.750400262405348,25.026234133255155,3.1848715361638913,18.71800649379567,3.275771404394212,14.372101616133492,35.698793978384266,46.086143142279504,14.676070020042896,17.208578888532216,24939.72140926643,17.453729120238414
946,punjab,2025,1,207887525977.96075,75972100537.1831,19722017630.683147,68035690.0,127552368.0,19112840.0,11997032,877203.0,214700898.0,303581644145.827,1413.974729373638,0.3168859126057312,0.5940933139459901,0.08902077344827873,7.343976158237653,49.95878734877528,4.7303934530805725,35.44344218646245,3.2197116515101154,16.894475661908203,2.6781439806724094,13.814270070530355,45.92016524596752,56.10788449263957,28.791385857586114,17.896167818840528,25304.72904847024,28.28560674030345
947,punjab,2025,2,201809629336.50824,75102844981.66306,19717084859.556744,66681507.0,135349462.0,17550075.0,12360971,895586.0,219581044.0,296629559177.728,1350.8887369063061,0.3036760632215593,0.6163986632653045,0.07992527351313622,2.2729974794982066,27.02941822000582,-2.2900215155167714,21.190240219548183,3.0335753042919356,14.806401087194377,2.0956380678132547,12.092709479341512,25.631957515502933,30.405208505894898,9.75589392885523,17.764061091964376,23997.270050850213,10.646633826216867
948,punjab,2025,3,202820842459.0168,79003323509.18784,22483582425.19441,72569615.0,147253055.0,18471295.0,12758339,912817.0,238293965.0,304307748393.39905,1277.0266691118218,0.30453819927835774,0.6179470596328362,0.077514741088806,8.522102208421956,26.540618610462907,2.5884774386461418,18.36637007133659,3.2146989099804513,13.265850294720426,1.923991665792002,10.346882649823197,23.100139347993597,30.69255561625028,10.665030432846677,18.67750692311907,23851.674453343734,11.720009412546872
949,punjab,2025,4,231017621946.6356,90380237947.84505,25081829270.54038,78882931.0,152709681.0,18984611.0,13172691,931000.0,250577223.0,346479689165.02106,1382.7261912189883,0.31480487354590886,0.6094316122259843,0.07576351422810684,5.154666002556962,25.281057052259758,13.858319741863268,19.529473765953664,3.2476954876336173,13.334812034713451,1.9919655308785922,8.975176835927389,23.13991141717611,28.28106301012483,12.272396096377047,19.0224778672786,26302.87836896964,10.540666899317097
950,punjab,2026,1,231472570075.9436,92489436448.35294,25816637527.306908,80997955.0,156323287.0,19640341.0,13581016,943590.0,256961583.0,349778644051.6034,1361.2098741297193,0.3152142590902392,0.6083527552054347,0.07643298570432608,2.547861263511564,19.683515715896082,0.9521351437749459,15.21732318031237,3.0997842430221745,13.203132241374371,1.3523093447905588,7.568031573079437,19.052154832265234,22.556162187439742,2.759929973776787,18.92064503863334,25754.968851491183,5.724561985355736
951,punjab,2026,2,244675165175.23608,98137725177.93954,26816844333.664062,86235320.0,176968809.0,19159944.0,14095349,958812.0,282364073.0,369629734686.8397,1309.053700634357,0.30540471768871247,0.6267398225269261,0.06785545978436144,9.885715095396197,28.5921898613434,5.675329518490457,24.609878972099697,3.78714670537168,14.031082186019205,1.6132006485867878,7.059735190143668,29.324191788286956,30.74954741970086,9.173003534172942,20.032428640113842,26223.524844034702,12.769419877617793
952,rajasthan,2018,1,8885778005.6146,1372057918.7831912,335335232.120625,2918332.0,6171468.0,182637.0,3184469,33.0,9272437.0,10593171156.518415,1142.4365737419855,0.3147319307750487,0.6655713055801835,0.01969676364476782,,,,,,,,,,,,2.9117686496555626,3326.510999641829,
953,rajasthan,2018,2,15409718957.188889,1925876094.8623607,754605516.2065157,4284208.0,7030908.0,567897.0,4262966,139.0,11883013.0,18090200568.257767,1522.3580558447395,0.36053213103444387,0.5916772118317131,0.047790657133843076,28.154151923598935,,70.77228623013534,,33.867404581423145,,321.2121212121212,,,,,2.7874988916167758,4243.571393311081,
954,rajasthan,2018,3,23765364599.2303,2255867112.679395,1293317128.290366,7866935.0,7654080.0,943933.0,5199376,8587.0,16464948.0,27314548840.20006,1658.951418504332,0.47779895812607487,0.46487119181912995,0.05732985005479519,38.55869719237033,,50.990856829569545,,21.966161587964805,,6077.697841726618,,,,,3.166716159785328,5253.4282652764605,
955,rajasthan,2018,4,37907100401.64123,3417743896.6942677,1662892326.3607254,11980655.0,11168140.0,1214114.0,6407477,45801.0,24362909.0,42987736624.69622,1764.4747031110373,0.4917579834165124,0.45840749148634097,0.04983452509714665,47.96833248425685,,57.38036486046298,,23.235499798437353,,433.3760335390707,,,,,3.8022624193578847,6708.995853546758,
956,rajasthan,2019,1,58857913774.07618,4382608337.045548,2258888407.198079,29406151.0,16759749.0,1977666.0,7779148,198786.0,48143566.0,65499410518.31981,1360.5018481248317,0.6108012647006663,0.3481202244137877,0.041078510885545955,97.61008835192875,419.2115729662008,52.36766496957357,518.3173060317762,21.407349569885305,144.28399208784887,334.02109124254935,602281.8181818182,907.6355603132199,171.56827192492935,982.8397312702245,6.188796767975105,8419.869440499115,112.54424759010942
957,rajasthan,2019,2,77028577146.21002,6689125972.969138,2921048204.650339,24738172.0,23387217.0,1961199.0,8846756,329767.0,50086588.0,86638751323.8295,1729.7794635927187,0.49390810969195986,0.4669357193985743,0.039156170909465826,4.0358913172322985,321.4973761284281,32.27409321431547,378.92642758119246,13.723970799887075,107.52583999027907,65.89045506222773,237142.44604316546,477.42695966208925,232.63437666941456,245.34413810955152,5.661576740671948,9793.279177568535,103.1059728023131
958,rajasthan,2019,3,93710146425.2273,9368105710.603312,5463149549.686538,28826157.0,33642559.0,3460585.0,9930100,452793.0,65929301.0,108541401685.51715,1646.3302361649057,0.43722831218853664,0.5102823553369692,0.05248933247449416,31.630649306756542,300.42216349544503,25.280431708695982,297.37578065273345,12.245663834291353,90.98637990405003,37.30694702623367,5173.005706300221,266.42170044623475,339.53759302228354,266.6134142995319,6.639339080170391,10930.544675835807,109.66006251158524
959,rajasthan,2019,4,134902140259.27444,10964451469.994375,7514827022.901459,42028213.0,33945223.0,7317684.0,11033683,542233.0,83291120.0,153381418752.1703,1841.5098602608573,0.5045941632193204,0.40754912408429617,0.08785671269638348,26.333995259558417,241.87674386502857,41.3114409527993,256.8027321169859,11.11351345907896,72.20011870506909,19.75295554480745,1083.888998056811,250.8006281793441,203.9469687879987,502.7180314204432,7.548804873223202,13901.198607225737,98.5345576042072
960,rajasthan,2020,1,159148768222.19995,15706146449.957516,8604711217.751036,46351996.0,42140703.0,11320295.0,12268753,628462.0,99812994.0,183459625889.9085,1838.0334918107808,0.4643883941603836,0.42219656290442503,0.11341504293519139,19.836297074646136,107.32364112787161,19.61007231673728,180.09355265662415,11.193633168544004,57.71332541815632,15.902573248031748,216.15003068626564,57.626872010553164,151.4399410158231,472.406816924597,8.135545152795887,14953.404464977697,31.456007650704176
961,rajasthan,2020,2,157712406423.57526,17341012647.965153,9345037248.245802,46162638.0,36961229.0,15181393.0,13697342,671680.0,98305260.0,184398456319.7862,1875.7740564420071,0.46958461836121485,0.37598424540050046,0.1544311362382847,-1.510558835656206,96.27062638006008,0.5117368060267635,112.83600410001343,11.6441255276718,54.828979119577845,6.876788095382058,103.6832066277099,86.6048873780973,58.04030466728898,674.0873312703097,7.176958858149267,13462.353230268047,26.766079254760132
962,rajasthan,2020,3,237533755752.48557,28146660971.366623,14553842933.43127,69523816.0,57900495.0,15584292.0,15099115,808116.0,143008603.0,280234259657.28345,1959.5622485542597,0.4861512841993149,0.40487420886140674,0.10897450693927833,45.474009223921485,116.91205705335781,51.972128861695865,158.18190598756155,10.233905235044883,52.054007512512456,20.31264888041924,78.47360714498679,141.1830893726139,72.1049073585633,350.3369228035145,9.471323517967775,18559.648009653774,42.654613713820225
963,rajasthan,2020,4,308493238154.44385,44125243950.84855,18198624219.5242,85199155.0,79104977.0,20367929.0,16423105,981664.0,184672061.0,370817106324.81665,2007.9762164175806,0.4613537886491666,0.42835378871956165,0.11029242263127177,29.13353261691536,121.71878706877757,32.32397308534396,141.76142673707645,8.768659620116814,48.84517708185019,21.475629736324976,81.04099160324067,102.71895690639998,133.03714045419585,178.33846063863922,11.244649595798116,22578.988950312178,48.95933574445217
964,rajasthan,2021,1,389356353786.1696,55617984065.688965,23497028490.45188,111107699.0,91152365.0,38694713.0,17806048,1160473.0,240954777.0,468471366342.3105,1944.2294200388917,0.4611143235396408,0.3782965672434043,0.16058910921695485,30.47711478132038,141.40622111786368,26.33488540627189,155.3539309098087,8.420715814701296,45.13331550484389,18.214888189849066,84.65285092813886,139.7042384107903,116.30480393267288,241.81717879260214,13.532187321970602,26309.67670885255,66.33411858478946
965,rajasthan,2021,2,446640961464.5996,62176224282.42848,27490675346.062893,132454889.0,90192431.0,51789864.0,19130821,1273446.0,274437184.0,536307861093.09094,1954.2098970564095,0.4826419185236939,0.3286450825847273,0.18871299889157878,13.895722432595715,179.1683618964031,14.480392959857568,190.84183880748918,7.440017009950783,39.66812685264045,9.735082160463882,89.59117436874702,186.93093535945673,144.01902599072125,241.1403946923711,14.345290460874628,28033.7085947901,99.87979232437552
966,rajasthan,2021,3,557572140356.7367,95199071584.4447,34000878173.325146,175069182.0,155512206.0,53490251.0,20647987,1461773.0,384071639.0,686772090114.5066,1788.13539032104,0.45582428959301524,0.4049041642462957,0.13927154616068904,39.94883397433491,168.56540861391395,28.055570305224077,145.07071011032147,7.9304803489615106,36.749650558989714,14.78876999888492,80.88653114156878,151.81181366684476,168.58527893414382,243.23183241176434,18.600924099768175,33260.970675471006,96.39202551238904
967,rajasthan,2021,4,608592201190.1,122399978116.0072,34497594753.67006,179543868.0,182274484.0,48371763.0,22032956,1643349.0,410190115.0,765489774059.7772,1866.1828895115555,0.43770890968447645,0.4443658619125914,0.11792522840293214,6.800417773101963,122.11812267584969,11.461980630596958,106.43324188751092,6.707525532634251,34.158284928459025,12.421627708269334,67.4044275841836,110.73432946606103,130.42100625350034,137.48984494201645,18.61711678632681,34742.94479868145,65.56422347997066
968,rajasthan,2022,1,777682174082.8374,154019828753.32623,40187887123.30132,230002464.0,249207437.0,56318976.0,23412998,1863349.0,535528877.0,971889889959.4648,1814.8225645719285,0.42948657650071037,0.46534827103263754,0.10516515246665215,30.556260966942126,122.2528574314175,26.963144759601953,107.45982781139887,6.263535405780329,31.489019910538254,13.387296307722817,60.56806147148619,107.00857462631821,173.39656738472996,45.546953662636035,22.87314409713784,41510.69803019096,69.02769340180089
969,rajasthan,2022,2,856881787824.0721,185696135153.66168,43287057548.97304,248313762.0,309286081.0,63079382.0,24647652,2003276.0,620679225.0,1085864980526.7069,1749.4785338218899,0.40006778380571706,0.49830261517130686,0.10162960102297608,15.900234638514178,126.16440525785309,11.727160838353367,102.47045760498841,5.273369946044504,28.837398039530026,7.5094359671752375,57.3114211360356,87.47043908662366,242.9180005138125,21.79870176913381,25.182083266998415,44055.514112529134,75.5425122668661
970,rajasthan,2022,3,931465115313.1274,213574127971.03088,52657808607.232605,289727149.0,374499257.0,72804376.0,25962683,2112900.0,737030782.0,1197697051891.3909,1625.029891752053,0.3931004729731899,0.508118882068619,0.09878064495819118,18.745843636058535,91.8992987659784,10.298892898308498,74.39512600048977,5.3353195671538955,25.739535771695323,5.472236476651249,44.54364665375541,65.49294723956613,140.81663210410636,36.10774793335705,28.388082310291274,46131.482323740995,52.61651602914221
971,rajasthan,2022,4,1072991252418.4116,250279179694.83136,58306596014.51637,317940780.0,426355884.0,76699563.0,27182742,2221707.0,820996227.0,1381577028127.7593,1682.805575338849,0.38726216947645,0.519315278168751,0.09342255235479907,11.392393241996235,100.15017353599562,15.352795262039521,80.48275430259002,4.699279346437346,23.373105270123528,5.149652136873484,35.19386326337255,77.08250554120846,133.9087044130653,58.56267839565823,30.202848079123143,50825.521138660675,62.2316088241192
972,rajasthan,2023,1,1216304257848.7102,272854866976.7351,62628364788.08772,353143283.0,478301186.0,87654297.0,28357153,2212283.0,919098766.0,1551787489613.533,1688.3794723901663,0.38422778493862103,0.5204023807817842,0.09536983427959471,11.949207045503263,71.62450158593407,12.320012422067705,59.667006071876536,4.320428748505201,21.117137583149326,-0.4241783457494597,18.726175289760526,53.538912957036835,91.92893749796079,55.639010553032776,32.41153179234883,54722.96494692302,41.70125302714527
973,rajasthan,2023,2,1320838006950.7446,300468672839.6393,73250105399.77365,389689144.0,586137559.0,97266041.0,29493668,2257614.0,1073092744.0,1694556785190.1575,1579.1335787749558,0.3631458195751252,0.5462133280438992,0.09064085238097556,16.754888995248642,72.89006958465542,9.200312319322833,56.05593840665164,4.007860027415311,19.661166913586747,2.049059726987923,12.696103782005075,56.93417105089811,89.5130738198335,54.19624910085516,36.383834794641345,57454.93524881874,44.48302155494432
974,rajasthan,2023,3,1385349527066.4614,333052331969.5913,80368290198.97678,438636047.0,696907330.0,101501052.0,30792255,2324919.0,1237044429.0,1798770149235.0295,1454.0869406680215,0.3545839071880255,0.5633648344897078,0.08205125832226677,15.278426391074351,67.84162333670345,6.149889160142696,50.185737402829055,4.402934894364452,18.601975766526134,2.9812448009269854,10.034502342751672,51.39625282406654,86.09044396582073,39.41614168906551,40.17388232852709,58416.31764984505,41.5167177881657
975,rajasthan,2023,4,1587558670209.73,388816396700.8862,93683284817.80492,484389540.0,760169113.0,106407366.0,32021284,2406772.0,1350966019.0,2070058351728.4211,1532.2801037295528,0.35855049881902323,0.5626855911318077,0.07876391004916905,9.209175299555872,64.552037460216,15.081871500300558,49.833003124961884,3.991357567024556,17.800051223677137,3.520681795795899,8.32985627717786,52.35212670736984,78.294505019661,38.73268873774418,42.189626718279,64646.32560419567,39.68757717071516
976,rajasthan,2024,1,1796649112943.0537,453364031337.5751,102693368371.04707,566598111.0,910181233.0,123778868.0,33414280,2513905.0,1600558212.0,2352706512651.676,1469.9287379943642,0.3540003148601508,0.5686648734023052,0.07733481173754397,18.475090379012716,74.14431084112674,13.654115628540332,51.61267431261536,4.350219060547356,17.83369085041788,4.451314873199452,13.63396997581232,60.44425542705283,90.2945799929503,41.21255002478659,47.90042496800769,70410.21122261728,47.78821709165631
977,rajasthan,2024,2,1878817919148.1792,497602411496.18713,117115016606.87685,603687650.0,1080979751.0,134036249.0,34754315,2630384.0,1818703650.0,2493535347251.243,1371.050939085784,0.33193294025664927,0.5943682748973425,0.07369878484600831,13.62933483858817,69.48242919066836,5.985822449262601,47.149707170859244,4.010366226655182,17.836530200312815,4.633389089882067,16.511680030332897,54.91518285662072,84.42424212572939,37.803746941854044,52.33029769109246,71747.50379201096,43.82842816447629
978,rajasthan,2024,3,1829888143795.0515,505972802743.3226,134973847418.75644,638890431.0,1159471272.0,134482860.0,35974844,2738128.0,1932844563.0,2470834793957.1304,1278.3411771726262,0.3305441333618507,0.5998781765463672,0.0695776900917821,6.275948970575818,56.24698011553795,-0.9103762382649538,37.362452618413336,3.5118775898762555,16.830819957810817,4.0961319716056765,17.773049297631438,45.6538821580252,66.37380926959113,32.49405533254966,53.72767045216374,68682.29349256192,33.73781008466845
979,rajasthan,2024,4,2073554684226.187,572508820739.6886,145258143416.05234,672386566.0,1233463293.0,134791141.0,37075516,2840940.0,2040641000.0,2791321648381.9277,1367.8651209996897,0.32949772448951087,0.6044489417785882,0.0660533337319009,5.577087731911945,51.050505438360695,12.970792511446149,34.8426553314924,3.059560174882203,15.783976682509039,3.7548281161435826,18.03943206917813,38.81112420387937,62.261695707702344,26.674633596324515,55.0401240538365,75287.46594873899,30.45890266194253
980,rajasthan,2025,1,2053189406477.934,547455692237.5456,146394293977.1007,665402771.0,1225941832.0,143752639.0,38208545,2927213.0,2035097242.0,2747039392692.58,1349.8320060583033,0.3269636247681574,0.602399633147358,0.07063674208448463,-0.27166748095328597,27.149217488129707,-1.586426118789186,16.76081899380053,3.0560033203583803,14.34795243231337,3.036776559871024,16.440875848530467,17.438226157446547,34.69205775197521,16.136656702984233,53.26288247825192,71895.94350406644,11.195010302780762
981,rajasthan,2025,2,2083540820747.571,594185008574.2501,153914784853.21082,674572899.0,1361793084.0,144038201.0,39315591,3005610.0,2180404184.0,2831640614175.032,1298.6769310726254,0.3093797489245691,0.6245599297565831,0.06606032131884773,7.140049084691347,19.88782141609493,3.079723636563081,13.55927307373046,2.8973780603265498,13.124344415937994,2.6782130306199026,14.26506548093358,11.74204060659514,25.97766819778291,7.462124667484549,55.4590209263292,72023.35109689772,5.978798847477806
982,rajasthan,2025,3,1986862855925.9,623412535441.0137,167928428557.28268,706351073.0,1471559131.0,145697952.0,40494453,3082538.0,2323608156.0,2778203819924.1963,1195.6421364550401,0.30398889381415994,0.633307783500481,0.062703322685359,6.5677718402323615,20.2170210931752,-1.8871319327507297,12.439885771351133,2.998459313507462,12.563248363217362,2.5594804382471414,12.57830167179912,10.559031521948082,26.91639426836958,8.339421097974874,57.380899946963105,68607.02180429987,6.799530789357422
983,rajasthan,2025,4,2187278611276.553,692007966379.2545,183112188444.0957,731137692.0,1482912609.0,145740845.0,41560104,3178588.0,2359791146.0,3062398766099.9033,1297.7414426233734,0.30983152608201203,0.6284084129706282,0.061760060947359786,1.5571898345497104,15.639700760692342,10.229449118800126,9.7114253341285,2.63159746842363,12.095820864637453,3.115938878936775,11.885080290326444,8.737700746983702,20.223489212499814,8.12345968641961,56.78020310055047,73686.0226841565,3.16147370055333
984,rajasthan,2026,1,2217137086266.0674,690792083371.6877,183713597091.5824,751360343.0,1529887412.0,153879554.0,42603158,3240632.0,2435127309.0,3091642766729.3374,1269.6021088108694,0.3085507440301143,0.6282576711064267,0.06319158486345898,3.192492824108606,19.65655786584768,0.9549377093917011,12.54453703698022,2.5097482912939784,11.501649696422621,1.9519358910308648,10.707078712755091,12.918126546244867,24.79282230741271,7.044681106689099,57.158375653748486,72568.39426620293,7.313710776143512
985,rajasthan,2026,2,2258793597210.056,737008735503.4113,193710479556.99692,762303898.0,1639275785.0,151848846.0,43692290,3314270.0,2553428529.0,3189512812270.4644,1249.1098834552358,0.2985413099847135,0.6419900797622834,0.05946861025300309,4.858112327957964,17.108036562087236,3.1656324137560032,12.638333985744676,2.5564583733440616,11.132222328795716,2.272334532276421,10.269462771284354,13.005414111662962,20.37627479976245,5.422620489407537,58.44116957476937,72999.44251652784,5.377211134689164
986,sikkim,2018,1,66093008.17618766,10025384.408270871,435001.8856134153,15233.0,37037.0,152.0,23332,,52422.0,76553394.47007194,1460.3295271083123,0.29058410590973255,0.7065163480981267,0.002899545992140704,,,,,,,,,,,,2.246785530601749,3281.04725141745,
987,sikkim,2018,2,145936615.15177527,17695178.276072778,1739628.2459005015,27106.0,59274.0,968.0,32306,,87348.0,165371421.67374855,1893.247946990756,0.3103219306681321,0.6785959609836516,0.01108210834821633,66.62469955362253,,116.02101751137823,,38.462197839876566,,,,,,,2.703770197486535,5118.907375526173,
988,sikkim,2018,3,241294832.95036188,20729391.05840729,2283114.551538514,46387.0,75943.0,1704.0,41742,,124034.0,264307338.56030768,2130.9265085404622,0.37398616508376736,0.6122756663495493,0.013738168566683329,41.99981682465541,,59.82648990086324,,29.208196619822946,,,,,,,2.97144362991711,6331.927999624064,
989,sikkim,2018,4,394562886.4212607,33285769.30826584,3852652.302035161,71395.0,108280.0,2170.0,53799,1.0,181845.0,431701308.03156173,2374.0070281369394,0.39261458934807114,0.5954521708048063,0.01193323984712255,46.608994308012306,,63.333076706479474,,28.88457668535289,,,,,,,3.3800814141526794,8024.337032873505,
990,sikkim,2019,1,442152475.0727525,32670006.07559294,4919087.353032504,107340.0,122550.0,3141.0,64728,15.0,233031.0,479741568.50137794,2058.702784184842,0.460625410353129,0.5258956962807524,0.01347889336611867,28.148148148148145,344.5290145358819,11.128124834475607,526.675762482263,20.31450398706296,177.42156694668267,1400.0,,604.654368804569,230.8853308853309,1966.4473684210527,3.6001575824990732,7411.654438595012,60.23592521244587
991,sikkim,2019,2,653537356.8513823,48303133.023233786,6556707.426822832,130037.0,165212.0,3183.0,76521,57.0,298432.0,708397197.3014388,2373.730690078272,0.43573410358138537,0.5536001501179498,0.010665746300664808,28.065364693967766,241.65865274534048,47.662250639305206,328.3673624690689,18.219317760474606,136.86312140159723,280.0,,379.7351139969011,178.72591692816414,228.82231404958677,3.900001306830805,9257.552793369648,44.24307622209549
992,sikkim,2019,3,728684372.0871565,51550810.80853837,11079786.37040665,148858.0,168555.0,16288.0,88720,111.0,333701.0,791314969.2661015,2371.3293315456094,0.44608197158534135,0.5051078660237758,0.04881016239088286,11.81810261634142,169.03994066143153,11.704983063248807,199.3919781328906,15.94202898550725,112.54372095251783,94.73684210526316,,220.90456377864487,121.94935675440792,855.868544600939,3.7612826871055005,8919.23996016796,26.58098741083719
993,sikkim,2019,4,928687032.3295316,54465099.50482026,21203030.92945511,195405.0,161964.0,51718.0,100028,153.0,409087.0,1004355162.7638069,2455.1138578439472,0.47766123098509605,0.39591578319526166,0.1264229858196423,22.59088225687067,124.96466771151256,26.922300445711002,132.65047941211668,12.74571686203787,85.92910648896819,37.83783783783783,15200.0,173.69563694936622,49.57886959734024,2283.3179723502303,4.08972487703443,10040.740220376363,20.99486302047091
994,sikkim,2020,1,968699085.3588932,64468435.35287748,27080228.506059445,200232.0,180421.0,78924.0,112394,197.0,459577.0,1060247749.2178301,2307.0078555232967,0.4356875996840573,0.3925805686533486,0.1717318316625941,12.342117935793606,97.21710845338174,5.565022068509773,121.00393604203275,12.362538489223018,73.64046471387962,28.75816993464053,1213.3333333333333,86.53996646171045,47.22235822113423,2412.702960840497,4.088981618235849,9433.312714360465,13.577851094991654
995,sikkim,2020,2,1085512986.2285562,85610793.34037137,35280245.1435785,203950.0,221971.0,121448.0,127647,221.0,547369.0,1206404024.712506,2204.0050216809977,0.3726005674417075,0.4055235133885916,0.22187591916970087,19.102783646701216,83.41498230752735,13.78510594363429,70.30050786595,13.571009128601164,66.81303171678363,12.182741116751261,287.719298245614,56.839976314433585,34.355252645086324,3715.5199497329563,4.288146215735583,9451.095793183593,9.952430226752673
996,sikkim,2020,3,1385937712.3937476,120049410.47269784,37374366.65132688,264230.0,256031.0,119316.0,143462,242.0,639577.0,1543361489.5177722,2413.0972338245,0.4131324297152649,0.4003130193862506,0.18655455089848447,16.845674490151975,91.6616971480457,27.930731156634316,95.03757030517824,12.389637045915691,61.70198376916141,9.502262443438925,118.01801801801801,77.50473605718201,51.897600189849015,632.5392927308447,4.45816313727677,10757.98113450093,18.527733971188297
997,sikkim,2020,4,1858924914.26326,173307727.47761595,53725417.51414898,353096.0,273203.0,152036.0,157981,291.0,778335.0,2085958059.2550247,2680.0260289657085,0.45365555962406934,0.3510095267461954,0.19533491362973526,21.69527672195841,90.261484720854,35.15680373149574,107.69127661123767,10.120450014638017,57.93677770224337,20.24793388429753,90.19607843137254,80.69957268237762,68.68131189647082,193.97115124328087,4.926763344959204,13203.854003044826,20.466864962606792
998,sikkim,2021,1,2160719813.60437,195762388.9900069,84331917.59327225,436996.0,153480.0,289217.0,169708,399.0,879693.0,2440814120.1876493,2774.62037345716,0.49675966501950114,0.17446995713277247,0.32877037784772645,13.022413228237205,91.41362600826413,17.01165847310262,130.21167665654522,7.423044543331159,50.993825293165116,37.11340206185567,102.53807106598987,118.2448359902513,-14.93229723812638,266.4500025340834,5.183568246635398,14382.434064320181,26.769174591491506
999,sikkim,2021,2,2284284292.528548,219743279.7521869,103873376.75277984,496633.0,160006.0,408180.0,181725,455.0,1064819.0,2607900949.0335145,2449.149525913338,0.4664013320573731,0.1502659137374521,0.38333275420517476,21.044387075945803,94.53403462746337,6.845536801180896,116.17143971771765,7.080986164470748,42.36527297938848,14.035087719298245,105.88235294117645,143.50723216474628,-27.91580882187312,236.09446018048877,5.859507497592516,14350.81000981436,36.64430275466677
1000,sikkim,2021,3,2826149716.258697,343651197.45822304,115377038.26957431,641409.0,234862.0,418872.0,193942,792.0,1295143.0,3285177951.986494,2536.5368549932277,0.4952418381599561,0.18134059327811677,0.32341756856192716,21.63034280943521,102.49993354983059,25.97019657529469,112.85861894953446,6.722795432659234,35.18701816508902,74.06593406593407,227.27272727272728,142.74647087764447,-8.268139404993924,251.06104797344867,6.677991358241123,16938.971197504892,49.792440352918874
1001,sikkim,2021,4,3298868313.712458,498126630.7184079,132714801.81277326,766037.0,347103.0,384951.0,206238,952.0,1498091.0,3929709746.2436395,2623.144886554715,0.5113421013810242,0.23169687288689406,0.2569610257320817,15.669929884190402,92.47380626593949,19.61938755455872,88.38872281291643,6.340039805715114,30.54607832587464,20.2020202020202,227.14776632302406,116.94864852617984,27.049483351207716,153.19726906785235,7.263894141719761,19054.24677432694,47.437447937331555
1002,sikkim,2022,1,3775519170.48781,615331014.9297271,136780480.8489868,946961.0,483455.0,404118.0,217994,1219.0,1834534.0,4527630666.266524,2468.0004111488392,0.516186126831119,0.26353013898897487,0.22028373417990618,22.458115027725277,108.54252563110083,15.215396521191682,85.49674179689033,5.7002104364860084,28.452400593961393,28.046218487394945,205.51378446115288,116.69786451134563,214.99543914516548,39.72830089517561,8.415525197941228,20769.519648552367,62.350041468126925
1003,sikkim,2022,2,4866185751.557163,934618859.8759933,166160346.19972554,1270954.0,766320.0,474966.0,229640,1350.0,2512240.0,5966964957.632882,2375.1572133366567,0.5059046906346527,0.3050345508390918,0.18906075852625545,36.9415884360824,135.93117703572156,31.79001109985038,128.8033584958138,5.342348871987301,26.366762966020097,10.746513535684986,196.7032967032967,155.91412572261612,378.9320400484982,16.361899162134353,10.939905939731753,25983.99650597841,86.70350612618228
1004,sikkim,2022,3,4875222196.164858,1010457427.7179368,178610029.60546988,1454342.0,918215.0,531908.0,241620,1493.0,2904465.0,6064289653.488264,2087.9196869262546,0.5007262955484056,0.3161391168425166,0.18313458760907775,15.612560901824658,124.25824793092346,1.6310586126517368,84.59546916845969,5.2168611740115,24.58363840735891,10.592592592592599,88.51010101010101,126.74175136301487,290.9593718864695,26.98580950743903,12.020797119443754,25098.458958233026,80.00617962179935
1005,sikkim,2022,4,5257077919.462416,1167051934.213043,187444321.1499581,1598547.0,1044864.0,549517.0,252358,1585.0,3192928.0,6611574174.825417,2070.693161519902,0.5006523792581605,0.3272432074885497,0.17210441325328976,9.931708593493127,113.1331140765147,9.024709448407474,68.245865515776,4.444168529095283,22.362513212889958,6.162089752176825,66.49159663865547,108.67751818776377,201.02419166645058,42.7498564752397,12.652374800878118,26199.185977165045,74.18170686450296
1006,sikkim,2023,1,5348759522.7538805,1168673496.1544535,190928109.33153093,1725226.0,1136164.0,540109.0,262655,1831.0,3401499.0,6708361128.239864,1972.177892229239,0.507195798087843,0.33401861943807715,0.1587855824740798,6.532280088996689,85.41487920093059,1.4639018009202642,48.164937087758666,4.080314473882352,20.487261117278454,15.520504731861195,50.2050861361772,82.18553879198826,135.00925629065787,33.65130976595945,12.950444499438428,25540.58033633422,53.88753755507285
1007,sikkim,2023,2,6693985957.47983,1607247353.4284844,246102843.71920463,2144313.0,1696647.0,596642.0,272768,2524.0,4437602.0,8547336154.627519,1926.1159866584517,0.4832143576643421,0.38233419761393656,0.13445144472172132,30.460188287575573,76.63925421138107,27.41317873669933,43.24428273529328,3.8502979193238307,18.780700226441382,37.84817039868924,86.96296296296295,68.71680643044516,121.40189476980896,25.617833697569935,16.268777862505864,31335.553124367663,48.710399816333116
1008,sikkim,2023,3,6127031966.50907,1641029718.5267706,235060504.7914191,2132175.0,2004746.0,603240.0,282679,3235.0,4740161.0,8003122189.82726,1688.365055496482,0.44981067098775757,0.42292782882269186,0.1272615001895505,6.818074266236596,63.20255193297217,-6.3670593381965235,31.971304919839238,3.6334907320506815,16.993212482410392,28.16957210776545,116.67782987273947,46.60753797937487,118.3307830954624,13.410589801243834,16.76870584656094,28311.696977233045,39.497453288163385
1009,sikkim,2023,4,6388769210.325094,1914203040.13664,254455034.62655684,2130107.0,2139471.0,572923.0,292795,3496.0,4842501.0,8557427285.088291,1767.1503392747447,0.4398774517547854,0.4418111632811227,0.1183113849640919,2.1589983968898885,51.66333221419337,6.92611061175108,29.431010812402427,3.5786174423993344,16.02366479366615,8.068006182380216,120.56782334384857,33.252697606013456,104.76071527012127,4.259376870961229,16.538878737683362,29226.685172521018,30.71758462716032
1010,sikkim,2024,1,6863532846.961853,2197663503.72295,285796464.96609336,2446211.0,2665840.0,623826.0,304915,4068.0,5735877.0,9346992815.650896,1629.5664665840804,0.42647549799272194,0.4647658936898403,0.10875860831743776,18.44864874576175,68.62791963190347,9.226669468035787,39.333477088812515,4.139414949025766,16.089547124555015,16.361556064073234,122.17367558711088,41.79075668926853,134.63514070151845,15.50001944052033,18.81139661872981,30654.421119495255,45.25676411759867
1011,sikkim,2024,2,8068187527.409076,2752713219.1047883,343151531.5111357,2862938.0,3596853.0,666213.0,319071,4805.0,7126004.0,11164052278.025,1566.6637680844692,0.4017592468373579,0.5047503481614661,0.09349040500117597,24.235648707250878,60.582314502292014,19.440043425855237,30.61440519080081,4.642605316235682,16.975231698732983,18.117010816125866,90.37242472266244,33.51306455727312,111.99772256692171,11.660426185216588,22.333599731721154,34989.24151058855,37.27890269614347
1012,sikkim,2024,3,7536002567.901677,2760800336.080408,351311648.7812564,3059339.0,4040039.0,738457.0,333732,6355.0,7837835.0,10648114552.763342,1358.5530382769402,0.3903295999469241,0.5154534383538312,0.09421696169924475,9.989202924949247,65.34955247300671,-4.621419825104322,33.04950618270108,4.594902075086726,18.060414816806336,32.258064516129025,96.44513137557959,43.48442318290009,101.5237341787937,22.415124991711433,23.485416441935445,31906.183862390608,40.055032611547794
1013,sikkim,2024,4,8950472814.439768,3359629499.482387,403717598.9841714,3463436.0,4792790.0,765750.0,345323,7123.0,9021976.0,12713819912.906326,1409.2056898517937,0.38388885095681924,0.5312350642475662,0.08487608479561462,15.108011332211003,86.30819074688884,19.39972893705302,48.570586571746155,3.473146117243786,17.940197066206732,12.084972462627853,103.74713958810067,62.594461217206465,124.01752582764618,33.656704304068775,26.126194895793216,36817.18250132869,57.96835632070649
1014,sikkim,2025,1,8830937494.53429,3423627479.374304,425902300.9005053,3649693.0,5355602.0,847175.0,357215,7607.0,9852470.0,12680467274.8091,1287.0343451752808,0.370434317485869,0.5435796302856035,0.08598605222852747,9.205233975350847,71.76919937439384,-0.26233373074106003,35.66360352365447,3.4437323896757466,17.152321138677994,6.79488979362628,86.9960668633235,49.19780018976285,100.89735317948563,35.803092529006484,27.581344568397185,35498.13774564086,46.6203978759103
1015,sikkim,2025,2,9565314310.861591,4166402973.38558,467828372.9641411,3900931.0,6402735.0,853169.0,368764,8059.0,11156835.0,14199545657.211313,1272.7216685745834,0.34964494858981066,0.5738845290801557,0.07647052233003357,13.238964442419011,56.56509594998824,11.979671959092553,27.189888613844015,3.233066920482064,15.57427657167214,5.941895622452997,67.72112382934444,36.25621651604052,78.00935984873443,28.062496528887905,30.25467507674285,38505.780545854024,35.46707848341675
1016,sikkim,2025,3,9318622896.694172,4061482902.707009,492555318.1197452,4192100.0,6777789.0,911937.0,379914,8403.0,11881826.0,13872661117.520926,1167.552960085506,0.35281614122273797,0.5704332818878176,0.07675057688944444,6.498178022709844,51.59576592260491,-2.3020774578401904,30.28279371694744,3.0236140187219984,13.8380496925677,4.268519667452542,32.22659323367427,37.026331504942746,67.76543493763303,23.492227712649495,31.275041193533273,36515.266922305906,33.16792261638892
1017,sikkim,2025,4,9619852936.28011,4372018990.55571,550566284.2679479,4339229.0,6862025.0,920936.0,391051,8877.0,12122190.0,14542438211.103767,1199.654370299737,0.35795751427753564,0.5660713946902334,0.07597109103223097,2.0229550575812105,34.362915618485346,4.828036149004777,14.382918042917492,2.9314529077633322,13.242095081995696,5.640842556229919,24.624455987645668,25.28682499113597,43.17391331562619,20.265883121123075,30.999000130417773,37188.08598137779,18.651033011352027
1018,sikkim,2026,1,10461597071.043783,4888226546.891243,617517391.5740582,4721228.0,7607696.0,958880.0,402651,9257.0,13287804.0,15967341009.509085,1201.6538631597127,0.3553053612169475,0.5725322257914099,0.07216241299164255,9.615539766329363,34.86774382464499,9.798238629044631,25.920761936191884,2.9663650009845277,12.719510658846911,4.280725470316549,21.690548179308532,29.35959271094857,42.05118304160764,13.185587393395704,33.00079721644799,39655.53546249503,19.648979166376247
1019,sikkim,2026,2,11879485154.353392,5639655887.743444,735492408.3597246,5266430.0,8719037.0,970777.0,407103,9576.0,14956244.0,18254633450.456562,1220.5359480934226,0.352122498135227,0.5829696947977046,0.06490780706706845,12.55617557272819,34.054541453736654,14.324817385595502,28.557870027241684,1.1056721577743511,10.39662222993567,3.446040833963493,18.823675393969474,35.004438683996206,36.17675883821523,13.78484215905642,36.73823086540752,44840.331440585214,21.429930323887913
1020,tamil-nadu,2018,1,7820270673.002471,775786901.4529727,159784787.01395154,2011437.0,2877514.0,34940.0,2155558,48.0,4923891.0,8755842361.469397,1778.2364316085382,0.40850559039588813,0.5843983954965697,0.0070960141075421855,,,,,,,,,,,,2.2842767394799863,4061.984118019277,
1021,tamil-nadu,2018,2,13603391651.991997,1145876704.3647156,403675172.57059,3227447.0,3673579.0,228225.0,3061794,58.0,7129251.0,15152943528.927303,2125.460799307992,0.45270491949294533,0.5152826012157519,0.03201247929130283,44.78896872412488,,73.06094494812663,,42.041828612359296,,20.833333333333325,,,,,2.32845547414359,4949.040833226306,
1022,tamil-nadu,2018,3,20384167420.608696,1388964282.6679444,588816746.9998128,5632565.0,4759711.0,419825.0,3937412,211.0,10812101.0,22361948450.276455,2068.233403505614,0.5209500910137632,0.4402207304574754,0.03882917852876143,51.65830183282929,,47.57494745220294,,28.598200924033424,,263.7931034482759,,,,,2.745991783435414,5679.351932253077,
1023,tamil-nadu,2018,4,30419612893.53309,2360306573.480562,872704583.3236806,8650679.0,7901767.0,570827.0,5262463,12417.0,17123273.0,33652624050.33733,1965.3149284215308,0.5052000864554341,0.46146358818200234,0.03333632536256357,58.371374814201225,,50.49057162959918,,33.65284100317672,,5784.834123222749,,,,,3.253851476010378,6394.842880669627,
1024,tamil-nadu,2019,1,42021625038.37033,2856450204.6193867,1187483992.4267583,14460181.0,9953421.0,764913.0,6377974,89054.0,25178515.0,46065559235.41647,1829.5582259484515,0.5743063480908227,0.39531406042016376,0.03037959148901355,47.04265358614559,411.3540287549013,36.88548972143144,426.11224978342113,21.197507706942552,195.88505621282283,617.1941692840461,185429.1666666667,618.8980316062597,245.90347779367886,2089.218660560962,3.9477293259583686,7222.600662125069,72.82185024819128
1025,tamil-nadu,2019,2,54367509183.54697,4553800603.751009,1668416007.110484,15910165.0,14143783.0,850224.0,7498284,230529.0,30904172.0,60589725794.408455,1960.5678415978416,0.514822561821103,0.457665812887658,0.027511625291238996,22.74024897814664,333.4841345886125,31.52933948932808,299.85449479661384,17.565295813372718,144.89838310480718,158.86428459137153,397363.7931034483,392.9644080909772,285.0137155074111,272.53762734143936,4.121499265698659,8080.4789194979085,77.00571522479093
1026,tamil-nadu,2019,3,66691385067.05685,5410331527.432514,3011331339.376821,20175934.0,18733358.0,1705873.0,8534286,318903.0,40615165.0,75113047933.86618,1849.3842862356014,0.4967586368293715,0.4612404750787052,0.0420008880919233,31.42291920974294,275.6454457833866,23.96994201415914,235.896704622524,13.816521220055144,116.7486155881071,38.33530705464388,151038.8625592417,258.20152985362796,293.5818372165873,306.329542071101,4.759058344189543,8801.327719022562,73.30927109460073
1027,tamil-nadu,2019,4,84592540847.90417,6923792236.809929,4386056505.334708,26891922.0,23550229.0,3831224.0,9717126,406910.0,54273375.0,95902389590.04881,1767.024615477641,0.4954901367383178,0.43391863874321435,0.07059122451846785,33.62835039572041,216.95678156857045,27.677403897238673,184.9774491480925,13.859858926687018,84.64977330957007,27.5967927551638,3177.0395425626157,210.86486968248389,198.0375022447511,571.1707750334165,5.585332021011151,9869.419166742184,71.65294919543948
1028,tamil-nadu,2020,1,96028911809.95132,9491915924.783709,5177339140.994316,29210450.0,29894565.0,6013364.0,10970688,484793.0,65118379.0,110698166875.72934,1699.952741079893,0.4485745875215966,0.4590803005093232,0.09234511196908018,19.98218094968298,158.62676571672316,15.427954766223873,140.30570498452028,12.900542814819937,72.0089796540406,19.140104691455107,444.3809374087632,102.00611596770469,200.34462522985814,686.1500588955869,5.935669576967278,10090.357767510053,50.35654896441788
1029,tamil-nadu,2020,2,74555844036.41754,8372582724.493982,5004012549.854483,19796701.0,22003787.0,8584890.0,12255108,516057.0,50385378.0,87932439310.766,1745.1975712232625,0.392905675928441,0.436709773220318,0.17038455085124102,-22.624950476730998,63.03746303249931,-20.565586773013433,45.12764030181646,11.707743397679348,63.43883480540347,6.448938000342408,123.85773590307511,24.42800561779215,55.57214784757374,909.7209676508779,4.111377721028652,7175.166413120635,-0.2455791938201668
1030,tamil-nadu,2020,3,117745860926.56848,14292550827.705069,6499711631.452433,30434012.0,31747599.0,8348187.0,13765652,620844.0,70529798.0,138538123385.72598,1964.2495415303185,0.4315057303864673,0.45013029811881783,0.1183639714947149,39.98068646026631,73.65385072299966,57.550642824898944,84.43949113568505,12.325831808254971,61.298226940133006,20.30531511054012,94.68114128747614,50.84313816649082,69.47094589234884,389.37916245816655,5.123607512379363,10064.04370717246,7.660111346079779
1031,tamil-nadu,2020,4,168605320526.09393,26090565386.000893,9496061204.73348,46846688.0,52957176.0,12315930.0,15495864,769374.0,112119794.0,204191947116.8283,1821.1944548955228,0.4178270966141804,0.47232673295849975,0.10984617042731991,58.96797832881926,106.58341958649156,47.39043818884792,112.91643304163928,12.56905230496892,59.46962095582582,23.923884260780493,89.07719151655158,74.20356938414443,124.86904904406661,221.4620184045621,7.235465799131949,13177.190191965308,29.544058829685515
1032,tamil-nadu,2021,1,202314422175.67444,29819782859.304302,13159377856.267248,56209553.0,55184006.0,24308721.0,16872782,912668.0,135702280.0,245293582891.24597,1807.5863050439975,0.41421229621197225,0.4066549655613745,0.17913273822665324,21.033294085431507,108.3932095422707,20.12892102493218,121.58775507693322,8.885712987672068,53.798759020400546,18.62475207116434,88.25931892580958,92.42960310436847,84.595447366436,304.24496172192465,8.042673697793287,14537.826832068711,35.49732837221953
1033,tamil-nadu,2021,2,208096074120.6173,31531043535.377983,16066386815.962755,58488704.0,50846255.0,33606899.0,18151670,975536.0,142941858.0,255693504471.95807,1788.7937658677843,0.4091782828232161,0.35571284514854984,0.23510887202823402,5.334897836646513,183.6971035525426,4.2397854269685675,190.78404565612027,7.579591794643004,48.115136969825144,6.888375619611953,89.03648240407551,195.4467211481347,131.07956371328262,291.46569146488775,7.874859888924821,14086.50027639099,91.53822448973526
1034,tamil-nadu,2021,3,286237931595.271,50429758137.33414,19540625515.812508,80872706.0,83456564.0,36222902.0,19501393,1089153.0,200552172.0,356208315248.4176,1776.1379081370287,0.4032502126179915,0.41613393247119757,0.18061585491081095,40.303319689604145,184.35098027644997,39.31066257785325,157.11934487277662,7.43580618202071,41.667049261451616,11.646622984697652,75.431026151497,165.7313337459419,162.87519884574579,333.90142075159554,10.283992123024237,18265.78825668595,100.71779694632453
1035,tamil-nadu,2021,4,295037255751.9232,59413720684.0082,19968437890.78281,86906217.0,99367500.0,32518385.0,20870525,1209788.0,218792102.0,374419414326.71423,1711.302240364756,0.39720911406573534,0.45416401730991185,0.14862686862435281,9.094855377582256,95.14136995292732,5.112485671648703,83.3663959884228,7.020688214426518,34.684487421934016,11.076037985480468,57.243161323361576,85.51197685522614,87.63746012438428,164.03515609458643,10.483306097953932,17940.105211858074,44.88778454611217
1036,tamil-nadu,2022,1,384701436475.59216,75275191246.74313,23144920260.22531,111499213.0,133533757.0,33014685.0,22131653,1356884.0,278047655.0,483121547982.56067,1737.5494426757912,0.4010075646924625,0.48025492968102895,0.11873750562650852,27.083040227841494,104.89534516295524,29.03218409529218,96.95645613230688,6.042627102097331,31.167776600207354,12.158824521321087,48.672244452528204,98.3634578983398,141.97909263781972,35.81415904193397,12.56334784392291,21829.438044350354,56.20859823481321
1037,tamil-nadu,2022,2,439879819448.2068,93236250525.09148,27652449748.450054,128465769.0,170116252.0,39544405.0,23307037,1467182.0,338126426.0,560768519721.7483,1658.4581286815728,0.3799341285439784,0.5031143351096728,0.11695153634634875,21.607364751916357,136.54822368406602,16.071933049442542,119.3127748316531,5.31087307396334,28.40161263398906,8.128771508839371,50.39752505289399,119.64201668752996,234.56987540183638,17.667521183671255,14.507482268123571,24060.051894273318,84.22527476999116
1038,tamil-nadu,2022,3,501139991410.0064,113306550720.82524,32680575544.035248,150895801.0,206948312.0,45832819.0,24513100,1553055.0,403676932.0,647127117674.867,1603.0817378360052,0.37380337848980677,0.5126582561324063,0.1135383653777868,19.386389515736923,101.28275249993304,15.400043853383494,81.67097453173271,5.174673211356717,25.69922569121088,5.852920769202452,42.59291394322009,86.58433538751629,147.971282402664,26.529947821408673,16.46780423528644,26399.236231846113,60.13046332870697
1039,tamil-nadu,2022,4,519947723633.1219,120197012260.56296,34806191901.540215,160182520.0,227776260.0,47329274.0,25708338,1632127.0,435288054.0,674950927795.225,1550.5845418749418,0.3679919963987801,0.5232770757361515,0.1087309278650684,7.83079722771971,98.95053341550692,4.299589579915808,80.26600704157671,4.875915326906832,23.18012124754887,5.091384400423671,34.91016607868487,84.31652593968046,129.22611517850405,45.5462010182855,16.93178508855765,26254.164224666136,61.511883086789695
1040,tamil-nadu,2023,1,554061542867.6825,129807459290.97186,36533612462.68308,169078610.0,252046397.0,46919825.0,26767037,1653481.0,468044832.0,720402614621.3374,1539.1743811014612,0.36124447582833263,0.5385090909411002,0.1002464332305671,7.525310584333189,68.33259464101576,6.734072797645241,49.114155149904825,4.118115297846159,20.94459008552141,1.3083540680351557,21.858685046031944,51.64107929622786,88.75107138639109,42.118045348607744,17.485866366157747,26913.79754215371,39.181582675161984
1041,tamil-nadu,2023,2,602385316888.7815,135701093179.60844,43274055354.29386,180963627.0,271653945.0,51542857.0,27769575,1683247.0,504160429.0,781360465422.6837,1549.8250566243541,0.35894056056509743,0.5388244086090302,0.10223503082587229,7.7162687270094565,49.104119120225164,8.46163652992673,39.33743388633737,3.745420159877977,19.146740960680674,1.8002021190446138,14.726530178260088,40.865250259779316,59.687238465611145,30.341718379629178,18.155136655854474,28137.28569568255,25.1432627682453
1042,tamil-nadu,2023,3,640871448049.5564,148082915891.10593,46755700051.33452,198443890.0,307301051.0,52970605.0,28891897,1731234.0,558715546.0,835710063991.9968,1495.7702000151555,0.3551787513712747,0.5500134248994031,0.09480782372932219,10.820983532604856,38.40660729159524,6.955765101311107,29.141561397505633,4.04155267050359,17.86308953171978,2.8508590836638925,11.472806822681747,31.510544816286835,48.49169245700347,15.573526036004903,19.33813989437938,28925.413377736906,17.42998409552696
1043,tamil-nadu,2023,4,662120744347.6,165231775169.36227,50820128624.30105,208447240.0,336363862.0,53010030.0,30002865,1783632.0,597821132.0,878172648141.2633,1468.9555138396536,0.3486782732196894,0.5626496689314088,0.08867205784890186,6.999194183868296,37.3392002161401,5.081018642569934,30.10911045190745,3.84525806664755,16.704802154071572,3.02662724969589,9.282672243030099,30.131077972802522,47.67292342055314,12.002626535112281,19.925468184455053,29269.626355391836,17.68084747260645
1044,tamil-nadu,2024,1,688262540343.62,176265329719.35828,52931892253.27631,219014310.0,370440883.0,53629398.0,31080814,1856637.0,643084591.0,917459762316.2546,1426.654868047141,0.340568430755636,0.5760375667281382,0.08339400251622574,7.571404986734387,37.398075362148205,4.47373466460681,27.353752428910273,3.592820219002424,16.11600492052967,4.093052827040555,12.286563921811023,29.534013793938808,46.973290397799246,14.300081042501755,20.69072550673866,29518.524267615856,18.328283388826616
1045,tamil-nadu,2024,2,734785382559.2427,192748966919.74872,59681915568.40393,232646050.0,417547691.0,57183613.0,32173286,1925501.0,707377354.0,987216265047.3954,1395.6006076035555,0.32888535190511625,0.590275739870519,0.08083890822436479,9.997559248002563,40.307987955952804,7.603222026329615,26.34581716562179,3.514940117076737,15.858042479944334,3.70907183256608,14.392064860356202,28.559564071955744,53.70573433049168,10.943817103502829,21.986481393290074,30684.346791539894,21.10336490472029
1046,tamil-nadu,2024,3,784471251607.5933,202823138127.37915,66540217929.45436,261752730.0,458580459.0,61174987.0,33289377,1991578.0,781508176.0,1053834607664.4268,1348.462677714106,0.3349328107349193,0.5867890741043251,0.07827811516075553,10.479671363638253,39.87586019308651,6.748100185913475,26.100504597311968,3.468999094466141,15.220461294043798,3.4316783008681906,15.038059557517936,31.902640086323643,49.228405665296606,15.48855634176729,23.476203114284775,31656.78371404868,21.398455293562748
1047,tamil-nadu,2024,4,807796181686.3564,214423798003.24924,69190292305.47217,272558373.0,488070607.0,62311789.0,34331442,2054574.0,822940769.0,1091410271995.0779,1326.2318663848794,0.3312004742834657,0.5930810884397927,0.0757184372767416,5.301619902694399,37.65668775321913,3.5656130532597086,24.28197055614889,3.1303229255386755,14.427212201234774,3.163119897890021,15.190465297774436,30.756527646995945,45.101975015377846,17.547167960478415,23.970469081957,31790.399948684877,20.30065672764303
1048,tamil-nadu,2025,1,840526789986.4423,220363297120.24692,72818819269.21487,286554114.0,524381598.0,64768769.0,35340007,2114180.0,875704481.0,1133708906375.904,1294.6249916196375,0.32722695865707235,0.5988111393482752,0.07396190199465247,6.411605061700376,36.17251808790425,3.875594308225172,23.570422697742988,2.937729792998489,13.70360827744086,2.901136683322192,13.871478377302626,30.838078114621826,41.55608143283689,20.771016299679523,24.779408815623608,32080.041930266285,19.760947036648503
1049,tamil-nadu,2025,2,829079675015.9103,229391363851.10117,74782023558.89085,277697186.0,540167131.0,62179306.0,36318119,2173347.0,880043623.0,1133253062425.9023,1287.7237364242594,0.31554934180802535,0.6137958583900789,0.07065479980189573,0.49550300291314464,24.409357752778725,-0.04020820048585838,14.792786803557757,2.7677187500274147,12.882840130162654,2.7985791181450947,12.871766880411894,19.36466834489561,29.366571206832525,8.736231829213036,24.231530906102268,31203.517517685934,10.211045017404864
1050,tamil-nadu,2025,3,863520956731.7437,243069774917.73157,80642654989.58861,301171264.0,589397918.0,63869623.0,37334630,2227787.0,954438805.0,1187233386639.0637,1243.907289204428,0.31554800833983276,0.617533481363428,0.06691851029673924,8.45357889719065,22.127808039720364,4.7633071555622575,12.658416985401866,2.7989087210160912,12.151783435298302,2.5048922238372517,11.860394119637796,15.059454776269199,28.52660998361467,4.4048002821806875,25.564437226242767,31799.78981013241,8.895110089958912
1051,tamil-nadu,2025,4,890138493792.19,252907294131.02087,86037051412.34727,310141970.0,606536327.0,65358581.0,38313127,2282219.0,982036878.0,1229082839335.558,1251.5648514531224,0.3158149932532371,0.6176309063212186,0.0665541004255443,2.891549762585366,19.332631823955726,3.5249558484002907,12.614190178805739,2.6208830782573633,11.59777966797899,2.44332155632474,11.079912429535277,13.789191866066798,24.272250428717168,4.889591598790388,25.63186445209758,32079.940625456078,6.931009003036759
1052,tamil-nadu,2026,1,936525207357.9678,265130932133.1607,89621157220.28961,321088498.0,630192289.0,63942573.0,39201469,2318838.0,1015223360.0,1291277296711.418,1271.9144846227907,0.3162737488625163,0.620742502418384,0.0629837487190996,3.379351910651973,15.932187401927877,5.060233158041827,13.898487473227018,2.318636116545636,10.926602249965601,1.6045348846889906,9.680254282984425,12.0516099098825,20.178185390861113,-1.2756086193331906,25.89758460327086,32939.51297364438,4.512520036160961
1053,tamil-nadu,2026,2,937916167838.1294,284788943434.0261,93999283994.46033,318715551.0,667642639.0,62934777.0,40264046,2358819.0,1049292967.0,1316704395266.6157,1254.849157172151,0.3037431499338354,0.6362785799554492,0.059978270110715416,3.355873036648793,19.23192664280007,1.9691431592543829,16.188028863386215,2.7105540356153535,10.864899143042074,1.7241825431530744,8.533934065752046,14.770896886221951,23.599271537312404,1.2149878289088756,26.06029625040663,32701.740785479327,7.5470483123450505
1054,telangana,2018,1,12423399491.243776,1316445636.2138915,319178533.1659571,3466488.0,5817357.0,57129.0,3449556,36.0,9340974.0,14059023660.623625,1505.091830961485,0.3711056256017841,0.6227784168974242,0.006115957500791674,,,,,,,,,,,,2.7078771876728482,4075.6038344133635,
1055,telangana,2018,2,22075517649.658665,1694490577.5530658,631317441.5697474,5011318.0,6332946.0,200012.0,4414688,395.0,11544276.0,24401325668.78148,2113.716413985726,0.43409547727375886,0.5485788801307245,0.0173256425955166,23.587497406587367,,73.56344407559732,,27.978441283457922,,997.2222222222222,,,,,2.6149698461137003,5527.304685808256,
1056,telangana,2018,3,30365700862.47212,1978413062.5479784,836249250.1312712,11838453.0,7792425.0,324907.0,5290796,31579.0,19955785.0,33180363175.151367,1662.6939594283747,0.5932341423802672,0.3904845136385264,0.016281343981206453,72.86302752983383,,35.97770721777462,,19.845298240781673,,7894.683544303797,,,,,3.7717925620265835,6271.336709098474,
1057,telangana,2018,4,46081440035.47229,3848274917.684684,1228666410.0002103,16046190.0,13909469.0,437924.0,6687832,116006.0,30393583.0,51158381363.15719,1683.1967906895738,0.5279466392626364,0.4576449245881935,0.014408436149170041,52.304622444068215,,54.18270467114563,,26.405024877164053,,267.35172108046487,,,,,4.544609224633633,7649.471661841563,
1058,telangana,2019,1,85319540455.10503,6164985124.373475,2026823297.6075563,39258819.0,24788513.0,766073.0,8100506,280921.0,64813405.0,93511348877.08606,1442.7779080127955,0.6057206684327108,0.38245966247260116,0.01181966909468805,113.24700348754537,593.8613146766065,82.78793500771367,565.1340173712896,21.12304854547782,134.8274966401473,142.16075030601866,780236.1111111111,1032.5243012524493,326.1129753597725,1240.9529310857884,8.001155113026273,11543.889835657928,195.47703084357647
1059,telangana,2019,2,124335864879.21596,10353177191.952587,2993760421.3468103,41264830.0,39189406.0,1000749.0,9164840,388096.0,81454985.0,137682802492.51535,1690.2931415740284,0.5065967417463768,0.4811173435241563,0.012285914729466834,25.67613906413342,605.5876436079665,47.23646289552457,464.24312498998245,13.139105137382767,107.59881559013911,38.15129520398975,98152.15189873418,723.4326777905533,518.8179403392986,400.34447933124017,8.887769453694773,15022.935751471423,239.88038014677466
1060,telangana,2019,3,157634477767.56183,14419160483.876093,6061095345.363766,52781429.0,58293457.0,3037163.0,10225604,490375.0,114112049.0,178114733596.8017,1560.8757809335427,0.4625403667933436,0.5108440126248193,0.026615620581837068,40.09216133303566,471.8244058051337,29.365999509259176,436.80766740428885,11.574277346904038,93.27156064985307,26.354046421503963,1452.8515785807024,345.8473501563084,648.0785121448073,834.7791829662027,11.159443393270461,17418.504921254695,195.86577760454819
1061,telangana,2019,4,220372592609.8759,19253524363.04993,10257048661.68765,73588551.0,70715723.0,8205780.0,11330987,571643.0,152510054.0,249883165634.61346,1638.4701144661155,0.4825160641540393,0.4636790896421819,0.0538048462037788,33.64938701608977,401.7837284929519,40.2933719117667,388.450101383724,10.809953133330797,69.42690845104961,16.572622992607688,392.7702015412996,358.60450985561056,408.3998749341186,1773.7908860898237,13.459555994548401,22053.08025105081,196.16530991470347
1062,telangana,2020,1,278613502500.96564,26165921472.54637,13352169351.886292,80752201.0,83326336.0,13251013.0,12385312,640815.0,177329550.0,318131593325.3983,1794.0134248657278,0.45537926983968546,0.4698953784070393,0.07472535175327519,16.27400643370043,173.60011405048078,27.312135060182374,240.20639969974062,9.304794013089946,52.8955351678031,12.100559265135757,128.1121738851848,105.69187524464247,236.14898965500672,1629.7324145349073,14.317729743102152,25686.19937272459,78.94578396302035
1063,telangana,2020,2,246873669219.42123,25696632652.10433,13256909348.194078,67182596.0,54016206.0,17127927.0,13431777,673726.0,138326729.0,285827211219.71967,2066.3194545699093,0.485680507922659,0.3904972407754976,0.12382225130184348,-21.994541236923006,69.8198446663516,-10.154408673468772,107.59833911374494,8.449242134554225,46.55768131249427,5.1358036250712,73.59776962401054,62.808367319094735,37.83369413662459,1611.5107784269583,10.298468251818058,21279.92530100222,15.872360387755524
1064,telangana,2020,3,367127681647.09753,43984574129.58855,17669426403.28238,97545501.0,91185733.0,18741092.0,14605692,802189.0,207472326.0,428781682179.9685,2066.693377602411,0.4701615048167918,0.4395079322530948,0.09033056293011339,49.98715541086784,81.8145654364685,50.014297221812654,140.73341577154505,8.73983390284101,42.83451618114687,19.067543778924968,63.58684680091766,84.81026915735836,56.42533089090942,517.0591436811261,14.204895324370801,29357.163096412583,27.29035690917034
1065,telangana,2020,4,541619060957.6361,74049862780.52893,24949245748.98179,146516443.0,150218614.0,25104426.0,15891633,986977.0,321839483.0,640618169487.1469,1990.4896798729535,0.45524694992130593,0.4667501097123003,0.07800294036639377,55.124053990699466,111.0283712836401,49.4042763744432,156.36707773419104,8.80438256537246,40.249326912121596,23.0354691974086,72.6561857662912,99.10222583401595,112.4260456193031,205.93588909281019,20.252134126178223,40311.66397356061,50.46658399713229
1066,telangana,2021,1,628599935154.7805,84750001746.74103,32325539480.42288,166657150.0,181674390.0,44128809.0,17082180,1156920.0,392460349.0,745675476381.9443,1900.0020722652528,0.4246471023751752,0.4629114519795731,0.11244144564525167,21.942884490651515,121.31694858527528,16.39936422329422,134.39214841489706,7.491659290143438,37.92288801444808,17.218537007448,80.53884506448819,106.38093814928959,118.0275753394461,233.0221546081043,22.974839803818952,43652.24323721822,60.464265047938426
1067,telangana,2021,2,796671454814.8999,106469152135.32986,39949756097.35822,209768440.0,193360174.0,57938162.0,18184140,1230127.0,461066776.0,943090363047.588,2045.4528761091822,0.4549632524378638,0.4193756394193105,0.12566110814282572,17.4811104293239,233.3171971412698,26.474638487980172,229.95121738868326,6.450933077628274,35.381491220409636,6.327749541887084,82.58565054636455,212.23628214664404,257.96696643225926,238.26721704266953,25.355434790977192,51863.347018203116,146.20588393328325
1068,telangana,2021,3,915020718063.9188,141160746201.711,46465968656.7891,252405062.0,276644191.0,63692205.0,19355996,1326576.0,592741458.0,1102647432922.419,1860.2502288989865,0.42582657007264707,0.4667198274496264,0.10745360247772646,28.558701006901433,185.6966369577406,16.918534652313035,157.15824130276513,6.444385052028845,32.52364899930793,7.840572558768333,65.36950768459802,158.75623110490764,203.3853892472411,239.8532220000841,30.623144270126943,56966.711138110324,115.58162570609002
1069,telangana,2021,4,988843323341.8315,170008683532.33478,47979012420.584,268871846.0,316270714.0,57265743.0,20513162,1434453.0,642408303.0,1206831019294.7502,1878.6043294567291,0.41853731457764176,0.49232040202942395,0.08914228339293429,8.379175158016361,99.60518734738335,9.448494891627025,88.3853872363456,5.978333535510139,29.081523591691294,8.13198791475196,45.338037259226915,83.50967338184698,110.54029562541432,128.1101467924421,31.316883423433207,58832.032784353294,54.63497934744821
1070,telangana,2022,1,1260996266544.6206,211460696611.1499,57151375462.19792,333860206.0,422012965.0,64419623.0,21608530,1545651.0,820292794.0,1529608338617.9685,1864.7101983660343,0.4070012664282895,0.5144662589831308,0.07853247458857965,27.690254028363647,109.0129094799332,26.74585871283317,105.13056779602121,5.339830105178334,26.497496221208294,7.751944469424932,33.600508246032575,100.32756230380753,132.2908391215735,45.98087838717786,37.961526952550685,70787.24645396834,65.23086679472993
1071,telangana,2022,2,1452935935003.293,270089764704.24185,69451111782.40771,385083123.0,533356769.0,74769332.0,22613597,1632694.0,993209224.0,1792476811489.9426,1804.7323445819534,0.38771601561364477,0.5370034390659264,0.07528054532042888,21.079842620194956,115.41548333120409,17.18534517858872,90.06416370299554,4.651251149430347,24.358902868103737,5.631478257381528,32.72564540084073,83.5753381204532,175.83589627924107,29.05023117578358,43.92088635876902,79265.44421437875,73.22079751674539
1072,telangana,2022,3,1593003221296.6406,327422910299.6183,83168602672.25273,437894151.0,638075219.0,85263291.0,23635593,1698591.0,1161232661.0,2003594734268.5115,1725.4033593432587,0.37709424278757864,0.5494809441981412,0.07342481301428018,16.917224784050134,95.90879722133423,11.778000218763406,81.70764964810671,4.51938716339555,22.109929140303606,4.036090045042129,28.043248181785295,73.48865649929002,130.64833448825243,33.867701706982835,49.13067596823147,84770.2333623917,60.4364187258156
1073,telangana,2022,4,1736196198729.0193,357455673967.45654,89158272083.51419,483151075.0,727397449.0,88183985.0,24652313,1755424.0,1298732509.0,2182810144779.99,1680.7234204530025,0.37201738745418594,0.5600825758647426,0.06790003668107149,11.840852623073106,102.16620845885922,8.944693627222367,80.87123299628011,4.301647942575415,20.178025211325302,3.345890800080764,22.375846402775124,79.69567367793502,129.9920342924954,53.99081611496772,52.6819738577877,88543.82729847662,68.2222753314202
1074,telangana,2023,1,1897536122945.972,378155849852.9837,96023768579.53612,522531494.0,807980480.0,94109699.0,25533334,1767962.0,1424621673.0,2371715741378.4917,1664.8039169473534,0.3667861467386226,0.5671544209337605,0.06605943232761699,9.693232680910736,73.672337904263,8.654238530559045,55.053792627816335,3.5737863623587884,18.16321610030853,0.7142433964671735,14.38300107850996,56.51206241692668,91.45868658324277,46.08855907151148,55.794581036695014,92887.03705432639,46.976651140599344
1075,telangana,2023,2,2154504317228.9216,426203455991.6583,115898990615.76514,592921662.0,945635928.0,105486872.0,26347321,1798270.0,1644044462.0,2696606763836.345,1640.227394188531,0.36064819152074734,0.5751887797788768,0.06416302870037587,15.402179621340073,65.5285132551286,13.698565000416952,50.440259341200154,3.187938559061654,16.51096904220943,1.7142902392698556,10.141275707511642,53.9723832560691,77.29894565189252,41.08307400686688,62.39892329091068,102348.42334962045,42.071184040329435
1076,telangana,2023,3,2270601054225.1577,469469718130.1089,125742828624.49985,646881028.0,1103013563.0,111964832.0,27152426,1844528.0,1861859423.0,2865813600979.7666,1539.2212567596016,0.3474381685367446,0.5924258026004576,0.06013602886279777,13.248726906997721,60.334744752757175,6.274805782312076,43.03359616414848,3.0557376212936305,14.879393971625765,2.572361213833285,8.591650373750959,47.725432395647594,72.86575785354235,31.31657327184334,68.57064716795472,105545.39771067847,39.56788873064434
1077,telangana,2023,4,2453024924963.2,528265459033.3901,140335565374.5022,695650059.0,1197673180.0,112690584.0,27926155,1893687.0,2006013823.0,3121625949371.093,1556.1338180126254,0.3467822858566613,0.5970413395301912,0.056176374613147416,7.742496464514237,54.459352414654916,8.92634288230989,43.00950345297796,2.849575945810523,13.28006017123018,2.665126254521488,7.87633073263212,43.98189199930891,64.65182571735963,27.79030568872567,71.83279699622092,111781.44464825511,36.35175703577449
1078,telangana,2024,1,2515341808958.9707,551637212441.384,140030315642.12573,734914725.0,1318718383.0,116600513.0,28813177,1974451.0,2170233621.0,3207009337042.4805,1477.7253960173905,0.3386339230434399,0.6076389058945465,0.05372717106201351,8.186374197282898,52.33754070509637,2.7352216138704755,35.218959046858565,3.1763126717587964,12.845337784717037,4.264907558640885,11.679493111277273,40.64505842015333,63.21166360355637,23.89850805919589,75.32087214818415,111303.56562355066,34.996751922282684
1079,telangana,2024,2,2694489780560.953,614390231757.3098,153027710274.055,782308152.0,1500188080.0,121387058.0,29668981,2034941.0,2403883290.0,3461907722592.318,1440.131364527401,0.32543516370131265,0.6240686002688591,0.05049623602982822,10.766106779432306,46.21765685556014,7.948164746689068,28.380146820784958,2.970182704947799,12.607202075687308,3.0636364234919,13.161038108849056,31.941233073046327,58.64330400102988,15.073141992493632,81.02345308050856,116684.41604355464,29.847517885474172
1080,telangana,2024,3,2740575303938.576,636667952162.2289,172304775357.61182,841561320.0,1637882726.0,128384944.0,30496407,2090746.0,2607828990.0,3549548031458.417,1361.1122681239988,0.322705715454141,0.628063700603313,0.049230583942546015,8.484010053582924,40.065837290659935,2.5315610896893936,23.85830084150953,2.788858842169195,12.315588301391568,2.7423399499051815,13.348563968668415,30.095223630518973,48.491621584892506,14.665419227351673,85.51266350819623,116392.33538096528,24.70738871509304
1081,telangana,2024,4,2978364157661.4985,695686216804.9426,185461769757.3621,905792395.0,1785244498.0,133221680.0,31420121,2147214.0,2824258573.0,3859512144223.8037,1366.557644941175,0.32071864936851163,0.6321108538244313,0.04717049680705705,8.299224520853254,40.78958682230376,8.732495236528193,23.637879964490025,3.028927309371232,12.511446706501484,2.7008541448841683,13.388009739729956,30.208052638144032,49.05940350104525,18.21899866984451,89.88694133291212,122835.68685886994,25.133567244556843
1082,telangana,2025,1,3106162446357.0947,701503784213.8406,204161345380.19855,958239626.0,1855676564.0,143755048.0,32290034,2196581.0,2957671238.0,4011827575951.1343,1356.4143047433367,0.32398449621059605,0.6274113701882643,0.04860413360113961,4.723811986460058,36.283541522002814,3.946494428195746,25.095600116052697,2.768649426907044,12.066899113554875,2.299118765060215,11.250215882794755,30.387865884712006,40.718184255417334,23.288521037639008,91.59703077426305,124243.52281422603,21.609094746085322
1083,telangana,2025,2,3206185482855.754,753375688787.3877,217575720576.669,962138565.0,1937172444.0,145148278.0,33161493,2246001.0,3044459287.0,4177136892219.8105,1372.045574745047,0.31602937477547555,0.6362944159811325,0.04767620924339199,2.9343372544234025,26.647549806796157,4.12054888050577,20.659972100351666,2.698848195700254,11.771594042950117,2.2498601235283466,10.37179947723299,22.9871582624132,29.12863859043595,19.574755654758526,91.80706330079892,125963.47493219955,13.309245422526338
1084,telangana,2025,3,3161804777164.1587,788245239067.9331,238662475799.4272,1003412650.0,2078091958.0,147360477.0,34013239,2298730.0,3228865085.0,4188712492031.519,1297.270831008264,0.31076326312345753,0.6435982623287588,0.04563847454778371,6.057095221717113,23.814295238738037,0.27711803827326076,18.006925245366688,2.568479048877559,11.531955223446477,2.347683727656391,9.947836800835685,19.232268184569136,26.876724750316463,14.780185595594443,94.92965621415826,123149.4740042699,11.012395497491934
1085,telangana,2025,4,3416100281646.537,863546356690.6409,262278926121.95865,1062691144.0,2268697781.0,153727384.0,34807525,2374216.0,3485116309.0,4541925564459.137,1303.2350032996092,0.3049227198689741,0.6509675947231063,0.044109685407919624,7.9362629671471785,23.399335397892408,8.43249741059,17.68133885150853,2.3352259983237644,10.781002402886998,3.2838132360042183,10.571931814900616,17.32171189182925,27.080508218432264,15.39216740098157,100.12536970094828,130486.88651258993,11.390340149762523
1086,telangana,2026,1,3525336117851.279,900239213824.5024,288288320241.09924,1085668689.0,2320751024.0,164767985.0,35513627,2425675.0,3571187698.0,4713863651916.881,1319.9708473897417,0.30400773658803076,0.6498541158449074,0.046138147567061874,2.469684835990371,20.743227040165046,3.7855769544787643,17.49915874186856,2.0285900821733316,9.983244365738365,2.167410210359977,10.429572139611508,13.298246027659054,25.062258640455614,14.617181999758365,100.55823636374848,132733.94046507502,9.783292661057907
1087,telangana,2026,2,3802953114082.109,1012378680044.0645,312713949965.9152,1143923545.0,2560637907.0,173670988.0,36479877,2481953.0,3878232440.0,5128045744092.089,1322.2636403124122,0.29496002694464596,0.6602590088695148,0.04478096418583926,8.59783265304024,27.386575887555953,8.78646738131219,22.76460830487523,2.720786587075441,10.006738840136054,2.320096467993449,10.505427201501693,18.893846127038884,32.18430372221421,19.650739501022542,106.31155472371796,140571.90335625553,15.798883987167933
1088,tripura,2018,1,134421469.7887414,28594349.267880432,3018251.5447109267,52393.0,127863.0,3813.0,55908,,184069.0,166034070.60133278,902.0208215469894,0.28463782603262905,0.694647116027142,0.020715057940228935,,,,,,,,,,,,3.292355297989554,2969.7730307171205,
1089,tripura,2018,2,234823711.2926422,39795180.750681534,7098205.466822536,85672.0,166739.0,10572.0,84393,,262983.0,281717097.5101463,1071.2369145919938,0.3257701068129879,0.634029576056247,0.040200317130765106,42.87196649082681,,69.67427016023836,,50.94977462974888,,,,,,,3.1161707724574312,3338.1571636290487,
1090,tripura,2018,3,462622108.7983402,53528153.65399282,11628930.066378605,209683.0,221767.0,15295.0,116340,,446745.0,527779192.5187116,1181.3880234109204,0.4693572395885796,0.4964062272661138,0.03423653314530661,69.87599958932707,,87.3436852726708,,37.85503537023214,,,,,,,3.8399948427024237,4536.523917128345,
1091,tripura,2018,4,636102982.8223121,77316200.24774538,12879216.807753189,203650.0,319338.0,15376.0,155407,6.0,538364.0,726298399.8778107,1349.084262465192,0.3782756647918509,0.5931637330876507,0.0285606021204984,20.508119844654104,,37.61406477805789,,33.58002406738869,,,,,,,3.4642197584407395,4673.524357833371,
1092,tripura,2019,1,835430897.7767484,80684749.28930724,14835627.718742777,360490.0,343127.0,19000.0,187484,389.0,722617.0,930951274.7847984,1288.3052499246467,0.49886731145267826,0.4748393685728401,0.02629331997448164,34.22461383004807,292.57941315484953,28.177519727624013,460.69894053258577,20.640640382994334,235.3437790656078,6383.333333333333,,588.049930334205,168.35519266715156,398.2953055337005,3.8542862324251668,4965.49718794563,17.06774887809801
1093,tripura,2019,2,1064655143.015416,108657863.84835307,19732258.122727152,338442.0,428388.0,20351.0,222378,882.0,787181.0,1193045264.9864962,1515.59204933363,0.4299417795907167,0.5442052082049744,0.025853012204308794,8.934746899118062,199.3277131981915,28.15335209270584,323.4905426510464,18.61172153357087,163.50289715971704,126.73521850899743,,295.043888318237,156.92129615746765,92.4990541051835,3.539833077013014,5364.942867489123,13.595606129810411
1094,tripura,2019,3,1265594643.273656,124539861.09818187,36531274.737003945,382672.0,452124.0,45479.0,254600,1187.0,880275.0,1426665779.108842,1620.7046424229268,0.43471869586208856,0.5136167674874329,0.05166453665047854,11.82625088766116,97.04193667528456,19.581865079108283,170.3148967090554,14.48974269037404,118.84132714457624,34.58049886621315,,82.50025037795147,103.87343473104656,197.34553775743709,3.457482325216025,5603.557655572828,-9.961276854663769
1095,tripura,2019,4,1505788066.8313568,126969321.11140788,51982054.108680606,504103.0,405722.0,107837.0,283407,1413.0,1017662.0,1684739442.0514455,1655.5000010331971,0.49535405665142257,0.39868050492206647,0.10596543842651096,15.60728181534179,89.02861261154162,18.08928669360863,131.9624333930625,11.314611154752562,82.36437226122375,19.039595619208093,23450.0,147.5340044193469,27.05096167696923,601.333246618106,3.5908146234920095,5944.5936129010415,3.6543543388901867
1096,tripura,2020,1,1831956802.9914815,162400289.51873952,63620709.42686123,487025.0,467518.0,175447.0,314602,1614.0,1129990.0,2057977801.9370823,1821.2354108771601,0.4309993893751272,0.4137364047469447,0.15526420587792814,11.03784950209401,56.374677041918474,22.154070271611737,121.06181684028638,11.007138144082539,67.80205244180837,14.225053078556261,314.9100257069409,35.10083497461789,36.25217485071126,823.4052631578948,3.591808062250081,6541.528032043923,-6.81003315132439
1097,tripura,2020,2,1889815503.7170544,240794850.23150808,84402827.28886497,444122.0,537656.0,271589.0,351939,1741.0,1253367.0,2215013181.237427,1767.2502796367123,0.35434314131455513,0.4289693282175133,0.21668753046793157,10.918415207214217,59.22221191822465,7.6305672078938125,85.6604477838063,11.868011010737378,58.261608612362735,7.86864931846345,97.3922902494331,31.225438923065106,25.506783570034642,1234.5241020097292,3.561318864916932,6293.741759899946,0.6069717819024323
1098,tripura,2020,3,2672490831.144614,388228047.1312779,104569062.47761647,656697.0,751363.0,268938.0,395067,1801.0,1676998.0,3165287940.7535086,1887.4726986874812,0.39159080690615017,0.44804048663146884,0.160368706462381,33.79943783424966,90.50842066399704,42.901539709357664,121.86611518296084,12.25439635845984,55.17164179104477,3.4462952326249185,51.727042965459134,71.60832253209016,66.18516159283736,491.3454561445942,4.244844545355598,8012.028189531165,22.77270412627137
1099,tripura,2020,4,3280786960.4051666,462547067.77304935,134293401.36861244,792607.0,835017.0,340143.0,431153,1980.0,1967767.0,3877627429.5468283,1970.5724455928107,0.40279514800278693,0.4243474964261521,0.172857355571061,17.338661107526665,93.36154833333661,22.5047294946489,130.1618477469242,9.134146866227756,52.1320927147177,9.938922820655183,40.12738853503184,57.231161092078395,105.81013600445624,215.42327772471418,4.563964532312196,8993.622750037292,27.101090166381624
1100,tripura,2021,1,3682810853.416312,491872668.2462593,192478860.01588684,841592.0,548634.0,622318.0,458876,2294.0,2012544.0,4367162381.678458,2169.9711318999525,0.41817321757934234,0.2726072075939706,0.309219574826687,2.2755234740698516,78.1028150691599,12.62459999125911,112.20648626860034,6.429968015994314,45.859212592418366,15.858585858585862,42.13135068153655,72.80262820183769,17.350348007991133,254.704269665483,4.385812289158727,9517.086057406485,22.105975963850465
1101,tripura,2021,2,3837789667.9570208,568476415.6842147,254093339.7134401,953822.0,628463.0,846661.0,485926,4022.0,2428946.0,4660359423.354675,1918.6755997682433,0.39268966868757066,0.25873897567092885,0.3485713556415005,20.690330248680276,93.79367735068817,6.713673915727658,110.39872190517369,5.894838692805893,38.07108618254868,75.32693984306889,131.01665709362433,114.76576256073781,16.88942372074338,211.7434800378513,4.998592378263357,9590.677229361416,40.3579002011085
1102,tripura,2021,3,4600632223.041059,899870389.9314712,302298171.2746465,1152547.0,823202.0,900667.0,514890,6525.0,2876416.0,5802800784.247176,2017.3718906608697,0.40068856521448915,0.28619017555179777,0.3131212592337131,18.42239391077447,71.52173109329887,24.51401827866175,83.3261584052223,5.960578359667923,30.329792161835844,62.2327200397812,262.2987229317046,75.50666441296367,9.561157523061414,234.89763439900648,5.586467012371575,11269.981518862623,31.60592697049138
1103,tripura,2021,4,5002477605.98305,1019700029.9353136,314812714.0911961,1220840.0,944059.0,832667.0,544397,9671.0,2997566.0,6336990350.00956,2114.0453120997367,0.40727710415717283,0.31494185615929726,0.2777810396835299,4.211838621395514,52.33338093381992,9.205719541717583,63.424425506247076,5.730738604362107,26.26538606944635,48.214559386973185,388.4343434343434,54.02841509095933,13.058656290830006,144.7990992023943,5.506213296546454,11640.38440698527,20.645400672228618
1104,tripura,2022,1,6443770643.332241,1369022464.871479,354228495.6467906,1605926.0,1401056.0,834523.0,573074,12351.0,3841505.0,8167021603.850511,2125.9953075293433,0.4180460522633707,0.3647153914936984,0.21723855624293084,28.154142394195823,90.87806279017998,28.878555162044563,87.0097992718015,5.267663120847477,24.886461702072026,27.711715437907138,438.40453356582384,90.82001730054468,155.371704998232,34.09912617022166,6.7033315069258075,14251.251328537868,52.84127693963894
1105,tripura,2022,2,6962693904.413734,1613454209.6802697,387533235.4173299,1895868.0,1782176.0,919982.0,603260,15494.0,4598026.0,8963681349.511333,1949.462954213685,0.41232215737797046,0.3875958944120803,0.20008194820994923,19.693349351361,89.30128541350857,9.754593342635708,92.3388420341835,5.26738257188426,24.146474977671506,25.447332199821872,285.2312282446544,98.76538809127908,183.57691701818567,8.6600185906756,7.621963995623777,14858.736447819072,52.482207366383584
1106,tripura,2022,3,8420933875.964836,2104092279.6662133,483985911.9537748,2395190.0,2338359.0,1080703.0,636726,20339.0,5814252.0,11009012067.584826,1893.4528581810396,0.4119515287607073,0.4021770986190485,0.1858713726202442,26.451046601302373,102.13529614631543,22.81797665849641,89.71893878333572,5.547525113549723,23.66252986074695,31.27016909771525,211.7088122605364,107.81712155773255,184.05652561582698,19.98918579230726,9.131481987542521,17290.030668741067,63.45718980028509
1107,tripura,2022,4,8821033758.202938,2288692992.4149723,513311484.10871565,2557126.0,2695646.0,1108002.0,668667,23805.0,6360774.0,11623038234.726625,1827.2993561360026,0.4020149120217131,0.4237921359884819,0.174192951989805,9.39969578201978,112.19796328087521,5.5774865480414215,83.4157477407093,5.016443493747702,22.827091258768874,17.041152465706276,146.14827835797746,109.45627600668391,185.5378742218442,33.06664008541229,9.51261838852523,17382.401456519652,72.76153095071034
1108,tripura,2023,1,10545295627.277016,2742674970.230193,581379212.7343385,3052408.0,3266101.0,1246464.0,699295,26411.0,7564973.0,13869349810.241549,1833.3640860636976,0.4034922530457148,0.4317399414379932,0.164767805516292,18.931642595696687,96.9273240565872,19.3263717295838,69.82139246090102,4.580456340749572,22.02525328317111,10.9472799831968,113.83693628046312,90.07152259817701,133.11709167941896,49.36245016614282,10.817999556696387,19833.331870300157,61.38243417499718
1109,tripura,2023,2,10786215603.027617,3072128972.8487115,674710309.036011,3251151.0,3992703.0,1274385.0,731619,28521.0,8518239.0,14533054884.912338,1706.1102517682748,0.3816693802557078,0.46872399330424985,0.14960662644004236,12.6010496005736,85.25860880299503,4.785408715992512,62.13265865039508,4.6223696723128205,21.277558598282663,7.989095452652295,84.07770749967729,71.48614776978144,124.03528046612679,38.522818924718095,11.642998609932219,19864.239289729132,52.755885708947936
1110,tripura,2023,3,11695896993.254982,3414024032.3417635,752170633.869936,3675914.0,4601060.0,1354567.0,768145,32375.0,9631541.0,15862091659.46668,1646.8903220644215,0.3816537768982139,0.4777075651757076,0.1406386579260785,13.069626245518595,65.65399986103114,9.144923659058746,44.08278928289457,4.99248926012037,20.639804248609295,13.512850180568714,59.17695068587443,53.4706641226792,96.76448312684238,25.341282480015327,12.538701677417675,20649.866443792096,37.312888472247984
1111,tripura,2023,4,12663132875.340992,4061621923.279481,813508698.432836,3991339.0,5363050.0,1353229.0,809084,35430.0,10707618.0,17538263497.053307,1637.9239058634055,0.3727569474368622,0.5008630304144208,0.12638002214871694,11.172428171151427,68.33828713298098,10.567155161950325,50.8922464408103,5.329592720124454,20.99954087759677,9.436293436293441,48.834278512917464,56.086911634389544,98.9523105036789,22.132360771911962,13.234247618294269,21676.69055012002,39.123079238186655
1112,tripura,2024,1,13275760018.606487,4392266548.5399065,867414459.4611719,4244206.0,5904516.0,1432777.0,858086,37140.0,11581499.0,18535441026.607563,1600.4354036215486,0.366464306563425,0.5098231239324029,0.12371256950417213,8.161301607883287,53.09372551627085,5.685725554994647,33.64318645218993,6.056478684537092,22.707298064479218,4.826418289585099,40.62322517133013,39.0445182950641,80.78179456177259,14.947322987266375,13.496897746845887,21600.91299311207,24.763341652119507
1113,tripura,2024,2,13080179254.861387,4818454956.449345,948947899.0045412,4532604.0,7412685.0,1547478.0,910150,38797.0,13492767.0,18847582110.31527,1396.8656029052654,0.3359284274307857,0.5493821245115994,0.11468944805761487,16.50276876939678,58.39854927761476,1.6840229658394934,29.68768273133069,6.0674571080288064,24.40218201003528,4.461497038233708,36.029592230286454,39.41536397417407,85.65580760702711,21.429395355406733,14.824772839641817,20708.21525057987,27.327790170784194
1114,tripura,2024,3,13873685073.52222,5098592905.158588,1071814226.36081,5092683.0,7914763.0,1567960.0,958718,40877.0,14575406.0,20044092205.04162,1375.1995796920935,0.3494024797662583,0.5430217861512743,0.10757573408246741,8.023847147141883,51.32994813602516,6.348347961680978,26.364748327999177,5.336263253309892,24.80950862141913,5.361239271077656,26.26100386100385,38.54195174315831,72.02042572798442,15.753595060266502,15.20301694554603,20907.182513566677,21.248733215551454
1115,tripura,2024,4,15574695669.12185,5773405042.708102,1151763359.6888337,5671226.0,8800063.0,1563293.0,995320,43371.0,16034582.0,22499864071.518787,1403.208644386164,0.3536871743834669,0.5488177365646326,0.09749508905190045,10.011220270639454,49.749290645221,12.251848780956397,28.290147284530786,3.8178066960253165,23.018129143574704,6.10123052083078,22.413209144792546,42.08830670609538,64.08690950112343,15.523167180129892,16.109976690913474,22605.658553549398,21.72944889321824
1116,tripura,2025,1,17464159855.708107,6260585074.515974,1292142075.60825,6475520.0,10267509.0,1879048.0,1032353,45840.0,18622077.0,25016887005.832333,1343.3993966318758,0.34773349932985453,0.5513621815654612,0.10090431910468418,16.13696571572618,60.79159528485907,11.186836179600256,34.96785412292416,3.7207129365430136,20.308803546497668,5.692743999446637,23.424878836833596,52.57317858746724,73.8924748446782,31.1472755355509,18.038478117465633,24232.880619160627,33.649068517845706
1117,tripura,2025,2,15758688222.700031,6147123462.053575,1245707761.80565,6198843.0,10787436.0,1766947.0,1069043,47515.0,18753226.0,23151519446.559254,1234.5352979033717,0.3305480880996155,0.5752309495976852,0.09422096230269927,0.7042662319568294,38.98725146591504,-7.456433563609233,22.835487921224875,3.5540168915090042,17.457891556336858,3.6540139616055844,22.470809598680308,36.76118628496996,45.52670186309009,14.182366405209002,17.542068934551743,21656.30329795832,18.32942820981249
1118,tripura,2025,3,17272132604.130512,6810445088.5727215,1379027723.8039324,7108559.0,11889161.0,1794173.0,1109299,49397.0,20791893.0,25461605416.507164,1224.59294189842,0.3418908994962604,0.5718171500786389,0.08629195042510078,10.87102027139224,42.650523765855986,9.978118176132211,27.027979895756516,3.7656109249113445,15.706495549264755,3.9608544670104218,20.843016855444386,39.583771461918985,50.21499696200631,14.427217531059465,18.74327210247192,22952.878724768674,23.286530361745506
1119,tripura,2025,4,17441409359.38092,6857660893.889088,1445075529.367408,7390643.0,11726652.0,1796441.0,1151875,51531.0,20913736.0,25744145782.637417,1230.9682871887364,0.3533870275497405,0.560715311697537,0.08589766075272251,0.5860120576803629,30.42894414085755,1.109672235934811,14.41911693691238,3.8380995565667986,15.729112245308041,4.32010041095614,18.814415162205165,30.31825922648823,33.256455095832834,14.913902896002229,18.156254801953338,22349.77387532277,12.701930923301896
1120,tripura,2026,1,18750566648.78157,7350825480.065079,1575026532.6397154,7907062.0,12274659.0,1915529.0,1191907,52868.0,22097250.0,27676418661.486366,1252.4824881596744,0.3578301372342712,0.5554835556460646,0.08668630711966421,5.659027158036234,18.661575720044542,7.505678747951028,10.630945628982547,3.4753771025501923,15.455372338725226,2.594554734043575,15.331588132635243,22.106981369835932,19.548558467297173,1.941461846637238,18.539407856485447,23220.28368109791,2.7770066618579836
1121,tripura,2026,2,17723168398.892212,7413864418.371696,1606077513.4726696,7972133.0,12958118.0,1932743.0,1242083,55157.0,22862994.0,26743110330.73658,1169.711645409896,0.34869155806977864,0.5667725758052511,0.08453586612497034,3.4653361843668407,21.91499211922259,-3.3722149609210383,15.513413244723795,4.209724416418403,16.18643964742297,4.32965120677915,16.08334210249396,28.606790009038786,20.1223163687831,9.38319032772348,18.40697763353979,21530.85609475098,4.930482842217532
1122,uttar-pradesh,2018,1,13355083925.7629,2109100995.8170123,377582599.1326531,4606138.0,10010877.0,169451.0,4921602,24.0,14786466.0,15841767520.712564,1071.3694212472788,0.31151040417635967,0.6770297243438695,0.011459871479770758,,,,,,,,,,,,3.0044010060138953,3218.8233670078494,
1123,uttar-pradesh,2018,2,24748604242.232025,3182570096.313618,834623865.8777964,7156556.0,12691830.0,489580.0,6777728,342.0,20337966.0,28765798204.42344,1414.3891382463437,0.35188159917269995,0.6240461804292524,0.02407222039804767,37.54446802907469,,81.58199940008683,,37.713858211208475,,1325.0,,,,,3.0007055461653227,4244.165331571795,
1124,uttar-pradesh,2018,3,36152589648.27175,3348576002.405692,1192597470.0804255,14943458.0,13655861.0,728215.0,8443146,5805.0,29327534.0,40693763120.75787,1387.5617063731943,0.5095368059244259,0.46563277362494915,0.024830420450624998,44.20091960031796,,41.46578805694403,,24.57192144624276,,1597.3684210526314,,,,,3.473531548548373,4819.739362644905,
1125,uttar-pradesh,2018,4,53773946471.20892,5422548664.73405,1557541329.7683384,17252893.0,22044677.0,1015326.0,10830097,44207.0,40312896.0,60754036465.71131,1507.0620693117983,0.4279745369819127,0.5468393290325756,0.025186133985511734,37.45750324592583,,49.29569498260704,,28.270872018558002,,661.5331610680448,,,,,3.7223023948908307,5609.740749848437,
1126,uttar-pradesh,2019,1,75435955645.05594,6747825842.384065,2246388169.435621,35228045.0,27231898.0,1586430.0,13103108,234825.0,64046373.0,84430169656.87563,1318.266214027071,0.5500396564220741,0.425190322643251,0.024770020934674942,58.87316306920742,333.1418541793556,38.970469401694444,432.95927709131,20.987909895913216,166.23664408458873,431.19415477186874,978337.5,664.806547263673,172.02310047361485,836.2175496161133,4.88787644885473,6443.522380863809,62.690547602357036
1127,uttar-pradesh,2019,2,97212215614.03156,9936465853.186134,3144338553.531819,30351047.0,35244958.0,1984103.0,15042257,480618.0,67580108.0,110293020020.7495,1632.033793446283,0.4491121411051903,0.5215285835293427,0.02935927536546701,5.517463104429043,232.28548026877417,30.632237823257434,283.4172069099382,14.79915299484671,121.93656930464014,104.67071223251358,140431.57894736843,324.10129956364483,177.69799942167518,305.2663507496221,4.492684043358653,7332.212182038207,49.72092310423353
1128,uttar-pradesh,2019,3,106203485667.85178,11929123210.265783,5696233644.456751,30451139.0,42320219.0,3901349.0,16953678,671645.0,76672707.0,123828842522.57431,1615.0315720895874,0.39715747873620794,0.5519593693229066,0.05088315194088556,13.454549377162884,161.43591547792596,12.272601202939516,204.29440048371754,12.707009327124252,100.79811482591916,39.746118539047636,11470.111972437555,103.77571911400962,209.90516819115248,435.7413675906154,4.522482201207313,7303.951539163025,30.1983914065012
1129,uttar-pradesh,2019,4,142031675828.91815,13154763063.346151,7690995047.733709,45757525.0,43340537.0,8287127.0,18919521,828695.0,97385189.0,162877433939.99802,1672.507242759451,0.4698612332107298,0.4450423872977235,0.0850963794915467,27.014152506706203,141.57328959943735,31.53432643150569,168.09318921866807,11.59537771096042,74.6939201006233,23.38288828175599,1774.5786866333385,165.2165349892334,96.60318452386487,716.2035641754471,5.147339036754683,8608.961819910664,38.28374190715493
1130,uttar-pradesh,2020,1,163816874026.46387,18161512878.25786,8885077278.944054,44357141.0,51336077.0,12419671.0,21194763,979673.0,108112889.0,190863464183.6658,1765.4089715766063,0.410285410095738,0.4748377133830916,0.11487687652117039,11.015740802228159,68.80407732066264,17.18226372228917,126.0607374820343,12.025896427293281,61.75370759364878,18.218765649605693,317.19280315128293,25.91428505328639,88.51450236777474,682.8691464483148,5.100924648225602,9005.218137313723,4.358706722646222
1131,uttar-pradesh,2020,2,164498429070.71915,21027452519.48228,9878572709.372543,43762763.0,47549454.0,18994344.0,23606047,1043964.0,110306561.0,195404454299.57397,1771.4671958594918,0.3967376247003113,0.43106641680180746,0.1721959584978812,2.029056868510848,63.2234162750968,2.3791824880315726,77.16846837888056,11.376791521565966,56.93154956732889,6.562495853208161,117.21283847046928,44.18864364053074,34.91136519442015,857.32650976285,4.672809513596241,8277.72876583589,4.009306430169723
1132,uttar-pradesh,2020,3,228961014450.9387,31245847521.42512,13534584042.900805,60795727.0,63325777.0,17443753.0,26045233,1242714.0,141565257.0,273741446015.26462,1933.6767496227171,0.42945372535861676,0.4473256951739225,0.12322057946746072,28.338020618737268,84.63578832556414,40.08966530291702,121.06436629685922,10.332886315103917,53.62585628911909,19.03801280503925,85.02542265631396,99.65009190625021,49.63480458359633,347.12105992055564,5.435361511260045,10510.232180117744,20.185359929311208
1133,uttar-pradesh,2020,4,313973784173.3403,48783545831.56669,17684862610.935112,81130686.0,86963902.0,23503808.0,28545839,1586664.0,191598396.0,380442192615.8421,1985.6230561337377,0.4234413632565066,0.45388637804671395,0.12267225869677949,35.34280942957635,96.74284967501579,38.978659663625635,133.57575289158362,9.601012208260906,50.880347340717556,27.677325595430634,91.46537628439897,77.30566939536175,100.65257151751487,183.61829135718568,6.711955322104913,13327.413239311063,30.396604423723673
1134,uttar-pradesh,2021,1,351716296139.5026,58953002371.6373,23211529892.894222,94609938.0,89939335.0,42868220.0,30976739,2059413.0,227417493.0,433880828404.0341,1907.8603966671733,0.41601873607849504,0.3954811646789194,0.18850009924258554,18.694883541718177,110.35187858128555,14.046453528395197,127.32524019710519,8.515777027958427,46.152797273552906,29.795155117907758,110.21432661714674,113.29133453393672,75.1971328077913,245.16389363293118,7.341556934059457,14006.665724369312,43.9260024476793
1135,uttar-pradesh,2021,2,433921574862.84375,72559814390.95123,30473770281.913494,116290503.0,93709752.0,63727920.0,33211904,2328409.0,273728175.0,536955159535.7085,1961.6364283132655,0.42483936116550663,0.34234602265550484,0.23281461617898852,20.36372901182233,148.15221553321746,23.756369118870246,174.79166811238812,7.215623955768868,40.69235734386194,13.061780225724506,123.0353728672636,165.729343917339,97.07850273107238,235.50998128706104,8.241869391167697,16167.55123511463,76.37931456839273
1136,uttar-pradesh,2021,3,497630965965.4977,95706873410.85835,34307910200.392715,145996374.0,141458681.0,63220283.0,35903262,2857565.0,350675338.0,627645749576.7488,1789.8200459615691,0.4163291745369331,0.4033893053522914,0.1802815201107755,28.11079385598505,147.71285372653264,16.88978836137045,129.2841506878536,8.1035944220482,37.84964795669134,22.726076045918052,129.94550636751495,140.14249225114125,123.38246398461088,262.4236309697804,9.76722778002734,17481.58007416565,79.69785008399684
1137,uttar-pradesh,2021,4,585855457423.0571,130513273154.08374,35690822373.205025,164806510.0,177938209.0,57980385.0,38739893,3413744.0,400725104.0,752059552950.346,1876.7467908632595,0.41127073985362295,0.44404058349186926,0.14468867665450777,14.272394028461743,109.14846489633452,19.822296806358565,97.68037498137087,7.90076121774117,35.711173176588005,19.46338928423326,115.152294373604,103.13708428399089,104.61157435185004,146.68506907476439,10.343990986242527,19413.051888149148,54.11292968795542
1138,uttar-pradesh,2022,1,746851048546.8452,167114098930.99405,41359129132.80317,215231907.0,241296678.0,64840860.0,41701425,4069314.0,521369445.0,955324276610.6425,1832.3365240758258,0.41282033127200235,0.4628132321793426,0.12436643654865505,30.10650937406707,129.25652645374996,27.02774306408111,120.18126039923457,7.644657149672551,34.62173988036636,19.20384188152362,97.59581977971392,127.4939732018427,168.28826119294743,51.25624530246415,12.50243714693203,22908.67222428592,70.29680841852306
1139,uttar-pradesh,2022,2,883634507671.5525,217006314819.0974,49430563999.0424,254989934.0,322162022.0,78286836.0,44364283,4486248.0,655438792.0,1150071386489.6924,1754.6587118842554,0.3890369888268682,0.4915211396276344,0.11944187154549742,25.714845448988676,139.44878600823608,20.385445512803834,114.18387849818407,6.385532388881199,33.57946295400589,10.245805558381594,92.67439698094277,119.269783363135,243.78708205310372,22.845427875254675,14.774019722126468,25923.362414979012,79.25568849657911
1140,uttar-pradesh,2022,3,929697831546.5962,238496619969.63852,56601563458.07566,295516731.0,391962498.0,88282275.0,47337748,4865043.0,775761504.0,1224796014974.3103,1578.8306182492788,0.3809376070818796,0.5052615990597028,0.1138007938584176,18.357581740447237,121.2192931571367,6.497390454404428,95.1412904174446,6.702384889213686,31.84804210826304,8.443469910713809,70.25135036298387,102.41374693319436,177.08621007147664,39.64232808005621,16.38779909851225,25873.558982449067,67.78352535223027
1141,uttar-pradesh,2022,4,1091519708166.5156,293516673652.5006,61891002082.74872,337143421.0,459462505.0,93491829.0,50213564,5262234.0,890097755.0,1446927383901.765,1625.5825562685134,0.3787712294589486,0.5161933084529575,0.1050354620880939,14.738582722970484,122.12178526254745,18.13619298329556,92.39532005483306,6.075100995509963,29.617198478064964,8.164182721509338,54.14846573146668,104.56923758654924,158.21463955501542,61.24734080327339,17.726241359804693,28815.46874270396,71.36752519777457
1142,uttar-pradesh,2023,1,1248414149539.0254,320071314089.5349,67394574776.59744,384567010.0,521134716.0,105358613.0,53046420,5259389.0,1011060339.0,1635880038405.1577,1617.984580448623,0.38036009836995494,0.5154338429647373,0.10420605866530781,13.589808908123802,93.92397247214976,13.058889935019803,71.2381940307256,5.641615082331142,27.20529334429218,-0.054064490480654204,29.245101262768113,78.67565053911825,115.97260282215736,62.48799445288049,19.059916559873407,30838.651098512542,52.4496091112165
1143,uttar-pradesh,2023,2,1392460935062.545,361293576146.0055,81342963183.65498,447701272.0,651507954.0,121634782.0,55590099,5399393.0,1220844008.0,1835097474392.2053,1503.1383717879585,0.36671455899876115,0.5336537262179035,0.09963171478333537,20.748877283376466,86.26361803742614,12.177997854981303,59.56378846998229,4.795194473067177,25.303724620095846,2.661982218847103,20.35431389437232,75.57605705329529,102.22990591982315,55.37067049177975,21.961536855690795,33011.228751224306,48.649705826504785
1144,uttar-pradesh,2023,3,1396786099966.482,378807099230.86346,87637416281.07538,489387714.0,747622088.0,124423634.0,58422771,5617414.0,1361433436.0,1863230615478.421,1368.5800320526437,0.3594650322661827,0.5491433280767463,0.09139163965707098,11.515756892669282,75.49639018952918,1.5330597681484592,52.125790147798746,5.095641222009695,23.416878639854176,4.03787981352719,15.46483761808477,65.60406320953787,90.73816801728822,40.93840921068244,23.303130144237766,31892.19859972785,42.19804626695307
1145,uttar-pradesh,2023,4,1681679844480.74,478356221654.21387,104854526773.553,576483752.0,869392341.0,131389408.0,61516010,5820508.0,1577265501.0,2264890592908.507,1435.960268878351,0.36549569595892656,0.5512022804333181,0.08330202360775531,15.853295452632032,77.20137952712847,21.557179991213914,56.5310476605283,5.294577691290958,22.50875082278565,3.615435857139948,10.609068315852156,70.99065741520134,89.2194317357844,40.53571248456376,25.639918795123418,36817.9046870645,44.64385469366032
1146,uttar-pradesh,2024,1,1839522667733.1443,529965669667.925,114473269425.2955,653033237.0,989186934.0,152046359.0,64960422,6019346.0,1794266530.0,2483961606826.3647,1384.3883087014751,0.36395553619338816,0.551304344957045,0.0847401188495669,13.758053343740762,77.46384273906328,9.672476657538386,51.842528089529935,5.5992123026184615,22.459577856526415,3.4161623006101927,14.449530164055169,69.80999930285232,89.81405452942421,44.31317447202916,27.620918626421485,38238.076822012714,44.91626203952772
1147,uttar-pradesh,2024,2,1968011476969.917,605811752801.5775,132013713243.2764,736075778.0,1238837502.0,169222802.0,68189228,6248571.0,2144136082.0,2705836943014.771,1261.9707143265036,0.34329713686521507,0.577779326788084,0.07892353634670096,19.499307719907133,75.62735844627252,8.93231745525589,47.44922167750023,4.970420296838585,22.664339921395005,3.8081379605026777,15.727286382006266,64.41225969981161,90.14925211488669,39.12369407625527,31.44391196216505,39681.29604011313,43.177192783833476
1148,uttar-pradesh,2024,3,1952340142179.016,612640350181.4207,150344671360.403,784233917.0,1332554852.0,168343616.0,71327157,6485244.0,2285132385.0,2715325163720.8394,1188.2572675196843,0.3431897084597136,0.5831412047490632,0.07366908679122326,6.575902722950389,67.8475292713466,0.3506575194991868,45.732103217058096,4.601795755775395,22.087938964757427,3.787634004638818,15.44892365063355,60.247978150101254,78.23909611402493,35.298745574333566,32.03734006950536,38068.602169589336,37.48084429519152
1149,uttar-pradesh,2024,4,2306195044072.685,737774383034.4095,166909477472.0299,880393026.0,1489948667.0,172595131.0,74136023,6724830.0,2542936824.0,3210878904579.1245,1262.6656212121156,0.34621112789391106,0.5859165091865451,0.06787236291954377,11.281816348683883,61.22439896059071,18.250254057205527,41.76750588450309,3.938003585366512,20.515005768417026,3.6943251479820916,15.53682255913058,52.71775187863403,71.378168030123,31.36152573272877,34.300960870264106,43310.6440654245,33.7795222533543
1150,uttar-pradesh,2025,1,2376713571070.225,733606161018.6299,178281259325.64594,904244198.0,1524087525.0,190002269.0,77043398,6931337.0,2618333992.0,3288600991414.501,1255.9898780913436,0.34535097537701753,0.5820829312290424,0.0725660933939401,2.9649642605513726,45.927817758490995,2.4205860496493647,32.393390557118316,3.9216765107564555,18.60051955943267,3.070813685996532,15.150998131690718,38.46832699573606,54.07477319145422,24.96337975446028,33.985183156121956,42685.0460491696,23.041465838911577
1151,uttar-pradesh,2025,2,2395027482089.085,784682037304.9282,185258728323.4563,946221765.0,1740462455.0,187420104.0,79721010,7118781.0,2874104324.0,3364968247717.4697,1170.788485170335,0.3292231799307505,0.6055669032144708,0.06520991685477873,9.768437975501797,34.04486534824331,2.3221806629122765,24.359609192426525,3.475459376804735,16.91144237620641,2.7042978865404965,13.926544165057898,28.54950445061377,40.4915860385376,10.753457444818814,36.05203100161425,42209.30276369391,14.655043701286052
1152,uttar-pradesh,2025,3,2248697341090.5166,771618444738.2542,200099793181.10016,968602273.0,1840145039.0,187247305.0,82795120,7328300.0,2995994617.0,3220415579009.8706,1074.9069977417355,0.32329906986611917,0.6142017173724448,0.06249921276143601,4.240983599035153,31.10814220945015,-4.295810779363296,18.601470720247004,3.8560851148273123,16.077975742114603,2.943186480943849,12.999603407366012,23.509357604078218,38.09150416871545,11.229228318346207,36.185642547531785,38896.200392123,12.948336125991222
1153,uttar-pradesh,2025,4,2563667095326.3823,908674782469.4216,224180468510.9749,1056307689.0,1955108328.0,194854047.0,85800260,7586405.0,3206270064.0,3696522346306.779,1152.9042384206282,0.3294506288974914,0.6097765593584757,0.060772811744032804,7.018552229928798,26.08532126081635,14.784016398383248,15.124937942538551,3.629610054312371,15.733561807058361,3.522031030389039,12.811848031846162,19.98137852127875,31.219844770665507,12.896607147046346,37.3690017256358,43082.88047503328,8.944474957934512
1154,uttar-pradesh,2026,1,2604866676165.1934,924541371690.3688,231970382242.1432,1088285716.0,2003989823.0,202202501.0,88629936,7724417.0,3294478040.0,3761378430097.705,1141.7221133147104,0.3303363090561077,0.6082875037163702,0.06137618722752209,2.7511087412878554,25.823445368920673,1.7545162105059298,14.376248134616421,3.2979806821098245,15.038975825027867,1.819201584940422,11.441948357149556,20.353077012499664,31.487843718161802,6.421098055413221,37.17116573343797,42439.141895552144,9.374622354336504
1155,uttar-pradesh,2026,2,2690239782810.8555,1005488472749.8022,242977206013.3307,1167703027.0,2293024606.0,204578607.0,90563992,7866204.0,3665306240.0,3938705461573.9883,1074.591099262142,0.31858266418688114,0.6256024615285625,0.05581487428455637,11.256053174359604,27.52864290252535,4.714416131526478,17.050300972251286,2.1821701417002126,13.601159844813804,1.8355689497343342,10.499311609670258,23.406908421727124,31.748007514474086,9.15510269912132,40.472003928448736,43490.855190813454,12.259983152229559
1156,uttarakhand,2018,1,1462769440.472188,216641496.9216148,31778239.822997823,441316.0,992270.0,17527.0,499946,,1451113.0,1711189177.2168007,1179.2253099633183,0.3041224218927127,0.6837992630484325,0.012078315058854823,,,,,,,,,,,,2.9025394742632202,3422.748011218813,
1157,uttarakhand,2018,2,2653053846.7497587,307655434.81581306,62346595.11836988,683917.0,1238396.0,41154.0,673206,,1963467.0,3023055876.683942,1539.651991443677,0.34832110751033757,0.6307190291458935,0.020959863343768956,35.307656950216824,,76.6640367373556,,34.65574282022459,,,,,,,2.9165916524808155,4490.536145970093,
1158,uttarakhand,2018,3,3697926050.9304247,332233891.26774776,89157525.77785479,1129789.0,1333958.0,59779.0,835826,10.0,2523526.0,4119317467.9760275,1632.3657723265096,0.44770254001742005,0.5286087799372783,0.023688680045301693,28.52398334171138,,36.26335853555573,,24.156053273440815,,,,,,,3.019200168456114,4928.439014790192,
1159,uttarakhand,2018,4,5617534969.014796,531592285.4610245,119779346.04112902,1703009.0,1847664.0,75025.0,1050477,102.0,3625698.0,6268906600.51695,1729.0206190689212,0.4697051436716461,0.509602288993733,0.02069256733462081,43.675872568778765,,52.18313832939645,,25.681302089190815,,919.9999999999999,,,,,3.451477757247422,5967.676208538549,
1160,uttarakhand,2019,1,7564319671.293369,602799357.2895596,175572111.00730336,4072170.0,2334030.0,113508.0,1272751,7020.0,6519708.0,8342691139.590232,1279.6111635045975,0.6245939235315446,0.3579960943036099,0.01740998216484542,79.81938925966807,349.2901655487891,33.08048231093876,387.5376288412118,21.159339995068915,154.57769439099422,6782.352941176471,,822.733370192787,135.2212603424471,547.6179608603868,5.122532215649408,6554.849408556923,76.4844978361478
1161,uttarakhand,2019,2,9931074743.678814,846826379.6150594,218559229.63857365,3080481.0,3147703.0,116912.0,1468181,19747.0,6345096.0,10996460352.932446,1733.064456854939,0.48549005405119167,0.4960843776043735,0.01842556834443482,-2.678218104246388,223.15776124579637,31.80951049174954,263.7531293333126,15.354928025984659,118.08792553839389,181.29629629629628,,350.41737520781027,154.17580483141094,184.08417164795648,4.32173962202208,7489.853330708166,48.17774090336107
1162,uttarakhand,2019,3,10726673392.334972,975061088.2604831,391775494.9071051,2917737.0,3479573.0,293706.0,1653220,28981.0,6691016.0,12093509975.50256,1807.4250570470253,0.436067855763609,0.5200365684374391,0.04389557579895191,5.451769366452464,165.14551464894757,9.976388650167433,193.58043096990403,12.60328256529679,97.79475632488102,46.761533397478104,289710.0,158.25503700248453,160.8457687573372,391.31969420699573,4.047262917216099,7315.1244090336195,34.05083106118438
1163,uttarakhand,2019,4,13494113135.614656,1158127633.241281,581672775.7079766,3960592.0,3887718.0,741841.0,1825409,39058.0,8590151.0,15233913544.563915,1773.4162699309843,0.4610619766753809,0.4525785402375348,0.08635948308708427,28.38335762461186,136.92406262187308,25.967676674702144,143.00750538072603,10.41537121496232,73.76953517306899,34.771056899347855,38192.1568627451,132.56436108088684,110.41260748707558,888.7917360879707,4.705877422539277,8345.47958543204,36.34384323230431
1164,uttarakhand,2020,1,14449409667.93557,1557356422.8648908,691830068.8829079,4002557.0,4599548.0,1124736.0,2023901,48320.0,9726841.0,16698596159.683369,1716.7543048851492,0.4114960859337579,0.47287171652132487,0.1156321975449172,13.232479848142376,49.191359490333,9.614618140209362,100.15838870553648,10.873837041452084,59.0178283104865,23.713451789646168,588.3190883190883,-1.7094816768455146,97.06464784085895,890.8869859393171,4.805986557642889,8250.698112053587,-6.1794761785873735
1165,uttarakhand,2020,2,13107033390.203093,1812801498.9970407,741437377.7211168,3531631.0,4009760.0,1612644.0,2234769,52918.0,9154035.0,15661272266.921251,1710.8599941906766,0.385800469410484,0.43803197169335706,0.1761675588961589,-5.888921182118634,44.26944840550875,-6.212042514487559,42.421031534432196,10.418889066214199,52.213453245887266,9.515728476821185,167.97994632096015,14.645440111463115,27.38685956076543,1279.3656767483235,4.096188465116529,7008.004973633181,-5.218989958493125
1166,uttarakhand,2020,3,19632860143.18273,2993679713.067266,1005238867.8725137,5220599.0,6069189.0,1610633.0,2456247,65658.0,12900421.0,23631778724.12251,1831.8610473350063,0.4046843897575126,0.4704644135257291,0.12485119671675832,40.92606156738532,92.80212452040169,50.89309681459313,95.40876695014644,9.910554513687986,48.57351108745358,24.074983937412608,126.5553293537145,78.92630487257762,74.42338470841105,448.38273647797456,5.252086211199444,9621.092147541558,29.76884177349366
1167,uttarakhand,2020,4,26756965895.96849,4963292262.88559,1414710326.5902374,7078394.0,9591103.0,2249445.0,2685323,85892.0,18918942.0,33134968485.444317,1751.417626072553,0.37414322640240666,0.5069576829401983,0.11889909065739511,46.65367897683339,120.23992360553382,40.21360335276532,117.50792000042716,9.326260754720517,47.10801798391484,30.817265222821288,119.90885349992317,78.72060540444458,146.7026414981745,203.2246802212334,7.045313357089631,12339.28599481117,49.71306569409113
1168,uttarakhand,2021,1,29657690353.4202,5577061615.559372,1821031011.046025,8249581.0,9483409.0,4247882.0,2888932,124324.0,21980872.0,37055782980.0256,1685.8195152597038,0.37530726715482443,0.4314391621952032,0.1932535706499724,16.184467397806923,125.9816110903838,11.832860189088867,121.90957027568618,7.582290845458806,42.74077635220299,44.744562939505414,157.29304635761588,106.10777060763907,106.18132477365165,277.6781395811995,7.608649840148539,12826.810385300034,58.31608659097509
1169,uttarakhand,2021,2,32669370290.19,6405336341.740593,2223393017.802124,9520718.0,9938227.0,5917433.0,3083983,148562.0,25376378.0,41298099649.73271,1627.4229383615232,0.37518033503441667,0.39163299821589986,0.2331866667496835,15.447549123619853,177.21521711463853,11.448460479148093,163.69568797395823,6.751664629004761,38.00007965029049,19.495833467391655,180.74001285006995,169.58416663575554,147.85091875822994,266.93982056796165,8.228442893491955,13391.156711866672,100.88047616866356
1170,uttarakhand,2021,3,40293785570.54443,9291004206.639498,2579790291.960248,12313894.0,14740374.0,6126336.0,3295762,185660.0,33180604.0,52164580069.14418,1572.1407623907082,0.37111723463502955,0.44424670509313213,0.18463606027183832,30.75390033991454,157.20559042220407,26.31230132033884,120.73911861698488,6.867061199753688,34.17876948043093,24.971392415287895,182.76828413902342,135.87128603441866,142.87221900652622,280.3682154780139,10.067657798105568,15827.775206202445,91.68873840336997
1171,uttarakhand,2021,4,43359419483.69867,11948440143.680595,2641193112.578334,13030803.0,18480818.0,5402025.0,3503291,226561.0,36913646.0,57949052739.957596,1569.854485248019,0.3530077467828564,0.5006500306146946,0.14634222260244897,11.250675243886455,95.11474796000749,11.088889555223291,74.88790660964028,6.296844250282629,30.46069318290574,22.030054939136058,163.77427467051646,84.09264869969091,92.68709761536292,140.1492368117469,10.536848352021,16541.318645798365,49.55826402551522
1172,uttarakhand,2022,1,51878372736.00059,14354915246.715397,3014812046.287325,15762028.0,23662761.0,5840799.0,3709608,269957.0,45265588.0,69248100029.00331,1529.8177509370541,0.3482121562189803,0.5227538632658434,0.12903398051517634,22.6256219718854,105.93172099814785,19.49824329268921,86.87528493549989,5.889233866099053,28.407591455942892,19.15422336589263,117.13989253885009,91.064588613652,149.51745727723016,37.499087780686935,12.202256410919968,18667.22845891084,60.373478439398795
1173,uttarakhand,2022,2,65280816871.05847,19273713114.879646,3665282515.822317,19583241.0,34095311.0,6981950.0,3904801,302643.0,60660502.0,88219812501.76042,1454.3205148839754,0.3228334806724811,0.5620677356082546,0.11509878371926431,34.01019335041002,139.04318417703269,27.396726357562386,113.61712342696472,5.261822812545147,26.615516363092784,12.107854213819236,103.71494729473216,105.69079979052,243.07237095711338,17.989506598553806,15.534851071795977,22592.652609380202,88.79454196714191
1174,uttarakhand,2022,3,67452365190.43675,21009815497.300537,4065096074.860195,21811880.0,38433164.0,7764248.0,4107474,329037.0,68009292.0,92527276762.59749,1360.5093369093959,0.32071911585258084,0.5651163667458853,0.1141645174015339,12.114621141776905,104.96701024490092,4.882649530400118,77.37567644549716,5.190354130722663,24.628962892344774,8.721166522932954,77.2255736292147,77.13227026316775,160.7339813765919,26.735588776064525,16.557449176793327,22526.564200430115,64.46177958004237
1175,uttarakhand,2022,4,73601206046.04071,24061733579.63743,4349922860.844107,23524459.0,43930404.0,7847037.0,4296902,351700.0,75301900.0,102012862486.52223,1354.7183070616045,0.3124019314253691,0.5833903792600187,0.10420768931461225,10.722958268702465,103.99475034246142,10.251664218176938,76.03887839944159,4.611788169566022,22.65329942616814,6.887675246248892,55.234131205282466,80.5296189344586,137.70811443519437,45.26102711483193,17.52469569936666,23741.02608961578,66.31819225153193
1176,uttarakhand,2023,1,78027650710.79749,24289618171.18301,4596875203.779652,25042420.0,46907377.0,8366841.0,4480029,354593.0,80316638.0,106914144085.76015,1331.1581105494001,0.31179616855974474,0.5840306338519797,0.10417319758827555,6.659510583398287,77.43420896244626,4.804572168421872,54.39289170530468,4.261837947432823,20.76825907211759,0.8225760591413112,31.35165970876843,58.878159587078514,98.23289851932324,43.248226826500954,17.92770493226718,23864.609824123938,46.92122775115124
1177,uttarakhand,2023,2,97245269489.9212,30668591846.624287,5762630056.843037,31621034.0,62644014.0,9854273.0,4650851,367202.0,104119321.0,133676491393.38852,1283.877863488838,0.30369996362154533,0.6016559981216166,0.09464403825683804,29.636054985269666,71.64269593416816,25.031624708290433,51.52661018262879,3.812966389280059,19.105967243913334,3.555907759036425,21.331734089339594,61.469871100498644,83.73205042769665,41.139266250832506,22.387154737917857,28742.372394511996,44.109233068622444
1178,uttarakhand,2023,3,91814881893.88148,30817116881.929146,5883386448.912888,32160873.0,64961081.0,9662996.0,4823928,379354.0,106784950.0,128515385224.72353,1203.4971709470626,0.3011742104107367,0.608335547284519,0.09049024230474426,2.560167483228204,57.01523550634817,-3.8608929026096916,38.89459381200939,3.7214049643817804,17.442691055378567,3.3093501669380965,15.292201181022191,47.44658873971432,69.02350532472423,24.455014832086764,22.13651406074054,26641.232046731115,33.695195584636004
1179,uttarakhand,2023,4,104699069355.22476,36777535917.69063,6728777836.322964,36002854.0,73541105.0,9563661.0,4999454,391364.0,119107620.0,148205383109.23837,1244.298081929925,0.3022716262821808,0.6174340902790266,0.08029428343879258,11.539706672148098,58.17345910262557,15.321121163886087,45.281074853496065,3.638652981553614,16.350198352208167,3.1659083600014792,11.277793574068816,53.044344186618694,67.40366193764117,21.87607883077396,23.82412559451492,29644.31378091255,35.946015857929694
1180,uttarakhand,2024,1,105873583413.32202,37287837596.21999,7154115361.668196,37475805.0,76012656.0,10391543.0,5206546,403865.0,123880004.0,150315536371.2102,1213.396282835204,0.30251698248249975,0.6135990760865652,0.08388394143093506,4.00678310925866,54.239528800993895,1.4238033853443133,40.59462165327354,4.14229233832335,16.216792346656696,3.1942130599646346,13.895367364838007,49.64929507611484,62.048404454591434,24.199121269305813,23.79312580739707,28870.490411725972,32.71707615274843
1181,uttarakhand,2024,2,124823589774.9772,46891186821.48316,8546180649.733288,46074342.0,101329050.0,11957468.0,5419938,417986.0,159360860.0,180260957246.19363,1131.1495008635975,0.2891195617292728,0.6358465309486909,0.07503390732203628,28.64131002126864,53.055992364760044,19.921707095553987,34.848659900651114,4.098532885333195,16.536479022871298,3.496465403043092,13.829990032734019,45.707891778617984,61.753763096981615,21.342974768407565,29.402709034678995,33258.85964861473,31.33740923708659
1182,uttarakhand,2024,3,118773529712.8272,45253279391.78373,9388794050.761044,46985206.0,100726911.0,11785368.0,5624430,430448.0,159497485.0,173415603155.37198,1087.2623048280163,0.29458273903190385,0.6315266413134978,0.07389061965459831,0.08573309657089467,49.36326233237924,-3.797469066733361,34.937620777571034,3.7729582884527435,16.594401906496124,2.981439569746347,13.468686240292715,46.09431155677895,55.057319628040055,21.963912641586525,28.35798205329251,30832.564927534342,28.105003233484904
1183,uttarakhand,2024,4,132966091699.80383,51735775862.29909,10095028157.41001,50703178.0,108904701.0,11604501.0,5801849,441710.0,171212380.0,194796895719.5129,1137.7500605944085,0.29614200795526585,0.6360795930761549,0.06777839896857926,7.344877569699615,43.745950091186444,12.329509095547952,31.437125718930957,3.1544352049896585,16.049652622066326,2.616343902167051,12.864238918244908,40.83099634267884,48.086843405466915,21.339526777454786,29.50996828769587,33574.968207465055,23.86590295045292
1184,uttarakhand,2025,1,133288194540.69508,49294301042.70413,10719574786.37984,51173488.0,111485158.0,12696604.0,5979871,450722.0,175355250.0,193302070369.77908,1102.3454978951534,0.291827521559805,0.6357674378155203,0.07240504062467477,2.4197257231048264,41.55250592339341,-0.767376371277606,28.59753225535644,3.068366653458243,14.852937052702497,2.0402526544565536,11.602144280885929,36.55073720230959,46.66657352428258,22.182085952009235,29.324252981377022,32325.45825315949,23.24674453770328
1185,uttarakhand,2025,2,146755237645.08243,57454550649.6799,11727977329.173485,56901615.0,132692694.0,12983865.0,6152816,459615.0,202578174.0,215937765623.93582,1065.9478331754328,0.2808871946886045,0.6550196962482246,0.06409310906317084,15.524441954261414,27.119152092929212,11.71001180217861,19.79175575386307,2.8921192447127986,13.521888995778175,1.9730565625818208,9.959424478331801,23.49957162708911,30.952272818110906,8.583731940574712,32.92446483041261,35095.76194443907,11.9776575402623
1186,uttarakhand,2025,3,132585848850.99255,53580216761.2345,12084337308.197208,55559813.0,129419380.0,12732437.0,6335256,468380.0,197711630.0,198250402920.42426,1002.725044148512,0.28101438949241375,0.6545865814772758,0.06439902903031046,-2.402304208744621,23.959089386268385,-8.190953839132897,14.320971880945166,2.965146365501581,12.638187336316742,1.9070308845446693,8.812214251198757,18.249589030215162,28.48540545435767,8.035973081196946,31.208151651645963,31293.195242690155,10.05067847563057
1187,uttarakhand,2025,4,146363951939.1096,60509173858.93759,13206168375.78094,58829901.0,132326331.0,12588948.0,6515385,477700.0,203745180.0,220079294173.82812,1080.1693280490274,0.28874254105054165,0.6494697494193482,0.06178770953011011,3.0516920021346206,19.001429686334603,11.010767661423504,12.97885079786858,2.843278945633765,12.298424174776002,1.989837311584619,8.147879830658123,16.02803477131158,21.50653716959381,8.48332039438835,31.271395320460726,33778.40207045756,5.968922147230105
1188,uttarakhand,2026,1,144945431868.5817,58852337789.636826,13805193139.634434,59360705.0,132495130.0,12883179.0,6690656,484584.0,204739014.0,217602962797.85294,1062.8309599940387,0.28993352971798525,0.6471415848471361,0.06292488543487858,0.4877828275495988,16.756706172184742,-1.125199617379391,12.571459985703836,2.690109640489391,11.886293199301456,1.44107180238644,7.512834962571158,15.998942655618853,18.845532783834784,1.4694874314423068,30.600738402930894,32523.41217331349,4.353002350527158
1189,uttarakhand,2026,2,167693683641.83484,71763489371.60446,15777429763.077404,69429535.0,163964261.0,13632986.0,6755122,493992.0,247026782.0,255234602776.5167,1033.2264409148831,0.2810607596386047,0.6637509490772543,0.055188291284141,20.654474774407184,21.941459498001016,17.293716728306908,18.198223473803044,0.9635228593429357,9.789111197214417,1.94145906592047,7.479520903364767,22.016809188983476,23.56690941853965,4.999443540116899,36.56881134049097,37783.86278982329,11.06881016547927
1190,west-bengal,2018,1,6238258302.925767,1109548065.590602,275845708.1847661,3872380.0,5952060.0,327081.0,2576622,29.0,10151521.0,7623652076.701135,750.986189823292,0.38145810859279117,0.5863219905667338,0.03221990084047504,,,,,,,,,,,,3.939856525326571,2958.7778404054357,
1191,west-bengal,2018,2,12160539864.99687,1719436697.442026,546463785.2360734,7871746.0,8205192.0,706759.0,3795442,153.0,16783697.0,14426440347.674969,859.5508097932756,0.46901144604791184,0.4888787017544466,0.04210985219764156,65.3318453461309,,89.23266962515292,,47.30301922439535,,427.5862068965517,,,,,4.422066520842632,3800.9908589500164,
1192,west-bengal,2018,3,35722819705.76487,2074413986.2528336,870803041.9845203,43410545.0,9636974.0,983932.0,4790914,387.0,54031451.0,38668036734.00222,715.6579365970057,0.8034310424126866,0.17835860080825888,0.01821035677905448,221.92818423735844,,168.03588274105428,,26.22809148447005,,152.94117647058823,,,,,11.27790041733164,8071.118941814071,
1193,west-bengal,2018,4,29218222752.069386,3370640825.9916806,1162405647.8517892,16024961.0,16379853.0,1150258.0,6251947,2273.0,33555072.0,33751269225.912853,1005.8470214551426,0.4775719450102804,0.488148349078196,0.0342797059115236,-37.8971480888048,,-12.715327498812146,,30.495913723352164,,487.3385012919897,,,,,5.367139548687793,5398.521328781714,
1194,west-bengal,2019,1,37686475350.66948,3836114346.355336,1398791837.91248,24963489.0,16502874.0,1634979.0,7438601,160231.0,43101342.0,42921381534.9373,995.8247131826499,0.5791812468391355,0.3828853867241535,0.03793336643671095,28.449558981724145,324.5801392717406,27.169681375964405,463.0028902566342,18.980551178696814,188.6958583758114,6949.318081830181,552420.6896551724,544.6549408890656,177.26323323353594,399.8697570326616,5.794280671862895,5770.087888157639,47.06831669162401
1195,west-bengal,2019,2,46400816059.13416,6332504322.419497,1985524827.9912548,19337897.0,23489670.0,1753333.0,8602074,408272.0,44580900.0,54718845209.544914,1227.4055752473573,0.4337708974022507,0.5268998607026776,0.03932924189507166,3.4327423030122928,165.62026232956896,27.486216083246685,279.29554270373876,15.641019057212514,126.64221979943311,154.80212942564174,266744.44444444444,145.66210596734192,186.27812731256012,148.08074605346374,5.182575736967619,6361.122353695739,17.19805010938802
1196,west-bengal,2019,3,53876800796.96941,9104602664.208382,3442385571.5644846,20140625.0,37079581.0,2823745.0,9692554,557605.0,60043951.0,66423789032.74228,1106.2528019307438,0.33543137426116415,0.6175406578424528,0.047027967896383104,34.685371986657955,11.127778152765133,21.391065141037746,71.77957466439824,12.676942793098501,102.31116651227721,36.57684092957636,143983.97932816538,-53.60430282550011,284.76373392726805,186.9857876357309,6.194853389519419,6853.073919706022,-45.07086283543258
1197,west-bengal,2019,4,71533571698.40764,7291553887.882013,4105712844.706466,61838956.0,24001204.0,5108751.0,10931174,667857.0,90948911.0,82930838430.99612,911.8398177521458,0.6799306920783251,0.2638976512868857,0.05617165663478917,51.470563620971575,171.04370689474305,24.851110782188336,145.71176235151833,12.779087947304713,74.84431649852439,19.772419544301066,29282.182138143424,285.89146020386573,46.52881194965548,344.1395756430296,8.32014118520115,7586.636021985939,55.020027143421935
1198,west-bengal,2020,1,77844336113.54482,9445739816.197874,4276450058.604469,26827077.0,29827673.0,7338804.0,12052575,775932.0,63993554.0,91566525988.34715,1430.8710841149275,0.41921530096609416,0.46610433607109863,0.11468036296280716,-29.637910672729216,48.47230046804576,10.413119800466596,113.33545825828905,10.258742565071245,62.027443063554564,16.182356402643073,384.2583520042938,7.465254556364287,80.74229373623044,348.8622789650509,5.309533771828842,7597.258344241554,-8.3659547661885
1199,west-bengal,2020,2,83784498314.53636,10697319489.337654,4796559420.703645,24627758.0,23778596.0,10356741.0,13339774,813620.0,58763095.0,99278377224.57767,1689.4681470500773,0.4191024655866067,0.40465186525658664,0.17624566915680667,-8.173415403682693,31.81226713682317,8.422129323997641,81.43361184687426,10.679867165315304,55.076252540956986,4.8571266554285675,99.2838107928048,27.35489283038377,1.2300130227457462,490.6887624883579,4.40510423939716,7442.283296896759,-15.001642755063083
1200,west-bengal,2020,3,123763472270.57349,17080032575.633093,6581445445.767563,35010257.0,33531712.0,10225685.0,14612656,922488.0,78767654.0,147424950291.97412,1871.6432800191576,0.4444750506343632,0.4257040840647609,0.12982086530087592,34.04272528531727,31.18332935818964,48.496535110041194,121.94601126910109,9.542005734130132,50.76166715191888,13.380693689928957,65.43754091157719,73.82904949573313,-9.568255369444433,262.13202679420414,5.390372154110793,10088.853819043856,-12.98628369106627
1201,west-bengal,2020,4,160715495554.84338,24435764568.810997,9096892842.76675,45232541.0,42774024.0,13258584.0,15870777,1136123.0,101265149.0,194248152966.42114,1918.2132736152014,0.446674314378385,0.4223962974665647,0.13092938815505026,28.561844688176198,11.342893374501205,31.760704400248386,134.22909576399408,8.609803720829401,45.18822040523736,23.15856683230568,70.11471018496474,-26.85429391789861,78.2161594893323,159.52691763603278,6.38060436486506,12239.35998637125,-23.311345050080412
1202,west-bengal,2021,1,190737993369.13483,28161041602.89664,12230190967.156412,51079144.0,38286845.0,25635970.0,16981214,1344929.0,115001959.0,231129225939.18787,2009.785119740333,0.444158903414854,0.3329234156785103,0.2229176809066357,13.565190132688198,79.708660969197,18.986575887361056,152.41672482867986,6.996739983177891,40.89282995542447,18.3788198989018,73.33078156333286,90.40145148873282,28.36014730347889,249.32081576235038,6.772304912946742,13610.877640384713,27.549898050917875
1203,west-bengal,2021,2,218182728500.98743,32455434148.456184,16033512672.080397,61512765.0,41133183.0,36102795.0,18090085,1467960.0,138748743.0,266671675321.524,1921.9754323938198,0.4433392596572929,0.2964580587227374,0.2602026816199697,20.649025639641504,136.11544456601544,15.377739114519272,168.61002644945117,6.529986607553506,35.61013102620778,9.147769138742646,80.42329342936505,149.7700562105572,72.98406937062222,248.59223572357365,7.669877891673809,14741.316877257568,74.11342558203424
1204,west-bengal,2021,3,277566204179.3601,47345317744.91184,19565196455.042103,79783224.0,57001307.0,39116796.0,19374188,1640034.0,175901327.0,344476718379.3141,1958.3520161807198,0.45356806205333516,0.3240527400910398,0.22237919785562504,26.77687970117322,123.3167018024937,29.17634314329827,133.66242803343687,7.098380134753368,32.58498660339366,11.721981525382152,77.78377604911935,127.88528516086015,69.99223600632143,282.53472505753894,9.079158672353133,17780.188691227424,68.43287277352839
1205,west-bengal,2021,4,308619824875.1457,57757202146.956894,19474669648.787018,87580931.0,67551823.0,34629128.0,20723757,1841977.0,189761882.0,385851696670.88965,2033.3467006344806,0.4615306829640317,0.3559820459622128,0.18248727107375548,7.879733050564197,87.39110530514304,12.010965062090584,98.63854084501395,6.965809354177832,30.57808700859448,12.313342284367268,62.128308290563616,93.62372545022399,57.92721068282003,161.1827024665681,9.156731667911373,18618.810125542856,43.508845624924184
1206,west-bengal,2022,1,413027484108.9732,77443695864.56656,21705101469.77173,115561007.0,92376770.0,36139836.0,21954680,2052296.0,244077613.0,512176281443.3115,2098.415643893205,0.4734600833711038,0.37847293270604054,0.14806698392285572,28.623098816020388,112.23778718412962,32.739154929820046,121.59736803603955,5.9396710741203895,29.28804736810926,11.418112169695927,52.59511840401985,126.23912217479605,141.2754824796872,40.973156077183745,11.117338672210208,23328.79738822481,64.15886194014955
1207,west-bengal,2022,2,483634278400.1205,96574772357.7236,25497984812.052967,135617157.0,119264274.0,43931757.0,23181627,2198980.0,298813188.0,605707035569.8971,2027.042513163432,0.45385264923447755,0.3991265405595151,0.14702081020600738,22.425479472384048,115.36280728683792,18.261438007831245,127.13587216925113,5.588544219273528,28.145484114640706,7.1473120836370585,49.798359628327745,120.4699414828776,189.94662046941517,21.685196395459137,12.890086964128963,26128.754274663166,68.06117576033456
1208,west-bengal,2022,3,546268394655.63385,117184443773.7198,32212377068.94464,164053490.0,147555161.0,52520673.0,24486749,2336122.0,364129324.0,695665215498.2983,1910.4894048530361,0.4505363319763832,0.40522734994009985,0.14423631808351695,21.858518506887314,107.007718594414,14.851764078282748,101.94839836237631,5.6299844700287816,26.388517547161207,6.2366187959872255,42.44351031746903,105.62404196651669,158.8627678309201,34.266295736491294,14.870464184526904,28409.864269785194,63.7868080200958
1209,west-bengal,2022,4,586495685971.9928,129026831532.86916,34223849498.718464,177653143.0,168668806.0,54136987.0,25739668,2460123.0,400458936.0,749746367003.5804,1872.2178470842775,0.4436238700888922,0.42118876827860324,0.13518736163250455,9.977117909899501,111.03233788543476,7.774019787167918,94.3094648727366,5.1167225179626685,24.203676003342434,5.307984771343288,33.55883379651321,102.84454729077952,149.68801508139907,56.33367089116423,15.558045892433423,29128.051185570086,69.90828667563405
1210,west-bengal,2023,1,711500100260.1025,150507863313.188,36854497131.77785,209283878.0,200591201.0,59058589.0,26980199,2476853.0,468933668.0,898862460705.0684,1916.8221905215566,0.44629740255715655,0.42776028826320056,0.12594230917964286,17.099064559268573,92.12481728096873,19.888871792395868,75.49865022489446,4.81952991779071,22.890422452069448,0.6800472984480832,20.686928201390042,81.10250458443997,117.14463603782642,63.41687051374556,17.38066009075767,33315.634947876715,56.338316239333096
1211,west-bengal,2023,2,796345798781.7795,172127707905.6635,43380087291.69417,240193606.0,249804214.0,67203833.0,28151830,2540990.0,557201653.0,1011853593979.1373,1815.955836690846,0.4310712373281491,0.4483192263609455,0.12060953631090537,18.823128093246666,86.47157333631472,12.57045857554655,67.05330045029201,4.342558778013461,21.440268191701996,2.5894552482525146,15.553120082947558,77.11151841945781,109.45435344703478,52.9732421127614,19.79273294133987,35942.72890888931,53.55003419619946
1212,west-bengal,2023,3,830359347243.5255,193756385887.3784,49391496681.3703,270924969.0,298345848.0,72883447.0,29423200,2645684.0,642154264.0,1073507229812.2742,1671.727947620191,0.4219001323956014,0.4646015213565568,0.11349834624784177,15.246295581251612,76.35335076721259,6.093137999409826,54.31377132222015,4.516118490343257,20.15968310043934,4.120205116903253,13.25110589258609,65.1442886097699,102.19275691752996,38.77096929051156,21.824759509502705,36485.0604221252,46.76582545561638
1213,west-bengal,2023,4,963858233914.024,231321591400.55017,58389504348.63153,317862227.0,354140336.0,75785796.0,30766242,2741155.0,747788359.0,1253569329663.2058,1676.3691418512785,0.4250697716464452,0.47358364400534886,0.10134658434820594,16.44995617439364,86.73284368912174,16.77325451104967,67.19912024024777,4.564568095924315,19.528511401157147,3.608556426239873,11.423493865957113,78.92294030508653,109.96196297257241,39.98894323394835,24.30548258055046,40744.96097583858,56.224520409541334
1214,west-bengal,2024,1,1099859510197.5376,261472890042.75717,61633769764.9934,355342023.0,403108218.0,84631995.0,32233492,2845547.0,843082236.0,1422966170005.288,1687.814200375689,0.42147967046004753,0.47813629654035317,0.10038403299959935,12.74342878611192,79.7870985881099,13.513160886569707,58.30744215184072,4.769025739315191,19.470920136652815,3.80832167462255,14.88558263247759,69.78948708127437,100.9600700281963,43.30175582081719,26.155473195395647,44145.57907673447,50.48607509046259
1215,west-bengal,2024,2,1180677392601.6338,293647271664.3669,71673328842.29364,393501626.0,499564293.0,95733729.0,33696097,2941809.0,988799648.0,1545997993108.2944,1563.509853826621,0.39795890582679494,0.5052229680809919,0.09681812609221317,17.283890678488923,77.45813255869865,8.646152360920079,52.78870404844065,4.537531955892327,19.694161978102322,3.382899667445316,15.774127407034255,63.82685307618055,99.9823321635399,42.45278092992106,29.344634424574455,45880.62507976204,48.2596390884662
1216,west-bengal,2024,3,1208592247507.6711,314472902449.71216,84988296989.72052,436505032.0,554209559.0,100285771.0,35120561,3036684.0,1091000362.0,1608053446947.1038,1473.9256767974416,0.40009613855655163,0.5079829286069476,0.09192093283650074,10.335836405961185,69.89692713463008,4.01394142265632,49.794375136933766,4.227385741440615,19.363498871638708,3.2250564193664566,14.77878688460148,61.11657541612563,85.76077485750699,37.597458857839136,31.064434363676593,45786.667443811726,42.33574647249079
1217,west-bengal,2024,4,1361827278820.301,357194100819.6271,91726162370.75008,493207369.0,636340603.0,100854212.0,36468735,3131480.0,1230402184.0,1810747542010.6782,1471.6712677833464,0.40085053116258124,0.517180976492805,0.08196849234461372,12.777431324078691,64.53882561710218,12.604935205878265,44.44733922272719,3.8387029182136434,18.534902637767715,3.12169458527789,14.239435566394466,55.16388142589839,79.68599967669314,33.07798733155749,33.73854848543554,49652.05242273082,38.81044481887197
1218,west-bengal,2025,1,1447673088364.3677,370151979608.3955,96022270950.04192,517424510.0,677544402.0,109081452.0,37781664,3221457.0,1304050364.0,1913847338922.8052,1467.617656309174,0.3967826123010077,0.5195691981724718,0.08364818952652046,5.985699713289838,54.676531934424474,5.693769811646043,34.49703719349089,3.600149552760734,17.21244474535988,2.873305912859103,13.210465334081633,45.613092882065345,68.08002708592757,28.88914174834234,34.51542960098317,50655.453897499196,31.9625507943752
1219,west-bengal,2025,2,1440793308249.4573,393773758084.7512,100409443769.78806,534561791.0,764023386.0,111962112.0,39021346,3307755.0,1410547289.0,1934976510103.9966,1371.7913076673863,0.378974739215567,0.5416503168367013,0.07937494394773177,8.166626684059564,42.6524869677138,1.1040154954618187,25.160350707418733,3.2811736402081237,15.803756144220493,2.678849973785158,12.439488763546503,35.84741604091872,52.937949470299706,16.951583490495814,36.14809414826439,49587.6413413314,23.18468046067197
1220,west-bengal,2025,3,1444480288399.4023,424514402665.9608,112777258232.7218,575352040.0,845070081.0,114519341.0,40328474,3397402.0,1534941462.0,1981771949298.085,1291.1058814685175,0.3748364704738167,0.5505552504255696,0.07460827910061367,8.818858748662617,40.691196397604855,2.418398308699543,23.240427926104523,3.3497768119018723,14.828672582992052,2.71020677166236,11.878680824214838,31.808798941864215,52.48204713841827,14.193010491986936,38.06098544665985,49140.762164670174,22.52270555154312
1221,west-bengal,2025,4,1507019236673.537,453284513011.4431,122466116790.08768,603154869.0,878593910.0,113921300.0,41514118,3501166.0,1595670079.0,2082769866475.0679,1305.2634713689256,0.3779947226797627,0.5506112582812929,0.07139401903894445,3.9564125736021083,29.686869850354558,5.09634406788102,15.022653249736418,2.9399674284724897,13.834817686985845,3.0542161333866336,11.805472172902265,22.2923473797489,38.06975475993632,12.956412767371583,38.436805498312644,50170.158173059775,13.925486494788842
1222,west-bengal,2026,1,1657761131911.3848,494861726116.8507,128146981420.12093,643075471.0,929319640.0,119448284.0,42771072,3567960.0,1691843395.0,2280769839448.3564,1348.0974930592536,0.3801034261802937,0.5492941265997022,0.07060244722000407,6.027142907904337,29.737580825520936,9.506569888510462,19.171983734714757,3.0277747921803266,13.20589797209568,1.9077644419030593,10.75609576660499,24.283921339559278,37.15996136294548,9.50375321369943,39.55578656059871,53325.05669833004,14.603199258664223
1223,west-bengal,2026,2,1577573871700.484,502117923105.22217,132146318894.60046,653298215.0,1005841996.0,123212798.0,43272502,3631496.0,1782353009.0,2211838113700.3066,1240.965231091495,0.36653693836247225,0.5643337716608304,0.06912928997669732,5.349763120362572,26.358968812991,-3.022300828246749,14.308266904047851,1.1723578029561699,10.894437111421018,1.7807374522135877,9.787333100547047,22.211917499356026,31.650681697850548,10.048654673466672,41.18904446523568,51114.172083239064,13.945272733592585
